frame,time,left_shoulder_x,left_shoulder_y,left_shoulder_confidence,right_shoulder_x,right_shoulder_y,right_shoulder_confidence,left_elbow_x,left_elbow_y,left_elbow_confidence,right_elbow_x,right_elbow_y,right_elbow_confidence,left_wrist_x,left_wrist_y,left_wrist_confidence,right_wrist_x,right_wrist_y,right_wrist_confidence,left_hip_x,left_hip_y,left_hip_confidence,right_hip_x,right_hip_y,right_hip_confidence,left_knee_x,left_knee_y,left_knee_confidence,right_knee_x,right_knee_y,right_knee_confidence,left_ankle_x,left_ankle_y,left_ankle_confidence,right_ankle_x,right_ankle_y,right_ankle_confidence,left_shoulder_interpolated,right_shoulder_interpolated,left_elbow_interpolated,right_elbow_interpolated,left_wrist_interpolated,right_wrist_interpolated,left_hip_interpolated,right_hip_interpolated,left_knee_interpolated,right_knee_interpolated,left_ankle_interpolated,right_ankle_interpolated
250,5.0,0.56452435,0.538778,0.7904064,0.5204303,0.5385671,0.8471014,0.5588666,0.6417619,0.86692995,0.5136592,0.6190015,0.8537937,0.5117618,0.6893428,0.7109407,0.49364042,0.6690562,0.666133,0.566551,0.6759328,0.74265,0.5310655,0.67140055,0.6981451,0.5025599833333333,0.7259811833333334,0.4838438,0.4783572,0.7090835,0.87767005,0.5223313,0.8571325,0.8662825,0.49824244,0.84115285,0.8391482,False,False,False,False,False,False,False,False,True,False,False,False
251,5.02,0.5637618,0.5380839,0.90770555,0.5202678,0.5371027,0.750834,0.5593736,0.64095145,0.8072214,0.51364326,0.618142,0.8182534,0.50971806,0.6891306,0.70061094,0.49410427,0.66737163,0.7450743,0.567688,0.6760004,0.7778774,0.5319494,0.6731495,0.7387035,0.50276405,0.7261935,0.7676097,0.47883824,0.70941484,0.85511976,0.52243304,0.8572002,0.93927574,0.49870962,0.84028244,0.9214509,False,False,False,False,False,False,False,False,False,False,False,False
252,5.04,0.5637458,0.53880566,0.86779344,0.5203725,0.5377353,0.7330427,0.55998003,0.6407169,0.75163597,0.5131415,0.61792284,0.8619786,0.5096664,0.6895349,0.6723164,0.49472478,0.66700804,0.69357514,0.566703,0.6738372,0.9050234,0.5318392,0.6710649,0.64874536,0.5025599000000001,0.72624043,0.51087946,0.47870064,0.71103036,0.8610111,0.522625,0.8584278,0.888232,0.4992545,0.84137166,0.8669345,False,False,False,False,False,False,False,False,True,False,False,False
253,5.06,0.5633156,0.540864,0.8382424,0.52108806,0.53923887,0.70148706,0.55946994,0.6407118,0.73887724,0.5136927,0.61991364,0.68424684,0.50961525,0.68958365,0.55729765,0.49455696,0.6668454,0.68271846,0.56606394,0.67708135,0.83668286,0.5307879,0.6732894,0.7490769,0.50235575,0.72628736,0.6930845,0.47866186,0.71015227,0.83630025,0.5212849,0.857592,0.74028945,0.49833524,0.84143484,0.8658569,False,False,False,False,True,False,False,False,False,False,False,False
254,5.08,0.5628484,0.5401452,0.85080683,0.5211067,0.5383191,0.7076676,0.5595627,0.6412917,0.8606889,0.514434,0.6164416,0.7624325,0.5095641,0.6896324,0.72097224,0.4942094649999999,0.6676542249999999,0.56810606,0.564866,0.67585176,0.890618,0.53084314,0.67106706,0.6095149,0.50273269,0.72720068,0.5262038,0.47879976,0.71160144,0.840559,0.5221082,0.8567668,0.9526652,0.4988271,0.84015715,0.8753736,False,False,False,False,False,True,False,False,True,False,False,False
255,5.1,0.5633703,0.54129225,0.88726705,0.5209211,0.53912956,0.80663246,0.5593566,0.6414879,0.74351543,0.51344323,0.62076706,0.8003705,0.5104012,0.69032997,0.7352095,0.49386197,0.66846305,0.6847682,0.5658004,0.676356,0.7531911,0.5306176,0.670921,0.6261805,0.50310963,0.728114,0.73429155,0.47924027,0.71110773,0.86238694,0.5225123,0.85760355,0.907815,0.49823037,0.8416412,0.83477956,False,False,False,False,False,False,False,False,False,False,False,False
256,5.12,0.5625674,0.54160076,0.8501887,0.5212439,0.53885156,0.6990717,0.5593162,0.64194804,0.66406286,0.5140052,0.61969846,0.70038927,0.51018924,0.69019336,0.6686296,0.4940528,0.66858494,0.643888,0.5653935,0.6785465,0.78296256,0.5304562,0.673855,0.66612804,0.50367635,0.72845924,0.72221446,0.47894093,0.7105124,0.801165,0.52160925,0.8567567,0.91684484,0.49825656,0.8407191,0.8324418,False,False,False,False,False,False,False,False,False,False,False,False
257,5.14,0.562811,0.54131216,0.8574193,0.52114695,0.5396175,0.7953052,0.559441,0.6416192,0.8261033,0.51419145,0.61763114,0.73151904,0.5109692,0.6894849,0.6790307,0.49396482,0.67075175,0.6535923,0.5643024,0.6770472,0.83410585,0.530735,0.66980034,0.6919593,0.50341016,0.727963835,0.4358305,0.47999114,0.71474403,0.8004039,0.5222707,0.8588128,0.9243603,0.49899605,0.84072006,0.8558815,False,False,False,False,False,False,False,False,True,False,False,False
258,5.16,0.56426316,0.53994614,0.71093947,0.52098405,0.5388995,0.7762938,0.55903894,0.6418264,0.7717061,0.5137259,0.6200594,0.8346854,0.51028645,0.691651,0.6983082,0.49367866,0.6686405,0.7257129,0.56653696,0.67589414,0.73251027,0.53190696,0.6714873,0.6880998,0.50314397,0.72746843,0.7404285,0.47904307,0.7101495,0.88529104,0.5221995,0.857052,0.8735043,0.49866024,0.840416,0.8907444,False,False,False,False,False,False,False,False,False,False,False,False
259,5.18,0.56321603,0.540527,0.84830695,0.5212209,0.5383141,0.6793047,0.55962044,0.6406831,0.7393933,0.5140703,0.61895883,0.7365082,0.50969607,0.6893763,0.66320163,0.49475524,0.66680443,0.7000419,0.5659884,0.6755098,0.79197276,0.5305412,0.6716667,0.69741625,0.5014178,0.7276803,0.7239435,0.4780784,0.71114963,0.8364011,0.52111346,0.8581984,0.95307267,0.49804306,0.8423177,0.86658084,False,False,False,False,False,False,False,False,False,False,False,False
260,5.2,0.56294906,0.5412522,0.88054943,0.5212904,0.5384351,0.7663339,0.5595828,0.64134127,0.70657396,0.5141443,0.6192075,0.77434915,0.5104137,0.6911551,0.60272527,0.49369347,0.6685887,0.69903624,0.5658211,0.67665374,0.7785593,0.53034854,0.6714939,0.6803038,0.5018432,0.7282891333333333,0.5891138,0.47908846,0.70922655,0.82235,0.5217027,0.8573908,0.8738379,0.49844554,0.8419768,0.83434665,False,False,False,False,False,False,False,False,True,False,False,False
261,5.22,0.5633897,0.5404236,0.89258194,0.52103007,0.53890496,0.7934975,0.5594061,0.64157134,0.7233558,0.5139767,0.619223,0.8277339,0.5099688,0.6901451,0.7309216,0.49409956,0.66802925,0.68052727,0.5661867,0.67698824,0.77665615,0.5307444,0.6712158,0.6537787,0.5022686,0.7288979666666666,0.5819435,0.47889635,0.7098767,0.8312458,0.5221073,0.8577545,0.9109641,0.49909076,0.8417874,0.8773094,False,False,False,False,False,False,False,False,True,False,False,False
262,5.24,0.56286615,0.5409442,0.85759676,0.5214152,0.5381282,0.705385,0.5595504,0.6413574,0.70920324,0.5145022,0.6173233,0.78662604,0.5103959,0.6893719,0.6915671,0.4942932,0.6677459,0.6676854,0.56572604,0.67609185,0.8911923,0.53106076,0.67040145,0.63674295,0.502694,0.7295068,0.61808467,0.47813162,0.70771766,0.86583924,0.5219645,0.8577794,0.86833787,0.49951506,0.84104234,0.8834241,False,False,False,False,False,False,False,False,False,False,False,False
263,5.26,0.5628707,0.5416211,0.8446794,0.5215295,0.5390503,0.7886275,0.5596474,0.6411574,0.68216467,0.5139228,0.62027055,0.7504794,0.5107191,0.69144285,0.6120286,0.4936071,0.669038,0.6771073,0.5657294,0.6774278,0.7686302,0.53069484,0.6722903,0.6535368,0.50278926,0.72885386,0.5634099,0.4791781,0.7103486,0.821346,0.5217248,0.8572402,0.84893733,0.49835077,0.84133613,0.8418984,False,False,False,False,False,False,False,False,True,False,False,False
264,5.28,0.56286293,0.5414724,0.8577934,0.52141243,0.53891486,0.72240776,0.5596816,0.641219,0.8384955,0.5144272,0.617466,0.71916157,0.51114595,0.68863773,0.6765468,0.49457967,0.6682539,0.60065293,0.565021,0.6778876,0.7382112,0.53029099,0.67156582,0.5575328,0.50288452,0.72820092,0.44170043,0.47929636,0.71154124,0.8000001,0.52165693,0.8577178,0.8989998,0.49736848,0.8417906,0.7263058,False,False,False,False,False,False,False,True,True,False,False,False
265,5.3,0.56339896,0.54076785,0.8924514,0.5211531,0.53892314,0.7946559,0.55977035,0.641889,0.8882502,0.5141845,0.6178781,0.81015533,0.5103813,0.689397,0.74865115,0.49353185,0.66972554,0.6117622,0.5643603,0.6771907,0.8880547,0.52988714,0.67084134,0.6202964,0.50297978,0.72754798,0.53098124,0.47868225,0.7104578,0.8342362,0.522083,0.858179,0.9223459,0.49927655,0.8404229,0.847591,False,False,False,False,False,False,False,False,True,False,False,False
266,5.32,0.5634561,0.54236114,0.8333884,0.5213143,0.5396365,0.7910567,0.55877054,0.6424176,0.62763417,0.5139744,0.61905235,0.736726,0.5106863,0.69071,0.62866616,0.4940033849999999,0.66968312,0.47332126,0.5654966,0.67892516,0.7118421,0.53027992,0.67016879,0.5851582,0.5030750399999999,0.72689504,0.46727592,0.4796937,0.7106057,0.72624,0.5222774,0.8579065,0.8890427,0.4979129,0.84153444,0.75118774,False,False,False,False,False,True,False,True,True,False,False,False
267,5.34,0.56288284,0.5413304,0.82397974,0.52131367,0.538838,0.6830157,0.55955595,0.6414839,0.84633255,0.5141415,0.6185917,0.7254814,0.5106632,0.6896142,0.6894151,0.49447492,0.6696407,0.62812287,0.56462467,0.675826,0.86269075,0.5306727,0.66949624,0.7387161,0.5031703,0.7262421,0.6892627,0.4785714,0.7091409,0.8610701,0.5221142,0.8580231,0.90209734,0.49880105,0.8402947,0.8725068,False,False,False,False,False,False,False,False,False,False,False,False
268,5.36,0.5633943,0.54243207,0.8594331,0.5213615,0.5398336,0.79129565,0.55901796,0.6414318,0.64813364,0.5140191,0.61968505,0.746213,0.5110455,0.6895917,0.595004,0.49358937,0.66874856,0.6426065,0.5651628,0.6801459,0.81058717,0.53049177,0.67310226,0.63711137,0.5033776,0.7276595333333333,0.5117996,0.47951475,0.7103443,0.7872951,0.52262443,0.8585506,0.92218125,0.49876684,0.84082305,0.8407027,False,False,False,False,True,False,False,False,True,False,False,False
269,5.38,0.56329745,0.5427392,0.8392856,0.5213563,0.53987056,0.7451328,0.55925363,0.6412468,0.8093757,0.5144581,0.61816025,0.71487087,0.5114278,0.6895692,0.6323963,0.4938737,0.67146856,0.60951227,0.5639964,0.6777447,0.8221858,0.53108066,0.6702563,0.6621555,0.5035849,0.7290769666666667,0.59294814,0.4801977,0.71636146,0.8061218,0.52194977,0.8592342,0.9141622,0.49926618,0.84108233,0.83481723,False,False,False,False,False,False,False,False,True,False,False,False
270,5.4,0.563546,0.5428148,0.84733707,0.5215358,0.5397696,0.7394599,0.55893785,0.6424076,0.60204,0.5141694,0.6169559,0.69098634,0.5104744,0.6908582,0.6229851,0.49410417,0.67033838,0.5974863,0.56554955,0.67897767,0.73769146,0.53079263,0.6697648700000001,0.5963678,0.5037922,0.7304944,0.69116783,0.47956738,0.711386,0.78890824,0.52227014,0.85914385,0.9337588,0.49827582,0.84209025,0.85560215,False,False,False,False,False,True,False,True,False,False,False,False
271,5.42,0.56286323,0.5409893,0.84201795,0.5213527,0.5387895,0.70349383,0.5596601,0.64122325,0.864372,0.51430905,0.618014,0.7566797,0.5108214,0.6899525,0.725852,0.49433464,0.6692082,0.6869934,0.5645294,0.6749575,0.884329,0.5305046,0.66927344,0.75995815,0.5031366,0.7290133,0.7373302,0.47857958,0.71364915,0.7127621,0.521527,0.85774404,0.90573704,0.49838668,0.83910495,0.8622684,False,False,False,False,False,False,False,False,False,False,False,False
272,5.44,0.564201,0.5405802,0.7282252,0.5210811,0.53977895,0.8286046,0.5591888,0.6410953,0.79370546,0.5138161,0.6198878,0.79625535,0.5108107,0.6897667999999999,0.5248505,0.4937659,0.66731197,0.7177002,0.5661814,0.67780876,0.8084943,0.531398,0.674114,0.76479125,0.503126725,0.72644015,0.58243275,0.4785951,0.70730513,0.8065337,0.5218569,0.8580607,0.7802215,0.4985126,0.8401564,0.8654316,False,False,False,False,True,False,False,False,True,False,False,False
273,5.46,0.56312203,0.54089844,0.8527815,0.52101845,0.5382425,0.6836799,0.5593766,0.64149046,0.8852877,0.5139937,0.61860967,0.74890715,0.5108,0.6895811,0.7158518,0.4944046,0.6690926,0.6825935,0.56463397,0.67388654,0.8673408,0.52993655,0.6686674,0.752587,0.50311685,0.723867,0.7114097,0.47820604,0.70855904,0.88242996,0.5219291,0.8576829,0.90688854,0.49912968,0.84021074,0.88219374,False,False,False,False,False,False,False,False,False,False,False,False
274,5.48,0.56447124,0.539511,0.8062571,0.5208543,0.53933966,0.86998314,0.5590607,0.6410552,0.896987,0.5133497,0.6202308,0.8291435,0.5118219,0.68936056,0.7596133,0.49405876,0.6677934,0.68215656,0.5662063,0.6775228,0.82395667,0.5308486,0.67314327,0.7636767,0.5023546,0.72757804,0.79316247,0.47837368,0.7080252,0.8651122,0.5225783,0.85825,0.91727597,0.49884632,0.84009063,0.9014662,False,False,False,False,False,False,False,False,False,False,False,False
275,5.5,0.56321496,0.5401488,0.8742187,0.52099293,0.5383505,0.727695,0.55953157,0.6410225,0.8889203,0.51416755,0.6184993,0.7746456,0.5100685,0.68949574,0.73337924,0.49419728,0.66912436,0.7069343,0.5644518,0.6745534,0.88794976,0.5299646,0.6696417,0.778967,0.503034,0.7277449,0.7220904,0.47883075,0.7105143,0.8289372,0.5218515,0.8570377,0.95349526,0.4985415,0.83946306,0.86149234,False,False,False,False,False,False,False,False,False,False,False,False
276,5.52,0.56374353,0.5422953,0.84227145,0.52100253,0.5397993,0.8430568,0.55910534,0.6415709,0.81718427,0.51335514,0.6199324,0.7713577,0.51231825,0.6892707,0.6791733,0.49391246,0.66891685,0.5892114,0.5648767,0.67671484,0.7538669,0.52998704,0.6703329,0.6560573,0.50280374,0.729361,0.72071767,0.47876444,0.7090376,0.81519943,0.52202445,0.85843104,0.9337401,0.49831593,0.8400227,0.843273,False,False,False,False,False,True,False,False,False,False,False,False
277,5.54,0.56424975,0.5414231,0.71659863,0.5212069,0.5394978,0.77237415,0.5588312,0.64191383,0.73167455,0.5137815,0.6197988,0.8043673,0.5100561,0.6920638,0.6521995,0.49362764,0.66870934,0.71187276,0.56533337,0.6764183,0.7342282,0.5303087,0.6702581,0.6445289,0.5024841,0.7284673,0.72866166,0.4787556,0.70990914,0.8453966,0.5219898,0.85709816,0.8596974,0.4981322,0.84124506,0.86834997,False,False,False,False,False,False,False,False,False,False,False,False
278,5.56,0.5639289,0.5425361,0.87290514,0.52145576,0.53947043,0.7547687,0.5591198,0.64164656,0.6947852,0.51421714,0.6193139,0.7465421,0.5106279,0.69152606,0.64472044,0.49378687,0.6685776,0.6608999,0.56537515,0.67691797,0.7539829,0.5304235,0.6712052,0.64979655,0.50269238,0.72894545,0.5563788,0.4788402,0.70998496,0.8395559,0.52175796,0.8571661,0.8387277,0.4980951,0.84058046,0.839845,False,False,False,False,False,False,False,False,True,False,False,False
279,5.58,0.5636743,0.5429043,0.86202943,0.52143735,0.53953165,0.7414458,0.5591218,0.64189035,0.64506054,0.5141785,0.6192613,0.7547236,0.5098844,0.6900889,0.6880122,0.494154,0.6683049,0.648568,0.5659545,0.6768107,0.71868837,0.5315745,0.6718103,0.6382261,0.50290066,0.7294236,0.7300538,0.47922173,0.71104825,0.8245194,0.5214611,0.8575524,0.93731874,0.49829006,0.8416639,0.83361393,False,False,False,False,False,False,False,False,False,False,False,False
280,5.6,0.5631836,0.5399045,0.8678919,0.52101874,0.53847754,0.7213845,0.5592686,0.6409541,0.7350965,0.5140372,0.6188273,0.7905049,0.5091718,0.6894971,0.6862644,0.49436656,0.66779613,0.70867676,0.5661106,0.6754729,0.9185487,0.53163874,0.6723846,0.704905,0.50257117,0.7279278,0.76008826,0.47903672,0.7095544,0.81927294,0.52256435,0.8572223,0.9353561,0.4989665,0.84081566,0.9204466,False,False,False,False,False,False,False,False,False,False,False,False
281,5.62,0.5631031,0.54082847,0.86047244,0.5210582,0.53839475,0.74452746,0.55935895,0.64086974,0.73581594,0.5139312,0.6192725,0.77503777,0.50960386,0.68990254,0.685477,0.4941089,0.6678371,0.7146788,0.56609595,0.6752793,0.7521178,0.53074414,0.6712358,0.67752534,0.5025184,0.72832775,0.7463943,0.47871712,0.70922154,0.81076294,0.52191913,0.85798985,0.8749256,0.4991177,0.84129393,0.91035646,False,False,False,False,False,False,False,False,False,False,False,False
282,5.64,0.5629178,0.54114586,0.8713795,0.52117956,0.53963065,0.80144054,0.5595705,0.6409725,0.7350426,0.5139757,0.6199783,0.76534694,0.5108114,0.69102955,0.62575287,0.4938509,0.6680312,0.7246651,0.5657192,0.67646736,0.77593184,0.5302093,0.67228085,0.7071078,0.50295776,0.7287169,0.76359135,0.478549,0.7095517,0.83231455,0.5220409,0.856798,0.8786626,0.49924308,0.8404696,0.8995451,False,False,False,False,False,False,False,False,False,False,False,False
283,5.66,0.5635942,0.5420719,0.8747229,0.5214349,0.54001015,0.7617328,0.55908585,0.6420294,0.6549603,0.514172,0.61821383,0.76935256,0.5099963,0.68912303,0.6825722,0.49436542,0.668021,0.640974,0.5643004,0.677037,0.87024814,0.5307208,0.6706475,0.6074539,0.5026508,0.7290465,0.7050908,0.47912586,0.7109004,0.80615103,0.52170146,0.8577492,0.88955975,0.49814358,0.8427608,0.85596925,False,False,False,False,False,False,False,False,False,False,False,False
284,5.68,0.5635857,0.54300535,0.8433276,0.52155364,0.5399653,0.7370072,0.5591802,0.6415533,0.5911105,0.51431364,0.6178545,0.7128724,0.5103178349999999,0.689564515,0.56493354,0.49427831,0.66935517,0.57401603,0.5650944,0.6790992,0.75418365,0.5310541,0.67326605,0.60660756,0.5032769,0.7282611,0.66200876,0.4791017,0.7109892,0.80065984,0.5218665,0.85861254,0.9329584,0.49798876,0.84189194,0.8558351,False,False,True,False,True,True,False,False,False,False,False,False
285,5.7,0.56276697,0.5417638,0.8493986,0.5214558,0.539307,0.7089004,0.55927455,0.6410772,0.84511447,0.51398456,0.61835295,0.7284527,0.51063937,0.690006,0.69914025,0.4941912,0.67068934,0.6230438,0.56326586,0.6773496,0.7457834,0.53004515,0.6707162,0.7204449,0.5030752333333334,0.7276007833333333,0.4797623,0.47872683,0.7112524,0.8598512,0.52208716,0.8583974,0.92076874,0.4986733,0.84062725,0.8908841,False,False,False,False,False,False,False,False,True,False,False,False
286,5.72,0.5637858,0.54200745,0.6446319,0.52114946,0.54022616,0.77009374,0.5596539,0.6427913,0.7476839,0.5138109,0.61872715,0.6432222,0.510466235,0.6896628499999999,0.53225666,0.49442655,0.66915602,0.46013692,0.5649131,0.6780633,0.62858814,0.5300461750000001,0.67125948,0.4854149,0.5028735666666666,0.7269404666666667,0.5171799,0.47941822,0.7142405,0.72125846,0.52246124,0.8568824,0.83862585,0.49804145,0.84250253,0.7444056,False,False,False,False,True,True,False,True,True,False,False,False
287,5.74,0.5629567,0.54117036,0.85138375,0.521229,0.5394359,0.69894505,0.55990297,0.64182454,0.8632622,0.51430595,0.6170548,0.7303506,0.5102931,0.6893197,0.73099387,0.4946619,0.6676227,0.62554646,0.5637526,0.6769973,0.8715221,0.5300472,0.67180276,0.6358774,0.5026719,0.72628015,0.7071196,0.47856036,0.71111,0.8237731,0.52133715,0.85801655,0.88693315,0.4990885,0.84178746,0.8645314,False,False,False,False,False,False,False,False,False,False,False,False
288,5.76,0.5634378,0.54269874,0.8141448,0.5210527,0.5402402,0.77172756,0.55957806,0.6426085,0.76943284,0.51402247,0.61861247,0.67433494,0.51099952,0.68924965,0.5633822,0.4944433299999999,0.6692624149999999,0.45088562,0.5646376,0.67964697,0.69892853,0.5303634500000001,0.67053786,0.5475681,0.5029494999999999,0.7276703333333333,0.56574476,0.48079273,0.71403086,0.7401893,0.52210313,0.8573191,0.8641106,0.4980656,0.84201527,0.70485,False,False,False,False,True,True,False,True,True,False,False,False
289,5.78,0.5625354,0.54182255,0.8200138,0.5213395,0.5392895,0.69038284,0.5591694,0.64111143,0.81134945,0.5141024,0.6189808,0.71260107,0.51170594,0.6891796,0.6279252,0.49422476,0.67090213,0.65366685,0.56355536,0.6759845,0.7090271,0.5306797,0.66927296,0.65555984,0.5032271,0.7290605166666667,0.43121305,0.4796764,0.714636,0.8258034,0.52243066,0.85954463,0.91985863,0.49893558,0.8409549,0.8411395,False,False,False,False,False,False,False,False,True,False,False,False
290,5.8,0.56306636,0.54266924,0.84813404,0.5210495,0.54007095,0.7822674,0.5588131,0.64216954,0.7022621,0.51347846,0.6203957,0.7225562,0.51209754,0.6885994,0.64291006,0.49431447,0.6701469225,0.52476263,0.56491876,0.67852116,0.7519304,0.53091675,0.6725208,0.6166986,0.5035047,0.7304507,0.6731275,0.47967058,0.7099015,0.7591414,0.52227104,0.8584971,0.9229994,0.49861538,0.84085965,0.830622,False,False,False,False,False,True,False,False,False,False,False,False
291,5.82,0.5623657,0.5408516,0.8303601,0.52073646,0.5393964,0.70004153,0.5598022,0.6410655,0.8668292,0.513771,0.6175982,0.74515283,0.5108058,0.6893775,0.7335389,0.4944041799999999,0.6693917149999999,0.53691846,0.5631893,0.67666847,0.85560673,0.5307728666666667,0.6718204666666667,0.58329856,0.5029501,0.72515553,0.6616412,0.47954088,0.71045554,0.7908005,0.5213993,0.857731,0.90884316,0.4985185,0.83956987,0.8656819,False,False,False,False,False,True,False,True,False,False,False,False
292,5.84,0.5628968,0.54212624,0.842421,0.5202388,0.539883,0.7541496,0.5597075650000001,0.641197,0.5951102,0.5138694,0.6175543,0.71346307,0.5106577,0.68877745,0.5110537,0.49449389,0.6686365075,0.55936027,0.565972,0.67823124,0.6266388,0.5306289833333334,0.6711201333333333,0.5344049,0.5027887,0.7258278149999999,0.4548358,0.4815279,0.7111301,0.7453578,0.5221586,0.85660523,0.88060355,0.49820775,0.8410995,0.7236407,False,False,True,False,True,True,False,True,True,False,False,False
293,5.86,0.56303924,0.5384341,0.8851668,0.5184756,0.537378,0.62405074,0.55961293,0.6413285,0.91028583,0.5139524,0.61558187,0.8085017,0.5105096,0.6881774,0.7359081,0.4945836,0.6678813,0.7442378,0.56586564,0.6756541,0.9293904,0.5304851,0.6704198,0.66246635,0.5026273,0.7265001,0.7414725,0.47943583,0.71009356,0.8506123,0.5209847,0.8586427,0.86395514,0.4989547,0.8416263,0.9143342,False,False,False,False,False,False,False,False,False,False,False,False
294,5.88,0.56175077,0.54098815,0.8058637,0.5185956,0.5383619,0.88578516,0.55976355,0.64118457,0.7450302,0.5134243,0.619865,0.74294126,0.51087224,0.6886501,0.7258473,0.4943676,0.6689208,0.6527478,0.56535596,0.6768689,0.78984237,0.5309391,0.67370176,0.72057605,0.5034993,0.72539073,0.7496477,0.4794747,0.71354413,0.7991036,0.5213463,0.85572225,0.9144178,0.4976581,0.84165156,0.8026568,False,False,False,False,False,False,False,False,False,False,False,False
295,5.9,0.5618268,0.53836715,0.853231,0.51770717,0.53823864,0.88091326,0.56078374,0.641382,0.915153,0.513126,0.6175199,0.79852927,0.5107372,0.6875158,0.7716722,0.49426106,0.66911155,0.6743893,0.56507653,0.67424613,0.9060553,0.53078353,0.67111564,0.66722685,0.50350003,0.725361465,0.58898383,0.48064774,0.71268153,0.8243497,0.52205974,0.8581128,0.92173684,0.49905428,0.84206647,0.87482595,False,False,False,False,False,False,False,False,True,False,False,False
296,5.92,0.5602748,0.53897524,0.7172998,0.5174037,0.5397422,0.87868786,0.56075287,0.6418279,0.8768701,0.51310754,0.61995065,0.7731418,0.5118068,0.6877332,0.7531863,0.4949416,0.6688433,0.690456,0.56619924,0.6760498,0.7567625,0.53138673,0.67339045,0.73420686,0.50350076,0.7253322,0.6125229,0.4801782,0.70857805,0.8396718,0.5218575,0.8570248,0.93246377,0.49832216,0.8408048,0.8300421,False,False,False,False,False,False,False,False,False,False,False,False
297,5.94,0.5609178,0.53617346,0.699862,0.5160837,0.53714037,0.810865,0.5610312,0.6404264,0.91918176,0.51288015,0.61955523,0.7998704,0.511625475,0.68729533,0.5954173,0.49461314,0.6692175,0.64929193,0.5666666,0.6755372,0.91838163,0.5313307,0.6722951,0.710341,0.50348414,0.7247357166666667,0.56753606,0.48001996,0.7099027,0.85249615,0.5214644,0.85584164,0.88688,0.49973902,0.8411991,0.8652404,False,False,False,False,True,False,False,False,True,False,False,False
298,5.96,0.5588925,0.5354377,0.88951015,0.51525885,0.5364622,0.8340069,0.56058353,0.6410279,0.84830606,0.5127964,0.6190587,0.75732654,0.51144415,0.68685746,0.791399,0.49474427,0.6685824,0.7035256,0.5651333,0.67391086,0.9094302,0.5299464,0.6706336,0.67243785,0.5034675200000001,0.7241392333333333,0.56775445,0.4805905,0.71100163,0.81734353,0.5211742,0.8553627,0.8880197,0.49859345,0.8407336,0.8221513,False,False,False,False,False,False,False,False,True,False,False,False
299,5.98,0.5572579,0.53559357,0.882852,0.51468927,0.5370306,0.88720584,0.56005704,0.6405684,0.8381807,0.5133272,0.6174755,0.7500141,0.5108862,0.6856479,0.6950744,0.4964731,0.6663018,0.6764145,0.5665321,0.6765569,0.79959166,0.5315103,0.6741775,0.7738841,0.5034509,0.72354275,0.69339067,0.48061508,0.71075165,0.87371546,0.52146596,0.85675615,0.91125447,0.49877873,0.84250045,0.86607057,False,False,False,False,False,False,False,False,False,False,False,False
300,6.0,0.5574529,0.53608686,0.8052324,0.5128686,0.5372776,0.92857194,0.5623283,0.6403732,0.9157649,0.5123417,0.6186121,0.72858894,0.51208454,0.6856849,0.6887102,0.49678445,0.665870585,0.5692743,0.5643529,0.67347366,0.8829735,0.53064334,0.6705829,0.6171105,0.50357257,0.7237886250000001,0.5581813,0.48168576,0.71063876,0.8122735,0.52178466,0.85537046,0.8562117,0.4997328,0.83874243,0.90548474,False,False,False,False,False,True,False,False,True,False,False,False
301,6.02,0.55570436,0.53640485,0.7970407,0.5118249,0.5385148,0.93974453,0.5611052,0.6392423,0.8219405,0.51268977,0.61925113,0.738039,0.51128405,0.6849485,0.72331154,0.4970958,0.66543937,0.6780722,0.5662668,0.6747346,0.77881175,0.53193283,0.67363685,0.7664322,0.50369424,0.7240345,0.6847974,0.4807269,0.71157163,0.8780859,0.5217278,0.85543054,0.93492234,0.49924454,0.8407293,0.8996227,False,False,False,False,False,False,False,False,False,False,False,False
302,6.04,0.553893,0.53594774,0.869426,0.5108895,0.5381678,0.8542305,0.5619658,0.6398739,0.90090686,0.51270705,0.6183093,0.7048305,0.5112893,0.68623364,0.79253566,0.49558818,0.66686004,0.690647,0.5641148,0.673742,0.8627314,0.52952605,0.6712775,0.67511487,0.5028940449999999,0.72391627,0.5602493,0.4803879,0.7126436,0.81351197,0.5217923,0.85432726,0.8882625,0.5000606,0.8396977,0.84633446,False,False,False,False,False,False,False,False,True,False,False,False
303,6.06,0.552367,0.537046,0.90726274,0.5096659,0.5386686,0.9049114,0.56110346,0.63866043,0.80817693,0.51216084,0.62319773,0.6941443,0.51047856,0.685487,0.7495997,0.4964263,0.66539985,0.69583136,0.564398,0.67543936,0.816565,0.5288683,0.67366755,0.7491879,0.50209385,0.72379804,0.6721585,0.4800606,0.71334195,0.8885319,0.52014714,0.85630965,0.75690264,0.49951115,0.8403315,0.89897656,False,False,False,False,False,False,False,False,False,False,False,False
304,6.08,0.550567,0.53787494,0.825944,0.5085206,0.5386828,0.8506388,0.56091255,0.63968134,0.74325734,0.51269877,0.6219686,0.72434974,0.51033807,0.68708056,0.7364969,0.4952828,0.6671521,0.655609,0.5655982,0.67499256,0.88310283,0.5310494,0.6737473,0.68901664,0.50272834,0.7244901,0.65867865,0.48039758,0.7133267,0.8795228,0.5209052,0.8550937,0.7754644,0.49974054,0.8406811,0.89644676,False,False,False,False,False,False,False,False,False,False,False,False
305,6.1,0.54851747,0.537928,0.84475964,0.5064646,0.5418342,0.89856386,0.5607,0.6394734,0.71322215,0.511862,0.6236442,0.6129802,0.5115616,0.68568385,0.7952192,0.49510777,0.6671786,0.7599822,0.564943,0.67328125,0.9110067,0.52996063,0.673289,0.69812995,0.50268247,0.72307285,0.57599205,0.47968128,0.71407694,0.82898253,0.5219876,0.8545217,0.92742825,0.4995289,0.8408246,0.8954817,False,False,False,False,False,False,False,False,True,False,False,False
306,6.12,0.5461842,0.5392871,0.68339884,0.50555444,0.5436988,0.80650103,0.5609702,0.6392274,0.7406608,0.5114798116666667,0.6239567,0.56398934,0.51128227,0.68604815,0.70147955,0.49604195,0.66556364,0.70423436,0.5635173,0.6764386,0.6442584,0.52888453,0.6739087,0.6993908,0.5026366,0.7216556,0.7203444,0.47912014,0.71304333,0.7873905,0.52256805,0.8562845,0.91079867,0.49967468,0.8416792,0.9061359,False,False,False,True,False,False,False,False,False,False,False,False
307,6.14,0.5438831,0.5392332,0.8395226,0.5016601,0.54475915,0.90934604,0.5599491,0.64055365,0.73293567,0.5110976233333333,0.6242692,0.5944777,0.5099879,0.68823975,0.6967449,0.49522114,0.6676961,0.7347893,0.5646446,0.67485464,0.8810834,0.52918875,0.67479324,0.66692865,0.5015679,0.7242863,0.6508799,0.47974712,0.7128783,0.8338957,0.52066886,0.8565862,0.7867957,0.49986,0.8410359,0.92094094,False,False,False,True,False,False,False,False,False,False,False,False
308,6.16,0.5419575,0.53899884,0.8022767,0.4995938,0.5442758,0.7090751,0.5603003,0.6407908,0.7407269,0.510715435,0.6245817,0.5655796,0.51054436,0.68741,0.6964921,0.4954267,0.6667372,0.6673603,0.56439656,0.6744236,0.9040524,0.5282664,0.6762564,0.72955906,0.5008562,0.7229143,0.64706343,0.47894722,0.7140852,0.78261614,0.520193,0.85696614,0.7236402,0.49921343,0.84138256,0.83510953,False,False,False,True,False,False,False,False,False,False,False,False
309,6.18,0.5389569,0.5428919,0.8287109,0.49759653,0.546012,0.82884973,0.5595617,0.6413109,0.6715125,0.5103332466666667,0.6248942000000001,0.52380645,0.5097539,0.6889488,0.6431914,0.49567375,0.6683551,0.6603825,0.56395558,0.67469565,0.5975932,0.52844125,0.6755896699999999,0.54158896,0.50065804,0.72470933,0.61556613,0.47919357,0.7147089,0.81129,0.52090853,0.8552227,0.7782319,0.50085795,0.8403126,0.8779801,False,False,False,True,False,False,True,True,False,False,False,False
310,6.2,0.5366993,0.5432269,0.80671716,0.49414417,0.54607034,0.77135444,0.5577065,0.642034,0.8883675,0.5099510583333333,0.6252067,0.5779124,0.5100009,0.68987495,0.6705316,0.4957794,0.66565096,0.60979456,0.5635146,0.6749677,0.6582466,0.5286161,0.67492294,0.61681795,0.50111187,0.7263553,0.6797053,0.47989374,0.7183963,0.820773,0.52221024,0.8557848,0.8630021,0.5007475,0.83856833,0.7583726,False,False,False,True,False,False,False,False,False,False,False,False
311,6.22,0.53572637,0.54423636,0.74095094,0.49193648,0.5497969,0.89302486,0.5567932,0.64307004,0.8535963,0.50956887,0.6255192,0.6079556,0.5112142,0.6890965,0.7919008,0.49465215,0.66967183,0.7085439,0.5633264,0.6736899,0.90043,0.52823997,0.67617285,0.7521033,0.50064856,0.72221744,0.78862596,0.4784409,0.7118553,0.87310934,0.5218653,0.857769,0.70301145,0.5008428,0.8410188,0.712326,False,False,False,False,False,False,False,False,False,False,False,False
312,6.24,0.5321513,0.5459546,0.8482167,0.48969847,0.55078197,0.9352393,0.5555034,0.64490366,0.8790449,0.5087548,0.6226891,0.6274325,0.51018846,0.6921752,0.7589456,0.49372128,0.66882557,0.7002471,0.5607464,0.67554015,0.61293083,0.52820796,0.67582023,0.74634147,0.50067157,0.72381806,0.8187146,0.4779403,0.71346223,0.8654106,0.52158624,0.85764,0.83423513,0.5008281,0.84275615,0.8358143,False,False,False,False,False,False,False,False,False,False,False,False
313,6.26,0.5297925,0.54943305,0.89496183,0.48745286,0.55243844,0.89446807,0.5530651,0.64565676,0.82432127,0.507693,0.62476456,0.63724446,0.50991076,0.69293433,0.78845423,0.49340665,0.67101884,0.72533894,0.5624096,0.67531455,0.7085812,0.5285309,0.67612267,0.6996702,0.501260685,0.72438433,0.5366193,0.4768903,0.71286535,0.86130756,0.5215936,0.85744345,0.87952024,0.50004226,0.8425508,0.8493649,False,False,False,False,False,False,False,False,True,False,False,False
314,6.28,0.5274972,0.54902864,0.80542153,0.48490074,0.5518109,0.8737237,0.55204165,0.64865917,0.7007001,0.50731283,0.6246444,0.70529467,0.5094954,0.6926951,0.72773916,0.49188966,0.6701548,0.77635515,0.56340796,0.67074007,0.83276385,0.52929634,0.67388326,0.6847928,0.5018498,0.7249506,0.7305763,0.47724694,0.7166084,0.7778829,0.52107507,0.8563142,0.708161,0.5015596,0.8414264,0.712898,False,False,False,False,False,False,False,False,False,False,False,False
315,6.3,0.5249059,0.5486629,0.8315715,0.48119628,0.5512548,0.92001706,0.5503455,0.64828986,0.8277337,0.5056031,0.6227816,0.6894652,0.5087985,0.6925104,0.8235957,0.4919704,0.66905147,0.8191179,0.56062293,0.66844404,0.79000926,0.52881387,0.67171588,0.5489946,0.50105955,0.72627865,0.55083185,0.47794518,0.71339947,0.8282194,0.5226533,0.8608671,0.8937486,0.50054514,0.8416584,0.8022611,False,False,False,False,False,False,False,True,True,False,False,False
316,6.32,0.5225322,0.5483216,0.8067236,0.47919407,0.5507968,0.90121543,0.54916507,0.6463251,0.9048831,0.5047365,0.61781585,0.6365559,0.50675493,0.69470626,0.84787273,0.49154446,0.67042124,0.74954885,0.56097996,0.6696525,0.7458048,0.5283314,0.6695485,0.6045736,0.5002693,0.7276067,0.6957644,0.4771106,0.71453595,0.87494457,0.52137464,0.85943097,0.8282659,0.5007316,0.8417652,0.687307,False,False,False,False,False,False,False,False,False,False,False,False
317,6.34,0.52042574,0.5473602,0.8733175,0.47740713,0.5506438,0.7861563,0.54684937,0.6469264,0.911191,0.5023274,0.615289,0.6650992,0.50582993,0.69363075,0.8696367,0.49177724,0.6697452,0.76235753,0.55883205,0.6639611,0.6745912,0.52907613,0.66743055,0.59602976,0.49882697,0.7272264,0.52106327,0.47560456,0.71546847,0.8620567,0.521521,0.8598035,0.80192286,0.4994311,0.8419396,0.6953117,False,False,False,False,False,False,False,True,True,False,False,False
318,6.36,0.51791674,0.54713607,0.86875737,0.47647,0.54822344,0.8240168,0.5447397,0.64600664,0.84106463,0.5006428,0.61679196,0.64985776,0.50304484,0.6961412,0.78463477,0.49053937,0.6747781,0.7837567,0.557762275,0.65976488,0.5520391,0.52982086,0.6653126,0.7184684,0.49738464,0.7268461,0.68302494,0.47677168,0.71700495,0.83630246,0.52152044,0.85984665,0.84789914,0.49891683,0.8420587,0.87194765,False,False,False,False,False,False,True,False,False,False,False,False
319,6.38,0.5156458,0.5420744,0.85345125,0.4743601,0.5478435,0.8476353,0.54261386,0.64253193,0.9321721,0.498456235,0.6188544,0.52463627,0.50360394,0.6920799,0.7927992,0.4902734,0.67276484,0.7381722,0.5566925,0.65556866,0.7091624,0.5285982499999999,0.6629319499999999,0.550922,0.49573427,0.72773844,0.7259134,0.47695866,0.71962196,0.9180178,0.5205361,0.85989934,0.72066385,0.4985226,0.8411023,0.6231384,False,False,False,True,False,False,False,True,False,False,False,False
320,6.4,0.5143346,0.5425373,0.8510241,0.47500727,0.5495009,0.8280656,0.53869617,0.64326227,0.7988937,0.49626967,0.62091684,0.7673761,0.50183195,0.69422966,0.7860811,0.48800117,0.6753636,0.62607694,0.55739015,0.66000277,0.6740755,0.52737564,0.6605513,0.746775,0.49584103,0.72915006,0.7870082,0.4776079,0.716401,0.8003684,0.5222008,0.85943365,0.7634265,0.49925098,0.8445998,0.8069897,False,False,False,False,False,False,False,False,False,False,False,False
321,6.42,0.51223016,0.5359729,0.8351325,0.47224572,0.54014486,0.6921793,0.53670526,0.63995385,0.88211787,0.4955437,0.6148763,0.6601852,0.5002781,0.6927309,0.6902419,0.48756948,0.6763437,0.7759596,0.55659586,0.65184987,0.86172426,0.5253432,0.65712565,0.7745781,0.49518698,0.72604823,0.7365251,0.47865307,0.7200629,0.83769673,0.5227117,0.858656,0.8893691,0.498661,0.8436733,0.7706796,False,False,False,False,False,False,False,False,False,False,False,False
322,6.44,0.51081645,0.53384024,0.8703561,0.47091782,0.53534454,0.8023687,0.5345814,0.6387917,0.7988246,0.49357235,0.61310077,0.7235231,0.49817422,0.69358146,0.65255785,0.48695225,0.6770667,0.8208932,0.5572327,0.65095204,0.80881447,0.52405494,0.654571,0.6603336,0.4942405,0.72752106,0.63848996,0.4782446,0.71912307,0.8334951,0.52183783,0.8585606,0.7383346,0.4992481,0.84556824,0.76129633,False,False,False,False,False,False,False,False,False,False,False,False
323,6.46,0.5102743,0.53034073,0.8752699,0.46881792,0.5297928,0.7608711,0.53313494,0.6351321,0.84980893,0.49234995,0.609672,0.621612,0.49772495,0.69249666,0.70770246,0.48639044,0.6744685,0.8273663,0.5563279,0.64745677,0.8397054,0.5239636,0.6517484,0.6157862,0.49417117,0.7286982,0.7463836,0.4780024,0.7189979,0.8052985,0.5215219,0.85987425,0.91457134,0.49941075,0.8450962,0.76252085,False,False,False,False,False,False,False,False,False,False,False,False
324,6.48,0.50971484,0.5249794,0.8885822,0.4682024,0.52580136,0.847447,0.5299037,0.6330599,0.7711452,0.49065727,0.60789734,0.6884845,0.4963691,0.6908756,0.6905958,0.48567975,0.67313254,0.80605966,0.55554396,0.6430984,0.8331126,0.5229205,0.64743686,0.6000138,0.49521744,0.7263176,0.78709704,0.47923815,0.7201126,0.7684151,0.520593,0.86034,0.8900954,0.4983916,0.8431582,0.6839221,False,False,False,False,False,False,False,False,False,False,False,False
325,6.5,0.50963086,0.5201449,0.7122459,0.46797955,0.52299434,0.69020015,0.52798504,0.628898,0.8415515,0.48853743,0.60558426,0.7783765,0.49596128,0.6890798,0.7533865,0.48423854,0.67390364,0.71257025,0.5536902,0.642382,0.6955446,0.52014816,0.6438571,0.6926703,0.49358127,0.73359597,0.6953832,0.47917917,0.7265138,0.68247396,0.5205514,0.8588867,0.94052035,0.49805644,0.84368634,0.73370105,False,False,False,False,False,False,False,False,False,False,False,False
326,6.52,0.5087767,0.5148222,0.8372963,0.46777678,0.5180661,0.8636306,0.52549285,0.62524164,0.8285474,0.48674062,0.5991487,0.72146654,0.49565288,0.68743557,0.71522206,0.48355573,0.6698287,0.6833738,0.5521933,0.64200103,0.9018123,0.517801,0.64195806,0.6897144,0.491401,0.73694783,0.6634179,0.4776583,0.728343,0.62216455,0.5205604,0.85892415,0.9161675,0.49725333,0.8431179,0.78637797,False,False,False,False,False,False,False,False,False,False,False,False
327,6.54,0.5096744,0.50628775,0.7466441,0.46768606,0.51461047,0.74547637,0.52252895,0.6194141,0.866038,0.4851573,0.5991647,0.7295901,0.49400553,0.6869881,0.7314393,0.48164165,0.67221004,0.64791757,0.5499391,0.63763565,0.8753039,0.51591337,0.63972104,0.6084226,0.4904209,0.73493797,0.83923656,0.4773852,0.7287857,0.7011963,0.5199493,0.8604477,0.8944004,0.4977283,0.84546196,0.79715884,False,False,False,False,False,False,False,False,False,False,False,False
328,6.56,0.50871736,0.4996708,0.84253347,0.46714097,0.50974715,0.8485578,0.519783,0.61629754,0.63933367,0.4848708,0.59734416,0.7607062,0.49327284,0.6862754,0.6369679,0.48162207,0.67156184,0.8236139,0.54837364,0.63369685,0.8576538,0.5137714,0.6367061,0.6145486,0.4893957,0.7339622,0.7124126,0.47686937,0.73079765,0.6128718,0.5208766,0.8602763,0.91822946,0.49729797,0.8451876,0.9047728,False,False,False,False,False,False,False,False,False,False,False,False
329,6.58,0.50960976,0.494681,0.71378464,0.46631795,0.50009674,0.6236674,0.51822597,0.6108807,0.67894334,0.48162085,0.5920476,0.83160836,0.49151337,0.6844662,0.71512187,0.48017365,0.67246175,0.81352115,0.5469171,0.62871695,0.8432657,0.51362824,0.63246584,0.6639405,0.49198478,0.7349532,0.6180593,0.47777387,0.7309775,0.6421413,0.5209473,0.85865986,0.91959864,0.4974699,0.84451985,0.815835,False,False,False,False,False,False,False,False,False,False,False,False
330,6.6,0.5094105,0.48840287,0.7701246,0.4663505,0.49678186,0.8300418,0.5168621,0.6031522,0.61837137,0.48011452,0.5864293,0.79982173,0.4911073,0.67903334,0.7749239,0.4790105,0.6686312,0.8174779,0.54522103,0.62545705,0.8808461,0.51286596,0.6300302,0.7121133,0.4917548,0.73415935,0.82028824,0.47490814,0.732389,0.73432004,0.5209835,0.85790133,0.9159863,0.49853438,0.84326756,0.8780974,False,False,False,False,False,False,False,False,False,False,False,False
331,6.62,0.5100759,0.48288223,0.86490417,0.46567485,0.49375328,0.866702,0.5153906,0.59696215,0.89012533,0.47798634,0.5820783,0.820497,0.49126574,0.6760428,0.8206622,0.478555,0.66453564,0.66616446,0.5443112,0.62284213,0.9202892,0.511421,0.62661403,0.69960123,0.49088433,0.73166585,0.86049825,0.474634,0.7307998,0.7828587,0.5211136,0.85887825,0.9012273,0.49806416,0.8438791,0.8418454,False,False,False,False,False,False,False,False,False,False,False,False
332,6.64,0.5108253,0.47801727,0.7228526,0.4652355,0.48667517,0.86842835,0.51299244,0.59157014,0.8709365,0.47833422,0.5777112,0.70701253,0.4896389,0.67340314,0.80907136,0.47669116,0.6621065,0.6921224,0.5419412,0.6177691,0.8627701,0.50763184,0.6236987,0.7028399,0.4907875,0.7330502,0.64749736,0.4739817,0.7298645500000001,0.579436,0.5217094,0.85902786,0.93666273,0.49822673,0.8451988,0.7204333,False,False,False,False,False,False,False,False,False,True,False,False
333,6.66,0.5103707,0.47228792,0.8614372,0.4659223,0.47978917,0.8159405,0.5123414,0.584894,0.6943639,0.4778264,0.5690819,0.7073288,0.48963314,0.6681651,0.77074784,0.47553036,0.6549939,0.6172138,0.5411606,0.6120444,0.8734064,0.50829,0.6167748,0.63597226,0.4918062,0.7309319,0.9213733,0.4733294,0.7289293,0.7725525,0.5231687,0.8600045,0.85694534,0.4989312,0.8434604,0.8180214,False,False,False,False,False,False,False,False,False,False,False,False
334,6.68,0.51022756,0.46369997,0.83122784,0.4657822,0.47153732,0.7601563,0.5115053,0.577383,0.68428576,0.47854486,0.5633724,0.7689809,0.48933846,0.6608463,0.70613015,0.4755167,0.64897114,0.70213646,0.53880006,0.60741484,0.86792195,0.5064201,0.6128212,0.70758206,0.49208087,0.7331276,0.6510004,0.4739918,0.7288355,0.8480866,0.52214694,0.8612865,0.8941532,0.49831823,0.8425759,0.8190367,False,False,False,False,False,False,False,False,False,False,False,False
335,6.7,0.5110988,0.45719,0.7052027,0.46608874,0.4624749,0.6811583,0.5110075,0.5703829,0.72147983,0.47674593,0.556695,0.75925565,0.48882997,0.6558647,0.6883645,0.47504443,0.64404273,0.7193622,0.53745663,0.6041221,0.8669073,0.50448495,0.609793,0.71949524,0.49287367,0.7331963,0.8789012,0.47451258,0.72930217,0.7843037,0.52205974,0.8585379,0.76371026,0.49752304,0.8415681,0.85775614,False,False,False,False,False,False,False,False,False,False,False,False
336,6.72,0.509924,0.4499594,0.8038566,0.46810377,0.4555255,0.7330151,0.5114216,0.56297314,0.72532445,0.4768085,0.55202895,0.84981257,0.4882844,0.64664143,0.7235253,0.47589943,0.6351521,0.82228404,0.5334475,0.60002095,0.83852506,0.50141066,0.6031145,0.793164,0.49057353,0.7313212,0.83398557,0.47356018,0.7304387,0.8115745,0.5212686,0.85958344,0.9337439,0.49853775,0.8421582,0.8073981,False,False,False,False,False,False,False,False,False,False,False,False
337,6.74,0.5103712,0.4421879,0.74666476,0.46742216,0.44951785,0.81771576,0.5107539,0.5546934,0.85557425,0.4755363,0.5453725,0.8289337,0.48759574,0.63648766,0.61410934,0.47361705,0.626656,0.63493824,0.53178805,0.5936895,0.9273599,0.5004421,0.5960349,0.7841036,0.48986608,0.73109436,0.7644397,0.4753561,0.73094416,0.79004335,0.5212489,0.858334,0.7860233,0.4997471,0.84316677,0.88100255,False,False,False,False,False,False,False,False,False,False,False,False
338,6.76,0.51024306,0.43749765,0.74756294,0.46764797,0.44364303,0.9034938,0.51047695,0.5467082,0.8943395,0.4743844,0.53841126,0.86568373,0.4880698,0.6280834,0.62881875,0.4741272,0.6190571,0.7843729,0.53005147,0.58920634,0.92271155,0.49930865,0.5907903,0.7033828,0.4921756,0.73051035,0.86596566,0.47697756,0.7279904,0.77675956,0.5215058,0.85985553,0.8714673,0.4977998,0.84597105,0.80536586,False,False,False,False,False,False,False,False,False,False,False,False
339,6.78,0.51102763,0.43047225,0.82727623,0.46765232,0.43718332,0.8441977,0.5116425,0.538805,0.69191897,0.47297028,0.5315122,0.8482719,0.48925635,0.6222306,0.65732527,0.47487685,0.61326545,0.67178386,0.5298151,0.5836204,0.8337679,0.49974155,0.587225,0.7176536,0.49149248,0.72767854,0.6749865,0.47664285,0.72627005,0.5931518,0.5209841,0.8552931,0.7284897,0.49732432,0.8394139,0.86954343,False,False,False,False,False,False,False,False,False,True,False,False
340,6.8,0.51100177,0.42460608,0.8303389,0.46878713,0.43209296,0.8795222,0.51259375,0.5327404,0.8116624,0.47223154,0.52695537,0.8575755,0.48961163,0.6165476,0.7048018,0.47390372,0.607979,0.6359606,0.5286569,0.5794759,0.72324795,0.49783555,0.5833077,0.7421029,0.49339646,0.72889006,0.7688471,0.47630814,0.7245497,0.6105143,0.5218207,0.85698265,0.8585103,0.4982446,0.8417935,0.77799344,False,False,False,False,False,False,False,False,False,False,False,False
341,6.82,0.512195,0.41945007,0.73908997,0.4692933999999999,0.425711795,0.5934374,0.51447445,0.5273388,0.872206,0.47041926,0.52150595,0.8203944,0.48950347,0.61222506,0.6967915,0.4720297,0.6023503,0.6557412,0.52715033,0.5755735,0.819365,0.49635124,0.57845014,0.72685534,0.49508294,0.7249927,0.8533405,0.47816244,0.72343385,0.8138061,0.52080536,0.852572,0.6026465,0.49928266,0.8417447,0.86100763,False,True,False,False,False,False,False,False,False,False,False,False
342,6.84,0.5124261,0.41471,0.8138328,0.46979967,0.41933063,0.64615875,0.5145267,0.5225896,0.7596909,0.46857014,0.517316,0.777717,0.489988745,0.6070653500000001,0.5471217,0.47039083,0.5972015,0.6532389,0.52335423,0.57479644,0.8176674,0.49184352,0.57442605,0.7471453,0.49671352,0.72659796,0.80741453,0.4780899,0.7231332,0.67067295,0.5204008,0.8578268,0.774517,0.49979916,0.841453,0.8124398,False,False,False,False,True,False,False,False,False,False,False,False
343,6.86,0.51211876,0.4076007,0.86294526,0.4713885,0.41408098,0.6819973,0.51511353,0.5171173,0.8960054,0.46928856,0.51257384,0.80373716,0.49047402,0.60190564,0.76693517,0.46928158,0.5900442,0.82532275,0.51912826,0.57151234,0.77129745,0.48821864,0.57120645,0.75986624,0.49818203,0.7229662,0.8490495,0.4776874,0.72135293,0.8643896,0.5199371,0.85566485,0.8410553,0.49945074,0.8397001,0.8792416,False,False,False,False,False,False,False,False,False,False,False,False
344,6.88,0.51287574,0.40413356,0.8772446,0.47217724,0.41056433,0.687994,0.51531655,0.513159,0.87976295,0.47021136,0.50957674,0.74971014,0.48915815,0.59801024,0.70137084,0.46809775,0.58324856,0.7480014,0.5174344,0.5732735,0.8663327,0.48766977,0.5756215,0.6823675,0.50035673,0.7263213,0.8852673,0.48064595,0.723257,0.8165389,0.5223914,0.8589258,0.84681135,0.49868876,0.84112775,0.725515,False,False,False,False,False,False,False,False,False,False,False,False
345,6.9,0.51307446,0.40244126,0.64749825,0.47220314,0.41083473,0.8472136,0.5168197,0.51225406,0.8707355,0.47264397,0.506773,0.7004966,0.48874196,0.5968161,0.6791823,0.46748325,0.58134854,0.7287952,0.5181514,0.5674706,0.75072575,0.48712873,0.57037836,0.74791145,0.5004495,0.7230003,0.6709023,0.4806822,0.7193157,0.88393533,0.52173704,0.8597232,0.85185564,0.4994357,0.84022117,0.8392215,False,False,False,False,False,False,False,False,False,False,False,False
346,6.92,0.51427096,0.3980511,0.86385906,0.4726871,0.40763137,0.80685544,0.5159987,0.5096042,0.9049451,0.472009185,0.505775635,0.55531347,0.48882145,0.5934158,0.71983904,0.46605664,0.579395,0.7568084,0.51546746,0.57267207,0.8564828,0.48508692,0.57506454,0.691657,0.5016388,0.72367203,0.75740814,0.48186794,0.7211136,0.69445306,0.52193075,0.8602104,0.8735045,0.4993439,0.8393599,0.850404,False,False,False,True,False,False,False,False,False,False,False,False
347,6.94,0.5135478,0.39796627,0.8798542,0.47216016,0.40809473,0.8834613,0.51554936,0.50757784,0.7448935,0.4713744,0.50477827,0.72706485,0.48953265,0.5912652,0.72998774,0.46692505,0.5793809,0.75993615,0.51462907,0.56796646,0.7674321,0.48209676,0.5706251,0.7274461,0.5022372,0.7227199,0.8284806,0.48361185,0.721186,0.82156855,0.5218305,0.8571303,0.78028023,0.49924952,0.84172106,0.853512,False,False,False,False,False,False,False,False,False,False,False,False
348,6.96,0.51406395,0.3972025,0.864782,0.47094563,0.40672958,0.63706094,0.51606333,0.5056779,0.85461926,0.4717433125,0.5031289775,0.5536251,0.48982513,0.58812886,0.68682945,0.4668288,0.57618576,0.63956445,0.5136163,0.56652176,0.8125477,0.480944,0.5694225,0.7802974,0.50105286,0.72068256,0.7175873,0.48320115,0.7183752,0.82394797,0.52126014,0.8550879,0.8897081,0.49856424,0.8392679,0.6454694,False,False,False,True,False,False,False,False,False,False,False,False
349,6.98,0.51392496,0.3966269,0.7074587,0.473125,0.4067946,0.86105156,0.516284,0.5052714,0.8697033,0.472112225,0.501479685,0.52988726,0.48955175,0.5904576,0.6791181,0.46600804,0.57763946,0.65278727,0.5128193,0.5666422,0.81873786,0.48018926,0.5693576,0.7780665,0.5023859,0.71936846,0.80842537,0.48287183,0.7165265,0.7916586,0.5216783,0.8534398,0.89043707,0.49838668,0.8416968,0.8050237,False,False,False,True,False,False,False,False,False,False,False,False
350,7.0,0.513167,0.3953785,0.7162965,0.473723,0.4059591,0.88698554,0.5165359,0.5051298,0.88954633,0.4724811375,0.4998303925,0.56629235,0.48979387,0.5889722,0.773462,0.46376646,0.5727644,0.78003705,0.5120122,0.56807405,0.8332974,0.47839513,0.57045734,0.7761659,0.50303066,0.71873266,0.8488984,0.48182505,0.71814054,0.6712285,0.5210274,0.8552595,0.8655107,0.49777156,0.84201294,0.77517456,False,False,False,True,False,False,False,False,False,False,False,False
351,7.02,0.5138686,0.39498222,0.79949355,0.47406515,0.40529677,0.8706768,0.5163366,0.5044388,0.8941553,0.47285005,0.4981811,0.6106626,0.49170625,0.5868863,0.7820115,0.46278885,0.57374173,0.8003153,0.5105078,0.5684155,0.7996073,0.47637793,0.5708655,0.74442726,0.5023791,0.7190847,0.84599286,0.48276958,0.71721554,0.721632,0.52220225,0.8542638,0.8358261,0.4983663,0.842045,0.86313444,False,False,False,False,False,False,False,False,False,False,False,False
352,7.04,0.51435846,0.39434883,0.76864094,0.4740814,0.40459192,0.7802174,0.5163008,0.5031312,0.8497511,0.472442505,0.49822758,0.5891592,0.491631425,0.5904074500000001,0.592293,0.46378943,0.571811,0.68660194,0.50907034,0.5706216,0.81868774,0.4749198,0.5716269,0.7628742,0.5028232,0.7196222,0.68263084,0.4830302,0.71570075,0.73982656,0.5212174,0.8560946,0.7595533,0.49720183,0.8407447,0.8655321,False,False,False,True,True,False,False,False,False,False,False,False
353,7.06,0.51281774,0.3950314,0.93299514,0.47372168,0.4039266,0.81289035,0.5159785,0.50362027,0.8865938,0.47203496,0.49827406,0.62146187,0.4915566,0.5939286,0.72931635,0.46332943,0.5736118,0.78279066,0.508517,0.5692754,0.78098506,0.47535172,0.5695724,0.79361564,0.50289184,0.71967226,0.7653154,0.48348323,0.71477973,0.7214266,0.5195204,0.8551447,0.8649177,0.49749756,0.83910406,0.7632107,False,False,False,False,False,False,False,False,False,False,False,False
354,7.08,0.5132426,0.39315653,0.7751555,0.4742977,0.40454102,0.8604274,0.5156253,0.5042501,0.85300606,0.4720833,0.4983567144444444,0.5915063,0.49247256,0.593551,0.75774616,0.4632166,0.5738012,0.7687342,0.5066114,0.5714844,0.8200338,0.47459373,0.5711534,0.8049103,0.5031908,0.72090966,0.7948363,0.48334447,0.7167234,0.721786,0.52010864,0.85574377,0.86657053,0.49657857,0.8402012,0.8146418,False,False,False,True,False,False,False,False,False,False,False,False
355,7.1,0.5131152,0.39516693,0.6207236,0.47459742,0.402174,0.83866674,0.51504916,0.50518245,0.8815994,0.47213164,0.4984393688888889,0.50175864,0.4949678,0.5952098,0.71867394,0.46212614,0.5752333,0.8198545,0.5067483,0.56807077,0.7711481,0.47475567,0.5685113,0.77925706,0.50352067,0.7183504,0.82359254,0.48320213,0.71601796,0.63084805,0.51899284,0.85368544,0.68701917,0.49858597,0.8376394,0.7877824,False,False,False,True,False,False,False,False,False,False,False,False
356,7.12,0.51352733,0.39408302,0.8341865,0.47514787,0.40411994,0.88497573,0.51504266,0.50515455,0.8406018,0.47217998,0.4985220233333333,0.5373494,0.49501,0.5946775,0.7296262,0.46198335,0.5767863,0.75730246,0.50527793,0.5718882,0.82975596,0.4745865,0.5713171,0.82131916,0.5034369,0.7207586,0.8679374,0.48417976,0.7205231,0.7741989,0.5202435,0.8552082,0.85836315,0.49931037,0.83984303,0.85022134,False,False,False,True,False,False,False,False,False,False,False,False
357,7.14,0.5136678,0.39618215,0.7063963,0.47468483,0.40478382,0.8800823,0.5145722,0.5053661,0.88203776,0.47222832,0.4986046777777778,0.54042304,0.4962262,0.5955411,0.63062656,0.4617392,0.57564664,0.84313667,0.5053315,0.57109064,0.80077326,0.47368082,0.5720014,0.82772905,0.50332385,0.72076046,0.8890504,0.48373863,0.7202391,0.7800018,0.52094907,0.85432076,0.8864677,0.4995135,0.8418748,0.882875,False,False,False,True,False,False,False,False,False,False,False,False
358,7.16,0.5136302,0.39588404,0.6797686,0.4750393,0.4053041,0.8755453,0.51410156,0.5055575,0.87978125,0.47227666,0.4986873322222222,0.5543931,0.49626762,0.59569407,0.6120213,0.46142036,0.57580495,0.8369082,0.50457656,0.5710307,0.7969373,0.473358,0.57219124,0.82862085,0.5028391,0.7207027,0.87204707,0.48530194,0.7208214,0.8211171,0.52081627,0.8550858,0.87118137,0.49927706,0.8416524,0.8802612,False,False,False,True,False,False,False,False,False,False,False,False
359,7.18,0.5132121,0.39480272,0.6560733,0.47468805,0.40376836,0.8652955,0.5138683,0.5054891,0.87216043,0.472325,0.4987699866666666,0.4945779,0.49470472,0.59492457,0.69542956,0.4610505,0.57504374,0.8453493,0.5035247,0.5714216,0.80484235,0.47264066,0.57287383,0.8366656,0.50314385,0.72133625,0.8801864,0.48566434,0.720185,0.83253783,0.5205384,0.8551229,0.8586816,0.4992499,0.8412797,0.8780172,False,False,False,True,False,False,False,False,False,False,False,False
360,7.2,0.51355195,0.39543355,0.635609,0.47471973,0.4045263,0.76289254,0.51323515,0.5053693,0.8820861,0.47237334,0.4988526411111111,0.556037,0.49482834,0.59593666,0.68634385,0.46055958,0.5748387,0.8426464,0.5025104,0.57345635,0.8056909,0.47178313,0.57508963,0.83952934,0.50300926,0.7223486,0.73879504,0.48525086,0.720022,0.7903601,0.52068436,0.8541174,0.845585,0.49885598,0.8417956,0.8879352,False,False,False,True,False,False,False,False,False,False,False,False
361,7.22,0.5131086,0.395768,0.8960883,0.47532234,0.40278158,0.740912,0.51270556,0.50555253,0.89399403,0.47242168,0.4989352955555555,0.59124815,0.49595392,0.59366864,0.7413877,0.45996362,0.5759057,0.8592396,0.50249803,0.5701564,0.7482627,0.4721836,0.5715652,0.7838666,0.5032712,0.722784,0.7359287,0.48538676,0.72203356,0.62150085,0.5199295,0.8547301,0.78182787,0.49929842,0.8404306,0.669045,False,False,False,True,False,False,False,False,False,False,False,False
362,7.24,0.5129733,0.39473414,0.7299351,0.47539112,0.4034993,0.8026576,0.5132747,0.50548935,0.9040873,0.47247002,0.49901795,0.60516346,0.4961429,0.59510976,0.7084597,0.45974922,0.5752049,0.85144806,0.5017348,0.57240635,0.7988252,0.47208536,0.57307965,0.8351463,0.50406075,0.7227156,0.7905738,0.4852126,0.71973395,0.74069506,0.52084374,0.8552688,0.7673266,0.49937913,0.84239453,0.8640213,False,False,False,False,False,False,False,False,False,False,False,False
363,7.26,0.5128189,0.39622957,0.90562326,0.47560936,0.40404555,0.7815163,0.5127528,0.5047035,0.90278274,0.4724229,0.4983647833333333,0.5800054,0.49577108,0.59489477,0.6685296,0.45944342,0.5744233,0.8434137,0.5019125,0.5700681,0.7491474,0.47166285,0.57151806,0.80943495,0.5035052,0.7209638,0.7528664,0.48566946,0.7205106,0.65693253,0.5205857,0.85540557,0.7717597,0.4991853,0.8436451,0.8356152,False,False,False,True,False,False,False,False,False,False,False,False
364,7.28,0.51330125,0.39522555,0.75856304,0.47574392,0.40410313,0.84045506,0.51327914,0.50515515,0.9044754,0.47237578,0.4977116166666666,0.565166,0.4958482,0.59508294,0.6821175,0.45917577,0.5736726,0.85096115,0.5011491,0.5705045,0.7697777,0.47111008,0.5713719,0.8344875,0.50342685,0.7212023,0.77816087,0.48450172,0.7209366,0.6798788,0.5203371,0.85520166,0.7711863,0.49893185,0.8438092,0.84124094,False,False,False,True,False,False,False,False,False,False,False,False
365,7.3,0.5127918,0.3953878,0.761577,0.47594702,0.40169403,0.811657,0.5136072,0.50606036,0.78620154,0.47232866,0.49705845,0.6051061,0.4964341,0.59508,0.70719624,0.45897487,0.573449,0.8546962,0.50039333,0.5729576,0.80523133,0.4708053,0.57336146,0.8392049,0.5038204,0.7212495,0.81385577,0.48436114,0.7209526,0.6912894,0.518321,0.8542764,0.8620843,0.49796164,0.8407438,0.78307235,False,False,False,False,False,False,False,False,False,False,False,False
366,7.32,0.5130382,0.39738867,0.9126521,0.47588375,0.40351677,0.8022485,0.51284826,0.5066121,0.812313,0.47204646,0.49728388,0.6591102,0.49656934,0.59330803,0.65635985,0.45871684,0.5726175,0.8345233,0.5004982,0.5728885,0.78735673,0.4700204,0.57336676,0.8269706,0.50431293,0.7212753,0.8608274,0.48590007,0.7209791,0.7557305,0.5205275,0.85393757,0.8235847,0.4995352,0.8388767,0.7737718,False,False,False,False,False,False,False,False,False,False,False,False
367,7.34,0.5131418,0.39670324,0.8992473,0.47592157,0.4045342,0.83996785,0.5126113,0.50618327,0.84399146,,,0.5270404,0.49699306,0.5930342,0.6709118,0.45864624,0.5730123,0.8365123,0.4995612,0.57357806,0.79299814,0.4695436,0.57370603,0.8389028,0.5044771,0.72116363,0.8530216,0.4862833,0.72071105,0.79281396,0.5204584,0.854306,0.8168106,0.49991265,0.84156007,0.86100125,False,False,False,False,False,False,False,False,False,False,False,False
368,7.36,0.51280844,0.3964316,0.8884069,0.47557908,0.40396035,0.8371703,0.5127679,0.5075193,0.8672453,,,0.5648431,0.4954742,0.59613484,0.6558537,0.45861408,0.5733856,0.84283745,0.49936536,0.5740708,0.79634756,0.46883252,0.5736102,0.82275254,0.5048111,0.720955,0.84943724,0.4863526,0.71940726,0.78494096,0.521128,0.8547897,0.7699053,0.49963224,0.8418493,0.86698943,False,False,False,False,False,False,False,False,False,False,False,False
369,7.38,0.51277703,0.39645568,0.79033387,0.47571072,0.40255678,0.8469311,0.5127787,0.5069835,0.8782456,,,0.5605098,0.4947745,0.59691036,0.6754878,0.4581517,0.5726993,0.81979716,0.49916562,0.5713136,0.7638949,0.46885476,0.57032716,0.7734543,0.50461584,0.72042245,0.8266686,0.48626444,0.71881557,0.7668286,0.52143556,0.8559646,0.74480224,0.49953285,0.84241873,0.89779294,False,False,False,False,False,False,False,False,False,False,False,False
370,7.4,0.51201886,0.39559412,0.80055815,0.47552326,0.40323338,0.7250664,0.51318324,0.5075806,0.87672734,,,0.54882205,0.49600056,0.5958963,0.6637419,0.45783332,0.57318914,0.8541156,0.4987664,0.5745436,0.83349794,0.46921042,0.57351834,0.8453054,0.50548923,0.7220899,0.836934,0.48669693,0.71975416,0.8223733,0.52151346,0.8555766,0.7455856,0.49905986,0.8405294,0.79028296,False,False,False,False,False,False,False,False,False,False,False,False
371,7.42,0.5125759,0.3955162,0.8823185,0.47583407,0.40366912,0.7748459,0.5127703,0.5071517,0.88439983,,,0.549888,0.49501705,0.59724236,0.66046697,0.45808664,0.5732733,0.8373512,0.49934393,0.57192445,0.77696234,0.46961066,0.5703806,0.6658329,0.5040705,0.72114366,0.83844835,0.48510656,0.720304,0.83443564,0.52123904,0.85500836,0.7419656,0.49903247,0.8401122,0.82059157,False,False,False,False,False,False,False,False,False,False,False,False
372,7.44,0.5117073,0.39714378,0.9034652,0.4762441,0.40163884,0.82580864,0.5129977,0.5069319,0.86200136,,,0.5237573,0.4959727,0.59648263,0.6999005,0.4582023,0.573531,0.8318633,0.49856898,0.57425886,0.8170235,0.46950752,0.57290536,0.83623135,0.5054733,0.72202504,0.8563276,0.4868562,0.72042596,0.8256019,0.5210472,0.8542538,0.7576505,0.4992564,0.8402355,0.79376906,False,False,False,False,False,False,False,False,False,False,False,False
373,7.46,0.5124665,0.3957014,0.88325626,0.47650528,0.4033016,0.7887446,0.51267916,0.5072063,0.8887454,,,0.5710583,0.49500656,0.5970704,0.6699129,0.4581427,0.5730287,0.82302606,0.49888414,0.5723261,0.7832641,0.46953073,0.57118,0.6848545,0.5045704,0.7206717,0.83128124,0.48675695,0.7185419,0.79009223,0.5216773,0.85422975,0.6853,0.4988059,0.8405353,0.781029,False,False,False,False,False,False,False,False,False,False,False,False
374,7.48,0.5118385,0.39575493,0.9169242,0.4759675,0.4039149,0.7990293,0.51326597,0.5067496,0.8767007,,,0.5563495,0.49530634,0.59667355,0.6730451,0.4582631,0.57226485,0.8262205,0.49870294,0.5741854,0.8170435,0.46911156,0.5721665,0.7089558,0.50488675,0.7207152,0.8447534,0.48683783,0.7194301,0.8186052,0.52118826,0.8540984,0.7467054,0.498652,0.8402139,0.7682674,False,False,False,False,False,False,False,False,False,False,False,False
375,7.5,0.51266235,0.3961016,0.88363194,0.47567463,0.4035332,0.76760787,0.51284325,0.50718564,0.88961595,,,0.56596226,0.4953653,0.5965571,0.63661116,0.45794132,0.57299125,0.82797086,0.49903697,0.5732774,0.80960214,0.4695125,0.5720338,0.72418326,0.50525385,0.7201461,0.69337666,0.48683384,0.71797943,0.7997717,0.5212764,0.85368437,0.6818473,0.49890023,0.83967173,0.7948846,False,False,False,False,False,False,False,False,False,False,False,False
376,7.52,0.512577,0.3960334,0.8971695,0.4756279,0.4043955,0.7751638,0.51320237,0.5073716,0.88850105,,,0.56338054,0.49545664,0.5966009,0.6547284,0.45852607,0.5734271,0.8311302,0.49886763,0.5743136,0.8172027,0.46917552,0.5730765,0.70926136,0.5050654,0.71987146,0.8116556,0.48724192,0.720176,0.824354,0.5212661,0.85344464,0.7292425,0.4992736,0.84083015,0.8758303,False,False,False,False,False,False,False,False,False,False,False,False
377,7.54,0.51252145,0.3956263,0.8832823,0.47627404,0.40304917,0.7706465,0.5128906,0.5074197,0.89023083,,,0.53808886,0.4955454,0.59723264,0.64327914,0.45812643,0.5730356,0.8231129,0.49945527,0.57306033,0.7931313,0.46994415,0.5716558,0.70666057,0.50610256,0.7185452,0.6756452,0.48700532,0.7174071,0.74038315,0.5209713,0.85250163,0.70800066,0.49901932,0.839117,0.80179226,False,False,False,False,False,False,False,False,False,False,False,False
378,7.56,0.51271224,0.39610568,0.90001446,0.47606075,0.40299976,0.8293482,0.51313996,0.50732875,0.8698501,,,0.57191384,0.4958834,0.5962122,0.6682465,0.45904464,0.5738319,0.8238663,0.4992293,0.57454914,0.8168539,0.4691899,0.5731816,0.8364667,0.50505364,0.71811944,0.80895966,0.4864939,0.71774155,0.78546226,0.520809,0.8546987,0.7368142,0.49835435,0.84043175,0.8593365,False,False,False,False,False,False,False,False,False,False,False,False
379,7.58,0.5124948,0.39527813,0.88719094,0.47573292,0.4020345,0.83327097,0.51311225,0.50740445,0.8916532,,,0.52970994,0.49569625,0.59687716,0.6303306,0.45837685,0.57355326,0.8284988,0.49963352,0.5722142,0.78681767,0.47004837,0.5706758,0.6792272,0.5053999,0.71826357,0.85741943,0.48631313,0.71797556,0.8502172,0.5207762,0.8525986,0.72925496,0.4991555,0.83890355,0.8210173,False,False,False,False,False,False,False,False,False,False,False,False
380,7.6,0.512472,0.39657992,0.9200181,0.47645512,0.40185988,0.8129063,0.5133845,0.50753164,0.8670865,,,0.5520134,0.49606913,0.59664065,0.6925165,0.4589758,0.57378596,0.8410866,0.4993066,0.5743411,0.823127,0.4698078,0.5730931,0.84507346,0.50580466,0.71932787,0.8231453,0.4870402,0.7183891,0.8130441,0.5208184,0.8538454,0.7555889,0.49892554,0.8406957,0.8620401,False,False,False,False,False,False,False,False,False,False,False,False
381,7.62,0.5117907,0.395209,0.88998747,0.4758557,0.40258902,0.83703595,0.51314735,0.5072919,0.88115716,,,0.5662006,0.49596554,0.5965056,0.63804984,0.45915842,0.57373035,0.82352495,0.49947423,0.5723332,0.7782279,0.4699632,0.5712388,0.67731214,0.50568795,0.7189382,0.8544041,0.48722157,0.71758616,0.7481088,0.5215572,0.85324275,0.7045236,0.49901512,0.8398736,0.7841305,False,False,False,False,False,False,False,False,False,False,False,False
382,7.64,0.51229674,0.39631957,0.9190873,0.4758953,0.4040025,0.78669965,0.513289,0.5073291,0.8702726,,,0.5764703,0.49608096,0.5972877,0.6842207,0.45888126,0.5731296,0.8327366,0.4994245,0.5734601,0.8139493,0.47016272,0.5715324,0.73796856,0.5056678,0.7175555,0.7907102,0.4873489,0.71753323,0.81499165,0.52118945,0.852594,0.72084415,0.4985748,0.83980477,0.7663128,False,False,False,False,False,False,False,False,False,False,False,False
383,7.66,0.512223,0.3961585,0.909045,0.47584927,0.40276068,0.8395027,0.5132975,0.50740176,0.87107015,,,0.58366424,0.49658597,0.597241,0.65649337,0.45908546,0.572993,0.81938195,0.49961147,0.5734963,0.7992307,0.47031885,0.57196665,0.8213101,0.50656646,0.71953,0.70710576,0.48747367,0.71866804,0.8284226,0.52136904,0.8547478,0.6816916,0.49897525,0.8410725,0.8764949,False,False,False,False,False,False,False,False,False,False,False,False
384,7.68,0.51218694,0.3964386,0.91857684,0.47581133,0.40291464,0.7940116,0.5132363,0.5079678,0.8643822,,,0.5431053,0.4961887,0.59764314,0.6884164,0.45904687,0.5739776,0.82126707,0.49995843,0.5739778,0.80842274,0.47037607,0.5725298,0.72939265,0.5069787,0.718899,0.6666037,0.4876053,0.7177234,0.7820186,0.5212665,0.8541163,0.7580291,0.49881282,0.84029186,0.76581293,False,False,False,False,False,False,False,False,False,False,False,False
385,7.7,0.5121016,0.39651257,0.9081771,0.47592562,0.403642,0.83867484,0.5132693,0.5079785,0.8593098,,,0.5370491,0.49672356,0.59725213,0.6668257,0.4591574,0.5748002,0.83424336,0.49997082,0.57408905,0.80389905,0.47020352,0.57336783,0.8332238,0.5073398,0.71953857,0.6882157,0.48784846,0.71826917,0.7999974,0.5219704,0.85398954,0.76364726,0.4997177,0.8410063,0.8656632,False,False,False,False,False,False,False,False,False,False,False,False
386,7.72,0.51168,0.3947616,0.8827277,0.47539648,0.4039261,0.861,0.513199,0.5077937,0.8678272,0.47272176,0.49460652,0.6628448,0.49667817,0.5971414,0.64444405,0.45914322,0.5736889,0.8264732,0.50024325,0.57175267,0.7686004,0.47035396,0.57113624,0.7836785,0.5073299,0.7183074,0.6958714,0.4879907,0.71701705,0.7515327,0.52193964,0.85363036,0.758301,0.4993184,0.84020895,0.7822331,False,False,False,False,False,False,False,False,False,False,False,False
387,7.74,0.5122082,0.39632007,0.92490304,0.4755843,0.4023413,0.8067094,0.5137348,0.50709677,0.8534569,0.47203782,0.49705178,0.6219154,0.49702582,0.5970584,0.6858149,0.45903614,0.5742215,0.86379033,0.5002074,0.57396775,0.81864136,0.47028008,0.5735012,0.84291786,0.5058259,0.71904856,0.8236871,0.48766822,0.7193391,0.8318022,0.5213818,0.8533962,0.7705982,0.49956408,0.83881074,0.78299093,False,False,False,False,False,False,False,False,False,False,False,False
388,7.76,0.5119714,0.39489934,0.89521337,0.4750714,0.40393004,0.87312186,0.5133164,0.5081804,0.8677479,0.47147697,0.4968342,0.6450308,0.49695256,0.5980338,0.6733121,0.45913905,0.5743132,0.8424357,0.5008159,0.5733242,0.7893106,0.4706965,0.5729488,0.81669414,0.50720894,0.7199572,0.67834246,0.48823363,0.71793747,0.75545424,0.5216113,0.8536955,0.77581483,0.49956682,0.8392014,0.7950332,False,False,False,False,False,False,False,False,False,False,False,False
389,7.78,0.5131393,0.39728263,0.91348875,0.47549552,0.40380076,0.8580092,0.51355636,0.5079153,0.8379127,0.47234085,0.4982443,0.62344545,0.49758884,0.59721273,0.61922497,0.4594023,0.57464916,0.8395265,0.5011194,0.5738432,0.8064123,0.47113907,0.5738233,0.8337763,0.5067509,0.71928596,0.78601706,0.488437,0.71802914,0.7161661,0.5200892,0.8515406,0.79889065,0.5000506,0.83814734,0.8229619,False,False,False,False,False,False,False,False,False,False,False,False
390,7.8,0.51188064,0.3960248,0.8866739,0.4760151,0.40252164,0.87604034,0.5136309,0.5081372,0.8355023,0.4729864,0.49623176,0.6340925,0.49762326,0.5977522,0.6620978,0.4596402,0.5738407,0.8380471,0.5007562,0.5721085,0.77118325,0.4705854,0.5721559,0.80643696,0.5065983,0.7193346,0.8145194,0.4882639,0.7180726,0.7860886,0.52005136,0.85367966,0.7981998,0.49994642,0.839815,0.746285,False,False,False,False,False,False,False,False,False,False,False,False
391,7.82,0.5125543,0.39691356,0.9205207,0.47567457,0.40328336,0.7860346,0.5141304,0.50806737,0.8475237,0.47214043,0.49853685,0.61622113,0.4975535,0.5973231,0.65172917,0.45946756,0.5741706,0.84562856,0.50037074,0.5736289,0.80286545,0.47092488,0.57279193,0.8320871,0.506395,0.7190061,0.8146826,0.4877027,0.7184713,0.8149129,0.5208371,0.8522699,0.7469639,0.49988872,0.83869386,0.79855764,False,False,False,False,False,False,False,False,False,False,False,False
392,7.84,0.51182574,0.39529026,0.88560224,0.47599497,0.40318817,0.8706437,0.5137976,0.50741136,0.8694194,0.47329953,0.49615037,0.65197694,0.49741,0.5976569,0.68087035,0.45958742,0.57425445,0.83612835,0.5001595,0.573075,0.7844435,0.47064978,0.57232654,0.8130457,0.5063881,0.72035295,0.8280108,0.488001,0.7203141,0.8461218,0.52128834,0.8566665,0.6896574,0.50020975,0.8414042,0.87425405,False,False,False,False,False,False,False,False,False,False,False,False
393,7.86,0.51237816,0.39575946,0.9223711,0.47599933,0.4018434,0.7971993,0.51409835,0.5069749,0.8765719,0.473083215,0.4972290099999999,0.53102237,0.4975174,0.59782666,0.646852,0.45942268,0.5734834,0.8330726,0.500702,0.5731884,0.79905164,0.47090444,0.5713057,0.7147261,0.5067578,0.720111,0.78558546,0.48819268,0.71841335,0.7329409,0.5211619,0.85358834,0.75464004,0.50020677,0.839185,0.8590049,False,False,False,True,False,False,False,False,False,False,False,False
394,7.88,0.5127534,0.3967811,0.9202911,0.47551313,0.40425962,0.8531988,0.5141848,0.50774807,0.86364466,0.4728669,0.49830765,0.63411593,0.49783856,0.59736514,0.64817584,0.45966154,0.57425797,0.8442896,0.5001537,0.57322,0.7859539,0.47085586,0.5721967,0.8254099,0.5064767,0.71996754,0.82861453,0.48784548,0.71874726,0.8166805,0.52143955,0.85384715,0.7646849,0.5006454,0.84076023,0.8793228,False,False,False,False,False,False,False,False,False,False,False,False
395,7.9,0.51274544,0.396409,0.9195223,0.4756473,0.40443063,0.8519851,0.51422316,0.5077607,0.8856349,0.47311859,0.49774361,0.5747245,0.49790356,0.59798574,0.6137993,0.45977896,0.5735817,0.84175503,0.50070757,0.57321507,0.797906,0.47088572,0.57210976,0.8252668,0.5083029,0.72124636,0.7421678,0.4882187,0.7192317,0.8346461,0.52212703,0.85478574,0.7685838,0.5006336,0.84072423,0.88010794,False,False,False,True,False,False,False,False,False,False,False,False
396,7.92,0.5129916,0.39634296,0.91683394,0.4755738,0.40337843,0.8640444,0.5141523,0.50780874,0.8616787,0.47337028,0.49717957,0.6347161,0.49798828,0.5980172725,0.5992582,0.45968303,0.573497,0.83170795,0.50053227,0.57236737,0.7781703,0.47094548,0.57164586,0.81406534,0.5077043,0.7207938,0.6848562,0.48780945,0.7178943,0.77265984,0.5212726,0.8531963,0.7221344,0.4998988,0.8393099,0.8101571,False,False,False,False,True,False,False,False,False,False,False,False
397,7.94,0.51285446,0.39706925,0.9209855,0.475471,0.40416566,0.8503522,0.5144163,0.5085357,0.87165767,0.47300148,0.49742693,0.6195711,0.498073,0.598048805,0.5944915,0.459708675,0.57347453,0.57020724,0.5006555,0.57282275,0.79353523,0.47085935,0.5718372,0.825663,0.5074133,0.7213607,0.836987,0.4880675,0.72017056,0.82782876,0.52153903,0.8547504,0.77133703,0.50033015,0.8410122,0.8709908,False,False,False,False,True,True,False,False,False,False,False,False
398,7.96,0.51272905,0.39690557,0.91896176,0.47601733,0.40348783,0.8485328,0.5142415,0.50781137,0.8676395,0.47341086,0.4972173749999999,0.54086494,0.49815772,0.5980803375,0.5808728,0.45973432,0.57345206,0.8315202,0.50074434,0.57275724,0.79608196,0.47119477,0.5716037,0.8178804,0.5082299,0.7215331,0.72448283,0.48796278,0.7192939,0.8027587,0.5213492,0.8529175,0.7148505,0.49998447,0.840788,0.89065415,False,False,False,True,True,False,False,False,False,False,False,False
399,7.98,0.5128701,0.397603,0.9231041,0.4761189,0.40286803,0.88067424,0.5144784,0.50824934,0.86326855,0.47382024,0.49700782,0.6253074,0.49824244,0.59811187,0.6176503,0.45994103,0.5737784,0.85022765,0.5008461,0.5738453,0.8053303,0.47115287,0.5729827,0.83837456,0.50748515,0.7214734,0.8314514,0.48806062,0.7193095,0.8179013,0.5199062,0.85474336,0.7357572,0.5001582,0.8403884,0.85727173,False,False,False,False,False,False,False,False,False,False,False,False
400,8.0,0.511923,0.39577138,0.9075213,0.47616068,0.40241697,0.89113665,0.5141606,0.5077918,0.8643224,0.473600805,0.49790460000000003,0.5569547,0.4979253,0.5989883,0.6442685,0.45975685,0.57301694,0.82904613,0.5016384,0.5733054,0.7918823,0.47194952,0.5719202,0.7248413,0.50862694,0.72078013,0.7198494,0.48866564,0.7176832,0.75854343,0.5214955,0.8532604,0.73825455,0.49986973,0.840671,0.8881429,False,False,False,True,False,False,False,False,False,False,False,False
