molab_frame,molab_time,video_frame,video_time,JointAngle/R_ankle_X,JointAngle/R_ankle_Y,JointAngle/R_ankle_Z,JointAngle/R_knee_X,JointAngle/R_knee_Y,JointAngle/R_knee_Z,JointAngle/L_knee_X,JointAngle/L_knee_Y,JointAngle/L_knee_Z,JointAngle/pelvis_X,JointAngle/pelvis_Y,JointAngle/pelvis_Z,JointAngle/L_ankle_X,JointAngle/L_ankle_Y,JointAngle/L_ankle_Z,JointAngle/L_hip_X,JointAngle/L_hip_Y,JointAngle/L_hip_Z,JointAngle/R_hip_X,JointAngle/R_hip_Y,JointAngle/R_hip_Z,SegmentAcc/R_foot_X,SegmentAcc/R_foot_Y,SegmentAcc/R_foot_Z,SegmentAcc/R_shank_X,SegmentAcc/R_shank_Y,SegmentAcc/R_shank_Z,SegmentAcc/L_shank_X,SegmentAcc/L_shank_Y,SegmentAcc/L_shank_Z,SegmentAcc/pelvis_X,SegmentAcc/pelvis_Y,SegmentAcc/pelvis_Z,SegmentAcc/L_foot_X,SegmentAcc/L_foot_Y,SegmentAcc/L_foot_Z,SegmentAcc/L_thigh_X,SegmentAcc/L_thigh_Y,SegmentAcc/L_thigh_Z,SegmentAcc/R_thigh_X,SegmentAcc/R_thigh_Y,SegmentAcc/R_thigh_Z,SegmentGyro/R_foot_X,SegmentGyro/R_foot_Y,SegmentGyro/R_foot_Z,SegmentGyro/R_shank_X,SegmentGyro/R_shank_Y,SegmentGyro/R_shank_Z,SegmentGyro/L_shank_X,SegmentGyro/L_shank_Y,SegmentGyro/L_shank_Z,SegmentGyro/pelvis_X,SegmentGyro/pelvis_Y,SegmentGyro/pelvis_Z,SegmentGyro/L_foot_X,SegmentGyro/L_foot_Y,SegmentGyro/L_foot_Z,SegmentGyro/L_thigh_X,SegmentGyro/L_thigh_Y,SegmentGyro/L_thigh_Z,SegmentGyro/R_thigh_X,SegmentGyro/R_thigh_Y,SegmentGyro/R_thigh_Z,SegmentQuaternions/Base/R_foot_W,SegmentQuaternions/Base/R_foot_X,SegmentQuaternions/Base/R_foot_Y,SegmentQuaternions/Base/R_foot_Z,SegmentQuaternions/Base/R_shank_W,SegmentQuaternions/Base/R_shank_X,SegmentQuaternions/Base/R_shank_Y,SegmentQuaternions/Base/R_shank_Z,SegmentQuaternions/Base/L_shank_W,SegmentQuaternions/Base/L_shank_X,SegmentQuaternions/Base/L_shank_Y,SegmentQuaternions/Base/L_shank_Z,SegmentQuaternions/Base/pelvis_W,SegmentQuaternions/Base/pelvis_X,SegmentQuaternions/Base/pelvis_Y,SegmentQuaternions/Base/pelvis_Z,SegmentQuaternions/Base/L_foot_W,SegmentQuaternions/Base/L_foot_X,SegmentQuaternions/Base/L_foot_Y,SegmentQuaternions/Base/L_foot_Z,SegmentQuaternions/Base/L_thigh_W,SegmentQuaternions/Base/L_thigh_X,SegmentQuaternions/Base/L_thigh_Y,SegmentQuaternions/Base/L_thigh_Z,SegmentQuaternions/Base/R_thigh_W,SegmentQuaternions/Base/R_thigh_X,SegmentQuaternions/Base/R_thigh_Y,SegmentQuaternions/Base/R_thigh_Z
466,4.66,304,6.08,0.292,-0.722,0.003,-0.064,-0.022,0.006,0.053,-0.102,0.037,-0.414,0.117,-0.021,-0.027,0.642,-0.036,-0.548,-0.186,-0.035,-0.524,0.318,0.006,0.011,0.003,0.947,-0.005,0.002,1.009,-0.002,-0.002,1.045,0.002,0.008,0.997,0.008,-0.005,0.963,-0.002,0.003,0.881,0.001,0.003,0.951,0.059,0.119,-0.018,0.193,-0.145,-0.204,0.085,0.038,0.196,-0.05,-0.015,0.106,0.128,0.291,0.139,-0.109,-0.104,-0.082,0.287,-0.572,0.262,1.0,0.002,-0.005,0.0,1.0,0.0,0.002,0.0,1.0,-0.002,0.001,0.0,1.0,0.004,-0.001,0.0,1.0,-0.002,-0.004,0.0,1.0,-0.001,0.001,0.0,1.0,-0.001,0.002,0.0
467,4.67,304,6.08,0.315,-0.657,0.004,-0.01,-0.032,0.003,0.038,-0.16,0.034,-0.446,0.116,-0.019,-0.039,0.632,-0.037,-0.569,-0.152,-0.03,-0.521,0.298,0.004,0.005,0.005,0.951,-0.001,-0.002,1.008,-0.006,-0.001,1.044,0.002,0.011,0.998,0.004,-0.002,0.962,0.001,-0.001,0.883,-0.001,0.003,0.952,-0.006,0.198,0.009,0.072,-0.063,-0.172,0.17,-0.133,-0.008,-0.298,-0.084,0.279,0.185,0.16,0.096,-0.122,-0.074,-0.228,0.3,-0.428,0.085,1.0,0.002,-0.004,0.0,1.0,-0.001,0.001,0.0,1.0,-0.001,0.002,0.0,1.0,0.004,-0.001,0.0,1.0,-0.002,-0.004,0.0,1.0,-0.001,0.0,0.0,1.0,-0.001,0.002,0.0
468,4.68,305,6.1,0.329,-0.61,0.006,0.056,-0.051,-0.001,0.047,-0.165,0.033,-0.445,0.083,-0.016,-0.043,0.688,-0.039,-0.538,-0.138,-0.025,-0.484,0.267,0.003,0.007,0.003,0.951,-0.001,-0.004,1.012,-0.008,0.0,1.045,0.0,0.008,0.995,0.01,-0.002,0.957,-0.004,0.003,0.889,-0.004,0.002,0.954,-0.013,0.043,-0.105,0.071,-0.225,-0.233,0.084,-0.269,-0.13,-0.725,-0.022,0.271,0.09,-0.047,0.083,0.319,-0.15,-0.231,0.24,-0.436,0.095,1.0,0.002,-0.004,0.0,1.0,-0.001,0.001,0.0,1.0,-0.001,0.002,0.0,1.0,0.004,-0.001,0.0,1.0,-0.002,-0.004,0.0,1.0,-0.001,0.0,0.0,1.0,0.0,0.002,0.0
469,4.69,305,6.1,0.316,-0.648,0.006,0.028,-0.071,-0.002,0.064,-0.184,0.035,-0.424,0.116,-0.015,-0.098,0.711,-0.042,-0.479,-0.173,-0.023,-0.46,0.332,0.002,0.009,0.005,0.945,-0.003,-0.001,1.007,-0.009,0.002,1.047,0.006,0.006,0.992,0.008,-0.005,0.96,-0.001,0.001,0.891,-0.007,-0.001,0.95,-0.077,0.242,-0.014,-0.109,-0.067,-0.034,-0.305,-0.339,-0.235,-1.088,-0.017,0.139,0.128,-0.104,0.135,0.342,-0.028,-0.004,0.277,-0.237,0.091,1.0,0.002,-0.004,0.0,1.0,-0.001,0.001,0.0,1.0,-0.001,0.002,0.0,1.0,0.004,-0.001,0.0,1.0,-0.002,-0.004,0.0,1.0,0.0,0.001,0.0,1.0,0.0,0.002,0.0
470,4.7,306,6.12,0.315,-0.644,0.009,0.002,-0.016,-0.005,0.052,-0.175,0.04,-0.441,0.092,-0.013,-0.059,0.664,-0.047,-0.514,-0.12,-0.023,-0.479,0.272,0.002,0.005,0.007,0.945,-0.007,0.004,1.006,-0.003,-0.002,1.047,-0.001,0.011,0.993,0.007,0.0,0.961,-0.001,-0.001,0.893,0.004,-0.002,0.95,-0.168,0.167,0.127,-0.234,-0.143,-0.199,-0.196,-0.318,-0.335,-0.783,0.044,0.15,-0.005,-0.132,0.131,0.293,-0.12,0.083,0.284,-0.219,0.148,1.0,0.002,-0.004,0.0,1.0,0.0,0.001,0.0,1.0,-0.001,0.002,0.0,1.0,0.004,-0.001,0.0,1.0,-0.002,-0.004,0.0,1.0,-0.001,0.0,0.0,1.0,0.0,0.002,0.0
471,4.71,306,6.12,0.318,-0.637,0.008,-0.028,-0.016,-0.006,0.043,-0.154,0.044,-0.413,0.066,-0.014,-0.057,0.666,-0.049,-0.464,-0.12,-0.026,-0.465,0.215,0.004,0.012,0.007,0.949,0.003,0.002,1.01,-0.004,0.001,1.047,-0.001,0.006,0.997,0.007,0.005,0.959,-0.003,0.001,0.889,0.0,-0.002,0.96,-0.202,0.315,0.025,-0.108,-0.128,0.128,-0.339,-0.198,-0.093,-0.534,-0.01,-0.029,-0.12,-0.113,0.093,0.2,-0.229,0.299,0.282,-0.142,0.189,1.0,0.003,-0.004,0.0,1.0,0.0,0.001,0.0,1.0,-0.001,0.002,0.0,1.0,0.004,-0.001,0.0,1.0,-0.001,-0.004,0.0,1.0,0.0,0.0,0.0,1.0,0.0,0.001,0.0
472,4.72,307,6.14,0.365,-0.608,0.003,-0.02,-0.013,-0.001,-0.01,-0.14,0.046,-0.378,0.048,-0.015,-0.06,0.656,-0.049,-0.452,-0.122,-0.031,-0.437,0.161,0.006,0.009,0.008,0.945,0.001,-0.001,1.018,-0.007,0.01,1.046,-0.001,0.003,0.995,0.006,0.0,0.957,-0.003,-0.003,0.898,0.004,-0.003,0.957,-0.066,0.192,0.02,-0.59,0.107,0.496,-0.245,-0.279,0.142,-0.594,-0.068,-0.094,-0.148,-0.245,0.113,0.283,-0.292,0.406,0.595,-0.314,0.073,1.0,0.003,-0.004,0.0,1.0,0.0,0.001,0.0,1.0,-0.001,0.002,0.0,1.0,0.003,0.0,0.0,1.0,-0.001,-0.004,0.0,1.0,-0.001,0.001,0.0,1.0,-0.001,0.001,0.0
473,4.73,307,6.14,0.368,-0.615,-0.012,-0.057,0.009,0.014,-0.057,-0.136,0.049,-0.344,0.07,-0.016,-0.098,0.699,-0.046,-0.444,-0.155,-0.038,-0.42,0.155,0.006,0.014,0.014,0.939,0.004,0.016,1.023,-0.016,0.044,1.048,0.002,0.004,0.99,0.013,-0.004,0.938,-0.003,-0.007,0.899,0.003,-0.005,0.954,-0.54,0.398,-0.068,-1.187,0.348,1.467,-1.199,-0.213,0.344,-0.655,-0.19,-0.101,-0.376,-0.48,0.095,0.616,-0.275,0.61,0.642,-0.42,-0.093,1.0,0.003,-0.005,0.0,1.0,0.0,0.001,0.0,1.0,0.0,0.002,0.0,1.0,0.003,-0.001,0.0,1.0,-0.001,-0.004,0.0,1.0,-0.001,0.001,0.0,1.0,-0.001,0.001,0.0
474,4.74,308,6.16,0.387,-0.592,-0.035,-0.076,0.028,0.042,-0.034,-0.155,0.048,-0.304,0.066,-0.016,-0.055,0.745,-0.038,-0.409,-0.134,-0.049,-0.388,0.128,0.003,0.003,0.034,0.937,0.002,0.019,1.076,-0.005,0.096,1.109,0.0,-0.001,0.991,0.021,0.007,0.903,-0.001,-0.003,0.922,0.001,-0.006,0.986,-0.539,1.336,0.091,-2.457,0.375,2.411,-6.384,0.154,1.06,-0.656,-0.07,-0.035,-0.545,-1.546,0.267,2.321,0.027,1.03,1.963,-0.31,-0.305,1.0,0.003,-0.004,0.0,1.0,0.0,0.001,0.0,1.0,-0.001,0.002,0.0,1.0,0.003,-0.001,0.0,1.0,-0.001,-0.005,0.0,1.0,-0.001,0.001,0.0,1.0,-0.001,0.001,0.0
475,4.75,308,6.16,0.38,-0.551,-0.054,-0.069,0.027,0.064,0.059,-0.15,0.026,-0.26,0.063,-0.015,-0.038,0.843,-0.048,-0.309,-0.15,-0.065,-0.327,0.114,-0.004,-0.007,0.061,0.96,0.008,0.033,1.121,0.044,0.129,1.274,-0.002,-0.012,0.991,0.037,0.099,0.966,-0.009,-0.02,1.007,0.002,-0.018,1.021,-2.842,1.949,-0.214,-2.165,-0.279,1.565,-6.908,2.606,3.835,-1.025,-0.38,0.064,-5.256,-7.467,4.903,8.796,0.589,1.667,5.106,-0.497,-0.666,1.0,0.003,-0.004,0.0,1.0,0.0,0.001,0.0,1.0,-0.001,0.002,0.0,1.0,0.002,-0.001,0.0,1.0,-0.001,-0.005,0.001,1.0,0.0,0.001,0.0,1.0,-0.001,0.0,0.0
476,4.76,309,6.18,0.286,-0.495,-0.06,-0.041,0.01,0.073,0.168,-0.157,0.007,-0.208,0.063,-0.012,-0.204,0.943,-0.048,-0.119,-0.17,-0.079,-0.225,0.113,-0.008,-0.045,0.032,0.956,0.007,0.031,1.115,-0.005,0.067,1.311,-0.004,-0.021,0.985,0.045,0.114,1.011,0.001,-0.056,1.085,-0.012,-0.036,1.043,-8.869,0.736,0.268,-1.261,-0.884,0.824,-0.552,2.703,3.786,-1.825,-0.575,0.34,-16.88,-6.336,4.08,17.222,2.192,1.858,8.225,-1.107,-0.047,1.0,0.003,-0.004,0.0,1.0,0.0,0.001,0.0,1.0,-0.001,0.002,0.001,1.0,0.002,-0.001,0.0,1.0,-0.002,-0.006,0.001,1.0,0.001,0.001,0.001,1.0,0.0,0.0,0.0
477,4.77,309,6.18,0.163,-0.467,-0.065,-0.009,0.008,0.07,0.32,-0.148,-0.019,-0.141,0.073,-0.008,-0.514,0.954,-0.013,0.162,-0.219,-0.078,-0.095,0.116,-0.003,-0.004,0.038,0.966,-0.001,0.028,1.119,-0.046,0.057,1.36,0.002,-0.019,0.987,0.037,0.038,0.979,0.015,-0.083,1.136,-0.014,-0.05,1.045,-12.357,0.69,0.279,-0.288,-0.964,0.646,3.447,1.038,2.915,-3.231,-0.944,0.409,-27.619,3.576,-0.137,24.838,4.507,0.354,9.646,-1.587,0.95,1.0,0.002,-0.004,0.0,1.0,0.0,0.0,0.001,1.0,0.0,0.003,0.001,1.0,0.001,-0.001,0.0,1.0,-0.005,-0.006,0.001,1.0,0.003,0.001,0.001,1.0,0.0,0.0,0.0
478,4.78,310,6.2,-0.041,-0.489,-0.088,0.03,-0.004,0.082,0.491,-0.084,-0.033,-0.067,0.083,-0.002,-1.017,0.905,0.009,0.507,-0.298,-0.057,0.053,0.123,0.004,0.046,0.042,0.956,0.003,0.022,1.136,-0.04,0.121,1.391,0.001,-0.025,0.985,0.058,0.013,1.017,0.002,-0.088,1.145,-0.018,-0.044,1.053,-19.199,-1.291,0.355,0.223,-0.842,2.527,6.676,-0.5,0.23,-3.908,-1.076,0.63,-41.782,8.424,-1.23,30.526,7.069,-1.287,10.7,-1.471,1.353,1.0,0.0,-0.004,0.0,1.0,0.001,0.0,0.001,1.0,0.001,0.003,0.001,1.0,0.001,-0.001,0.0,1.0,-0.008,-0.005,0.001,1.0,0.005,0.002,0.001,1.0,0.001,0.0,0.0
479,4.79,310,6.2,-0.293,-0.46,-0.108,0.099,-0.059,0.093,0.669,0.054,-0.027,0.008,0.095,0.006,-1.654,0.8,0.012,0.905,-0.432,-0.031,0.221,0.132,0.011,0.022,0.012,0.96,0.021,0.0,1.128,0.008,0.149,1.316,0.0,-0.051,0.974,0.019,0.065,1.019,-0.039,-0.057,1.142,-0.013,-0.029,1.047,-24.844,-0.103,0.806,2.657,-2.275,2.611,11.098,-1.147,-2.157,-4.094,-1.263,0.739,-52.594,9.354,-1.658,35.351,10.723,-1.659,12.459,-1.452,1.434,1.0,-0.002,-0.004,0.0,1.0,0.001,0.0,0.001,1.0,0.002,0.002,0.001,1.0,0.0,-0.001,0.0,1.0,-0.012,-0.005,0.001,1.0,0.008,0.003,0.0,1.0,0.002,0.0,0.0
480,4.8,311,6.22,-0.619,-0.37,-0.109,0.153,-0.135,0.094,0.852,0.193,-0.021,0.086,0.11,0.013,-2.466,0.622,0.084,1.344,-0.591,-0.011,0.406,0.148,0.017,0.005,0.018,0.982,0.029,0.006,1.136,-0.019,0.101,1.282,0.003,-0.072,0.968,0.031,0.059,0.986,-0.066,-0.037,1.086,-0.012,-0.021,1.046,-30.788,1.042,1.626,4.832,-4.102,1.538,14.239,0.04,-1.31,-4.4,-1.448,0.784,-66.98,19.225,-7.657,38.331,11.812,-0.758,13.822,-1.326,1.469,1.0,-0.004,-0.004,0.0,1.0,0.001,-0.001,0.001,1.0,0.004,0.003,0.0,1.0,-0.001,-0.001,0.0,1.0,-0.018,-0.003,0.0,1.0,0.011,0.004,0.0,1.0,0.003,0.0,0.0
481,4.81,311,6.22,-0.993,-0.326,-0.089,0.235,-0.206,0.094,1.072,0.268,-0.012,0.16,0.124,0.018,-3.436,0.396,0.225,1.789,-0.734,-0.006,0.598,0.157,0.025,0.019,0.02,0.967,0.015,-0.013,1.137,-0.087,-0.019,1.229,0.006,-0.072,0.959,-0.025,0.018,0.968,-0.079,-0.027,1.031,-0.015,-0.039,1.037,-36.941,-2.122,3.366,6.286,-5.597,1.195,16.334,2.17,-0.288,-3.903,-1.189,0.442,-84.769,26.069,-13.528,39.195,10.162,0.487,15.138,-1.587,1.313,1.0,-0.007,-0.004,0.0,1.0,0.002,-0.002,0.001,1.0,0.005,0.003,0.0,1.0,-0.001,-0.001,0.0,1.0,-0.025,-0.001,-0.001,1.0,0.014,0.005,0.0,1.0,0.004,0.0,0.0
482,4.82,312,6.24,-1.469,-0.292,-0.048,0.303,-0.267,0.09,1.286,0.287,-0.041,0.232,0.13,0.012,-4.508,0.215,0.407,2.215,-0.829,-0.022,0.8,0.133,0.04,0.024,-0.003,0.953,0.012,-0.006,1.096,-0.087,-0.017,1.134,-0.003,-0.066,0.942,-0.046,-0.029,1.009,-0.076,-0.015,0.96,0.004,-0.047,1.046,-43.199,-2.87,4.824,8.834,-6.87,0.601,15.167,3.679,4.561,-3.815,-0.901,-0.581,-94.738,21.041,-12.817,37.26,5.941,1.661,16.416,-2.743,0.997,1.0,-0.01,-0.005,0.001,1.0,0.002,-0.002,0.001,1.0,0.006,0.004,0.001,1.0,-0.002,-0.001,0.0,0.999,-0.033,0.002,-0.002,1.0,0.017,0.006,0.0,1.0,0.005,0.0,0.0
483,4.83,312,6.24,-2.061,-0.222,-0.005,0.323,-0.272,0.098,1.473,0.23,-0.202,0.038,0.129,-0.08,-5.582,0.024,0.767,2.363,-0.888,-0.142,0.75,0.097,0.133,-0.024,-0.023,0.971,0.003,0.008,1.063,-0.042,-0.003,1.026,0.002,0.157,0.923,-0.063,-0.043,1.061,-0.073,0.016,0.906,0.012,-0.053,1.027,-46.593,-0.727,5.143,9.694,-6.338,0.883,16.963,7.996,19.477,15.931,0.141,-9.175,-93.481,24.463,-15.712,35.089,2.278,3.378,17.736,-3.02,0.135,1.0,-0.015,-0.005,0.001,1.0,0.003,-0.003,0.001,1.0,0.007,0.005,0.003,1.0,0.0,-0.001,-0.001,0.999,-0.041,0.004,-0.004,1.0,0.02,0.007,0.001,1.0,0.006,0.0,0.0
484,4.84,313,6.26,-2.642,-0.161,0.065,0.354,-0.292,0.129,1.671,0.099,-0.585,-0.451,0.126,-0.199,-6.669,-0.198,1.364,2.197,-0.941,-0.298,0.399,0.061,0.244,-0.006,-0.018,0.99,0.008,0.023,1.031,-0.033,-0.021,0.934,-0.021,-0.043,0.922,-0.071,-0.126,1.011,-0.073,0.037,0.869,0.014,-0.055,1.028,-49.404,-1.962,9.008,7.276,-4.818,2.166,15.794,16.115,42.605,51.992,-1.202,-12.011,-94.519,30.927,-15.796,32.519,1.686,4.25,17.257,-2.638,-0.893,1.0,-0.019,-0.005,0.002,1.0,0.004,-0.003,0.002,1.0,0.009,0.006,0.006,1.0,0.004,-0.001,-0.002,0.999,-0.05,0.007,-0.005,1.0,0.023,0.007,0.001,1.0,0.007,-0.001,0.0
485,4.85,313,6.26,-3.293,-0.194,0.117,0.344,-0.315,0.161,1.814,-0.058,-1.109,-1.064,0.143,-0.307,-7.753,-0.242,2.001,1.859,-1.02,-0.441,-0.093,0.063,0.338,0.026,-0.007,1.02,-0.024,0.075,1.049,-0.056,-0.15,0.931,0.005,0.059,0.946,-0.101,-0.163,0.939,-0.053,0.033,0.816,-0.009,-0.071,1.008,-55.049,-5.382,6.801,9.951,-5.082,1.58,17.068,20.267,56.584,57.819,-1.248,-10.944,-93.281,12.887,-5.537,28.16,2.44,4.101,15.47,-1.729,-1.528,1.0,-0.023,-0.005,0.003,1.0,0.005,-0.003,0.002,1.0,0.01,0.008,0.011,1.0,0.009,-0.001,-0.003,0.998,-0.058,0.008,-0.006,1.0,0.026,0.008,0.001,1.0,0.008,-0.001,0.0
486,4.86,314,6.28,-4.01,-0.231,0.178,0.287,-0.327,0.173,1.855,-0.255,-1.725,-1.659,0.117,-0.33,-8.755,-0.013,2.567,1.457,-0.994,-0.501,-0.588,0.038,0.36,0.023,-0.063,1.008,-0.055,0.022,1.081,-0.045,-0.203,0.935,-0.021,0.053,0.942,-0.021,-0.21,0.934,-0.008,-0.01,0.78,-0.06,-0.113,0.994,-53.449,-2.376,7.243,15.069,-4.347,0.972,19.065,18.909,65.458,56.622,1.008,-2.391,-80.665,-16.75,10.693,22.729,0.389,3.834,13.062,-1.131,-0.235,1.0,-0.028,-0.006,0.003,1.0,0.007,-0.004,0.002,1.0,0.011,0.01,0.017,1.0,0.014,-0.001,-0.003,0.998,-0.065,0.007,-0.005,1.0,0.027,0.008,0.002,1.0,0.009,-0.001,0.0
487,4.87,314,6.28,-4.716,-0.204,0.197,0.166,-0.311,0.216,1.794,-0.424,-2.356,-1.949,0.061,-0.334,-9.675,0.328,3.032,1.304,-0.912,-0.531,-0.803,-0.015,0.389,-0.021,-0.081,0.97,-0.114,-0.17,1.079,0.003,-0.213,0.89,-0.036,0.019,0.987,0.05,-0.21,0.983,-0.017,-0.071,0.756,-0.101,-0.173,0.981,-48.808,1.836,8.858,22.474,0.245,6.752,23.629,13.895,65.904,29.792,2.506,-0.345,-67.373,-32.489,21.215,17.06,-2.675,2.744,10.494,-1.069,2.607,0.999,-0.033,-0.005,0.004,1.0,0.009,-0.003,0.002,1.0,0.013,0.011,0.023,1.0,0.017,0.0,-0.003,0.997,-0.071,0.004,-0.003,1.0,0.028,0.007,0.002,1.0,0.01,-0.001,0.0
488,4.88,315,6.3,-5.419,-0.147,0.107,-0.027,-0.252,0.33,1.626,-0.611,-2.948,-2.106,0.015,-0.318,-10.502,0.624,3.378,1.204,-0.786,-0.531,-0.923,-0.085,0.427,-0.031,-0.069,0.961,-0.085,-0.238,1.053,0.069,-0.222,0.858,-0.01,-0.061,1.122,0.073,-0.201,0.978,-0.056,-0.118,0.757,-0.077,-0.239,0.994,-46.495,4.232,7.84,26.381,2.111,16.705,26.099,10.749,60.712,19.13,4.254,1.587,-55.478,-31.389,27.708,8.885,-8.911,1.664,7.05,-3.427,5.443,0.999,-0.037,-0.004,0.005,1.0,0.011,-0.003,0.004,0.999,0.015,0.012,0.028,1.0,0.018,0.0,-0.003,0.997,-0.076,0.001,0.0,1.0,0.029,0.007,0.002,1.0,0.01,-0.001,0.001
489,4.89,315,6.3,-6.158,-0.081,-0.063,-0.262,-0.143,0.537,1.395,-0.834,-3.468,-2.243,-0.013,-0.312,-11.237,0.846,3.613,1.071,-0.601,-0.523,-1.039,-0.176,0.482,-0.024,-0.115,0.964,-0.054,-0.194,1.029,0.1,-0.222,0.893,0.021,-0.012,1.17,0.065,-0.225,0.957,-0.044,-0.19,0.793,-0.035,-0.298,1.002,-45.621,6.37,9.895,28.823,3.63,26.636,26.756,6.793,51.592,16.902,4.118,0.485,-44.887,-27.363,29.155,3.641,-16.133,-0.309,5.385,-6.643,6.056,0.999,-0.041,-0.004,0.005,1.0,0.013,-0.003,0.006,0.999,0.017,0.012,0.032,1.0,0.02,0.0,-0.003,0.997,-0.081,-0.001,0.003,1.0,0.029,0.005,0.002,1.0,0.01,-0.001,0.001
490,4.9,316,6.32,-6.936,-0.024,-0.357,-0.513,0.057,0.852,1.107,-1.055,-3.916,-2.403,-0.044,-0.299,-11.877,1.024,3.696,0.884,-0.37,-0.474,-1.169,-0.326,0.526,0.017,-0.163,0.957,-0.022,-0.147,1.019,0.103,-0.171,0.924,0.006,0.012,1.033,-0.002,-0.234,0.99,0.015,-0.257,0.816,0.007,-0.292,0.963,-46.301,9.463,8.598,31.405,7.249,37.35,28.981,2.533,41.101,19.321,4.023,1.277,-32.204,-27.826,32.64,0.565,-19.531,-3.66,6.299,-11.807,5.725,0.999,-0.045,-0.003,0.006,1.0,0.015,-0.002,0.009,0.999,0.019,0.012,0.036,1.0,0.021,0.0,-0.003,0.996,-0.084,-0.003,0.006,1.0,0.029,0.004,0.002,1.0,0.011,-0.002,0.002
491,4.91,316,6.32,-7.714,0.042,-0.728,-0.725,0.377,1.221,0.815,-1.199,-4.281,-2.541,-0.025,-0.237,-12.347,1.089,3.614,0.736,-0.218,-0.344,-1.222,-0.522,0.52,0.014,-0.196,0.964,0.016,-0.139,0.996,0.054,-0.058,0.924,0.01,0.04,0.998,-0.059,-0.224,0.966,0.061,-0.268,0.81,0.029,-0.234,0.894,-44.745,10.63,6.593,33.249,10.051,42.749,30.592,-2.345,29.998,14.434,1.496,6.107,-15.083,-20.761,36.521,2.147,-16.248,-6.702,11.8,-21.391,5.558,0.999,-0.049,-0.002,0.007,1.0,0.018,-0.001,0.013,0.999,0.022,0.012,0.039,1.0,0.022,0.0,-0.002,0.996,-0.085,-0.005,0.009,1.0,0.029,0.002,0.001,1.0,0.011,-0.004,0.002
492,4.92,317,6.34,-8.448,0.161,-1.099,-0.846,0.794,1.558,0.606,-1.182,-4.514,-2.651,-0.016,-0.156,-12.733,1.145,3.416,0.685,-0.146,-0.171,-1.155,-0.832,0.494,0.006,-0.175,0.974,0.04,-0.081,0.993,0.035,-0.022,0.997,0.019,0.009,0.988,0.088,-0.356,0.828,0.09,-0.199,0.812,0.036,-0.142,0.875,-40.486,14.538,3.502,33.03,9.966,39.774,28.804,-9.374,14.626,14.015,0.8,8.081,-7.812,-19.693,32.109,9.088,-6.828,-9.149,20.908,-31.521,5.278,0.999,-0.053,-0.001,0.007,1.0,0.02,0.0,0.017,0.999,0.024,0.011,0.04,1.0,0.023,0.0,-0.001,0.996,-0.086,-0.006,0.012,1.0,0.029,0.001,0.0,1.0,0.013,-0.007,0.003
493,4.93,317,6.34,-9.133,0.345,-1.419,-0.885,1.267,1.808,0.484,-1.004,-4.645,-2.746,-0.013,-0.122,-13.081,1.234,3.111,0.747,-0.198,-0.036,-0.987,-1.242,0.534,-0.018,-0.166,0.98,0.066,-0.03,1.001,0.044,0.012,1.055,0.008,0.033,0.983,0.133,-0.226,0.876,0.126,-0.089,0.837,0.056,-0.058,0.871,-35.912,16.462,1.035,32.449,7.268,32.835,28.757,-12.039,3.414,12.313,1.68,3.251,-4.728,-21.73,31.174,18.217,7.29,-10.299,29.039,-39.96,6.715,0.998,-0.057,0.001,0.007,1.0,0.023,0.0,0.02,0.999,0.027,0.01,0.04,1.0,0.024,0.0,-0.001,0.996,-0.087,-0.008,0.015,1.0,0.03,0.002,-0.001,1.0,0.015,-0.011,0.003
494,4.94,318,6.36,-9.771,0.529,-1.661,-0.859,1.771,1.965,0.419,-0.69,-4.705,-2.856,-0.056,-0.14,-13.41,1.352,2.654,0.88,-0.337,0.063,-0.76,-1.756,0.642,-0.057,-0.159,0.961,0.076,0.011,0.998,0.028,0.081,1.07,-0.028,0.081,0.98,-0.027,-0.018,1.102,0.171,0.005,0.863,0.089,0.021,0.887,-31.691,12.838,0.693,31.923,5.22,25.265,28.271,-12.422,-5.226,8.357,2.199,-1.715,-5.262,-26.645,37.256,25.211,21.591,-11.809,33.461,-43.931,8.048,0.998,-0.06,0.002,0.007,0.999,0.026,0.0,0.022,0.999,0.029,0.008,0.04,1.0,0.025,0.001,-0.001,0.996,-0.087,-0.01,0.018,0.999,0.033,0.003,-0.002,1.0,0.018,-0.015,0.004
495,4.95,318,6.36,-10.371,0.664,-1.778,-0.803,2.198,2.012,0.411,-0.289,-4.66,-2.867,-0.085,-0.133,-13.771,1.303,2.39,1.2,-0.595,0.193,-0.392,-2.214,0.725,-0.114,-0.162,0.922,0.081,0.063,0.994,-0.018,0.154,1.116,-0.005,0.034,1.02,-0.06,-0.168,0.811,0.185,0.1,0.92,0.133,0.093,0.898,-27.657,5.502,1.368,30.8,1.832,14.024,29.557,-14.198,-16.023,4.448,2.213,0.808,-2.159,-8.438,7.053,32.37,32.092,-12.27,35.574,-40.341,7.771,0.998,-0.062,0.003,0.007,0.999,0.028,0.0,0.023,0.999,0.032,0.007,0.038,1.0,0.025,0.001,-0.001,0.996,-0.087,-0.011,0.019,0.999,0.035,0.006,-0.003,1.0,0.021,-0.019,0.005
496,4.96,319,6.38,-10.972,0.628,-1.758,-0.736,2.528,1.969,0.469,0.158,-4.55,-2.902,-0.077,-0.132,-14.249,1.229,2.15,1.565,-0.945,0.303,-0.039,-2.554,0.811,0.003,-0.182,0.801,0.069,0.096,0.995,-0.064,0.179,1.12,0.109,0.143,1.005,0.03,-0.171,0.766,0.153,0.194,0.983,0.196,0.187,0.931,-25.242,-8.206,5.589,29.518,-0.358,4.383,29.951,-14.373,-21.022,1.298,1.821,-0.024,-12.201,0.829,0.972,37.721,37.151,-10.568,36.048,-32.855,7.038,0.998,-0.065,0.002,0.008,0.999,0.031,0.0,0.023,0.999,0.035,0.006,0.036,1.0,0.025,0.001,-0.001,0.996,-0.088,-0.011,0.019,0.999,0.039,0.009,-0.003,0.999,0.025,-0.022,0.005
497,4.97,319,6.38,-11.625,0.396,-1.662,-0.683,2.78,1.868,0.542,0.631,-4.341,-2.967,-0.119,-0.146,-14.8,1.262,1.807,1.916,-1.272,0.368,0.272,-2.863,0.902,0.107,-0.118,0.814,0.048,0.104,0.996,-0.095,0.188,1.15,-0.02,0.095,1.019,0.028,-0.142,0.887,0.093,0.278,0.975,0.231,0.262,0.909,-32.702,-23.255,6.792,29.13,-0.438,-2.547,30.399,-14.755,-28.013,3.347,2.857,-1.391,-25.103,-7.24,4.733,38.381,38.794,-7.488,34.528,-24.939,5.918,0.998,-0.068,0.0,0.008,0.999,0.034,0.0,0.023,0.999,0.038,0.005,0.034,1.0,0.026,0.001,-0.001,0.996,-0.09,-0.011,0.019,0.999,0.043,0.012,-0.004,0.999,0.028,-0.024,0.006
498,4.98,320,6.4,-12.345,0.125,-1.582,-0.665,2.959,1.697,0.585,1.04,-4.122,-2.973,-0.154,-0.157,-15.462,1.153,1.693,2.297,-1.587,0.41,0.602,-3.084,0.989,0.066,-0.129,0.883,0.051,0.161,0.98,-0.078,0.191,1.155,-0.055,0.161,1.029,-0.005,-0.154,0.952,0.03,0.335,0.957,0.224,0.335,0.906,-39.854,-25.139,-1.448,27.826,-0.62,-9.551,30.799,-10.092,-26.215,-2.52,1.923,-0.975,-35.66,6.275,-15.884,35.138,35.894,-4.501,30.186,-17.327,5.92,0.997,-0.071,-0.003,0.008,0.999,0.037,0.0,0.022,0.999,0.041,0.005,0.031,1.0,0.026,0.001,-0.001,0.995,-0.093,-0.011,0.018,0.999,0.046,0.015,-0.004,0.999,0.031,-0.026,0.006
499,4.99,320,6.4,-13.064,-0.075,-1.443,-0.667,3.028,1.486,0.587,1.311,-3.929,-2.965,-0.17,-0.172,-16.237,0.897,1.765,2.65,-1.851,0.42,0.898,-3.175,1.07,-0.025,-0.161,0.925,0.057,0.21,0.986,-0.08,0.19,1.157,-0.017,0.162,1.012,-0.012,-0.179,1.018,-0.029,0.35,0.925,0.213,0.382,0.887,-40.45,-22.169,-1.086,25.326,-0.673,-14.654,31.337,-3.429,-21.241,-4.153,1.154,-1.539,-45.974,25.668,-27.889,30.91,28.142,-1.751,25.59,-6.548,4.999,0.997,-0.075,-0.005,0.008,0.999,0.039,-0.001,0.021,0.999,0.044,0.005,0.029,1.0,0.026,0.002,-0.001,0.995,-0.097,-0.009,0.015,0.999,0.049,0.018,-0.004,0.999,0.033,-0.026,0.007
500,5.0,321,6.42,-13.746,-0.327,-1.26,-0.673,2.962,1.288,0.551,1.425,-3.759,-3.002,-0.173,-0.183,-17.042,0.659,1.94,2.918,-2.02,0.42,1.12,-3.115,1.108,-0.07,-0.137,0.991,0.035,0.21,0.975,-0.052,0.182,1.134,0.028,0.204,1.018,-0.085,-0.183,1.089,-0.078,0.327,0.886,0.177,0.376,0.88,-42.076,-26.912,0.997,22.918,-0.49,-17.184,31.315,2.108,-17.598,0.289,1.075,-1.121,-48.48,27.76,-33.461,27.041,16.792,-0.096,22.632,7.199,1.353,0.997,-0.078,-0.007,0.009,0.999,0.041,-0.001,0.02,0.998,0.047,0.005,0.028,1.0,0.026,0.002,-0.002,0.995,-0.101,-0.006,0.012,0.998,0.052,0.019,-0.004,0.999,0.036,-0.026,0.007
501,5.01,321,6.42,-14.401,-0.646,-1.093,-0.689,2.772,1.151,0.508,1.384,-3.62,-3.031,-0.183,-0.169,-17.81,0.472,2.197,3.174,-2.066,0.438,1.316,-2.923,1.071,-0.022,-0.117,0.998,0.018,0.193,0.961,-0.037,0.187,1.1,-0.02,0.214,1.019,-0.156,-0.201,1.09,-0.099,0.294,0.854,0.156,0.327,0.863,-42.887,-30.819,0.951,21.348,0.603,-16.253,30.034,6.736,-13.883,-0.512,0.597,1.463,-45.16,25.367,-36.889,25.16,4.801,0.589,19.846,21.041,-3.38,0.997,-0.082,-0.009,0.009,0.999,0.043,0.0,0.018,0.998,0.05,0.006,0.027,1.0,0.026,0.002,-0.001,0.994,-0.105,-0.004,0.009,0.998,0.054,0.02,-0.004,0.999,0.038,-0.024,0.007
502,5.02,322,6.44,-15.012,-0.962,-0.942,-0.693,2.497,1.058,0.486,1.221,-3.52,-2.997,-0.19,-0.186,-18.539,0.27,2.519,3.498,-2.027,0.428,1.553,-2.638,1.035,0.03,-0.062,1.116,0.036,0.222,0.886,-0.036,0.186,1.071,-0.015,0.218,0.987,-0.13,-0.218,1.015,-0.085,0.252,0.827,0.131,0.273,0.852,-42.731,-27.447,1.535,18.135,1.582,-14.98,28.753,10.27,-10.29,-6.834,0.49,-1.699,-42.3,29.13,-38.951,25.735,-4.061,0.342,17.558,30.18,-6.212,0.996,-0.085,-0.012,0.009,0.999,0.045,0.0,0.017,0.998,0.053,0.007,0.026,1.0,0.026,0.002,-0.002,0.994,-0.109,-0.002,0.005,0.998,0.057,0.02,-0.004,0.999,0.039,-0.022,0.007
503,5.03,322,6.44,-15.591,-0.987,-0.9,-0.667,2.188,1.026,0.504,0.999,-3.466,-2.917,-0.201,-0.238,-19.255,0.093,2.845,3.896,-1.954,0.394,1.828,-2.324,1.033,0.132,-0.112,1.165,0.06,0.103,0.896,-0.028,0.185,1.012,0.007,0.19,1.024,-0.055,-0.222,0.971,-0.063,0.226,0.823,0.081,0.216,0.823,-42.688,2.479,-3.353,16.319,3.797,-9.531,27.855,13.186,-6.856,-11.373,1.317,-5.324,-41.509,27.894,-35.246,28.804,-7.174,-0.895,16.572,32.881,-6.305,0.996,-0.089,-0.012,0.009,0.999,0.047,0.0,0.016,0.998,0.055,0.009,0.025,1.0,0.025,0.002,-0.002,0.994,-0.112,0.001,0.002,0.998,0.059,0.019,-0.005,0.999,0.041,-0.019,0.006
504,5.04,323,6.46,-15.922,-0.876,-0.832,-0.602,1.897,0.986,0.574,0.78,-3.453,-2.834,-0.264,-0.305,-19.98,-0.035,3.188,4.336,-1.846,0.354,2.115,-2.074,1.051,0.164,-0.229,1.003,0.062,0.087,0.87,-0.025,0.178,0.954,0.0,0.111,1.232,0.003,-0.223,0.949,-0.043,0.212,0.785,0.042,0.192,0.791,-17.953,17.87,-1.209,14.123,4.694,-9.91,26.487,14.939,-3.773,-11.758,6.625,-6.692,-41.628,28.536,-32.17,32.518,-5.098,-2.026,17.231,30.979,-5.716,0.996,-0.09,-0.01,0.009,0.999,0.048,0.0,0.015,0.998,0.058,0.01,0.025,1.0,0.025,0.002,-0.003,0.993,-0.116,0.003,-0.001,0.998,0.063,0.019,-0.005,0.999,0.043,-0.016,0.006
505,5.05,323,6.46,-16.056,-0.767,-0.702,-0.509,1.638,0.9,0.69,0.602,-3.455,-2.674,-0.524,-0.336,-20.686,-0.222,3.548,4.88,-1.591,0.329,2.5,-2.072,1.048,0.11,-0.211,0.803,0.103,0.091,0.839,-0.031,0.157,0.893,-0.045,0.053,1.832,0.035,-0.249,0.917,-0.036,0.216,0.754,0.019,0.178,0.783,1.627,16.969,-0.122,13.149,2.779,-14.251,24.534,15.488,-1.768,-13.662,23.561,-3.142,-42.719,34.858,-31.371,34.981,0.127,-1.844,19.209,25.32,-5.32,0.996,-0.091,-0.009,0.008,0.999,0.049,0.0,0.014,0.998,0.06,0.012,0.025,1.0,0.023,0.005,-0.003,0.993,-0.12,0.005,-0.004,0.998,0.066,0.019,-0.005,0.999,0.045,-0.014,0.005
506,5.06,324,6.48,-16.136,-0.639,-0.548,-0.395,1.446,0.782,0.838,0.487,-3.451,-2.436,-0.875,-0.354,-21.394,-0.552,3.866,5.509,-1.307,0.292,2.978,-2.236,1.043,0.054,-0.121,0.71,0.114,0.097,0.787,-0.034,0.133,0.839,-0.13,0.072,2.295,-0.004,-0.271,0.878,-0.061,0.237,0.727,0.012,0.182,0.772,3.444,19.306,-0.51,12.013,1.876,-17.108,22.149,14.744,-1.027,-23.017,31.627,-1.941,-45.392,45.911,-27.297,35.59,5.583,-0.584,20.554,17.643,-5.028,0.996,-0.09,-0.008,0.008,0.999,0.05,0.0,0.013,0.998,0.062,0.013,0.025,1.0,0.021,0.008,-0.003,0.992,-0.124,0.009,-0.007,0.997,0.069,0.019,-0.005,0.999,0.047,-0.012,0.005
507,5.07,324,6.48,-16.254,-0.475,-0.337,-0.26,1.307,0.619,1.018,0.415,-3.431,-2.165,-1.218,-0.388,-21.882,-1.016,4.135,6.147,-1.075,0.21,3.477,-2.462,1.06,0.124,-0.11,0.734,0.111,0.068,0.755,-0.031,0.098,0.786,-0.067,0.116,1.465,-0.074,-0.129,0.885,-0.098,0.263,0.71,0.022,0.199,0.771,-3.645,22.481,0.583,9.515,0.214,-21.477,19.978,13.182,0.107,-29.921,31.952,-3.818,-36.338,58.039,-21.989,33.474,9.148,1.706,19.175,10.961,-4.95,0.996,-0.09,-0.006,0.008,0.999,0.051,0.0,0.011,0.998,0.064,0.015,0.025,1.0,0.019,0.011,-0.003,0.992,-0.127,0.014,-0.01,0.997,0.072,0.02,-0.005,0.999,0.049,-0.011,0.005
508,5.08,325,6.5,-16.361,-0.289,-0.086,-0.127,1.198,0.425,1.187,0.391,-3.41,-1.857,-1.501,-0.358,-22.286,-1.416,4.46,6.773,-0.918,0.172,3.978,-2.674,1.009,0.202,-0.15,0.769,0.088,0.063,0.762,-0.056,0.072,0.762,0.159,0.088,1.498,-0.091,-0.249,0.715,-0.135,0.276,0.684,0.041,0.217,0.765,-4.787,24.884,0.74,6.541,-0.844,-25.109,17.663,11.313,1.985,-31.542,31.571,2.167,-26.576,47.861,-26.839,28.768,10.923,3.631,15.823,7.243,-5.434,0.996,-0.091,-0.004,0.008,0.999,0.052,0.0,0.009,0.997,0.065,0.016,0.025,1.0,0.016,0.013,-0.003,0.991,-0.13,0.018,-0.012,0.997,0.075,0.021,-0.005,0.999,0.051,-0.011,0.004
509,5.09,325,6.5,-16.273,0.058,0.233,-0.051,1.095,0.208,1.297,0.367,-3.418,-1.529,-1.692,-0.3,-22.718,-1.573,4.729,7.342,-0.841,0.154,4.438,-2.809,0.915,0.094,-0.071,0.863,0.052,0.086,0.766,-0.072,0.066,0.719,0.129,-0.05,1.21,0.022,-0.272,0.772,-0.168,0.28,0.664,0.059,0.229,0.762,12.144,40.351,3.868,5.399,-1.425,-28.581,15.295,10.203,6.123,-31.257,21.875,4.809,-29.084,25.18,-16.825,21.167,9.542,4.942,10.044,6.437,-6.597,0.996,-0.09,-0.001,0.008,0.999,0.052,-0.001,0.006,0.997,0.067,0.017,0.026,1.0,0.013,0.015,-0.002,0.991,-0.133,0.02,-0.014,0.997,0.077,0.022,-0.004,0.999,0.052,-0.01,0.004
510,5.1,326,6.52,-16.091,0.568,0.523,-0.047,1.001,0.003,1.383,0.332,-3.454,-0.816,-1.705,-0.337,-23.039,-1.581,4.919,8.231,-0.933,0.044,5.238,-2.748,0.902,-0.116,-0.137,0.818,0.043,0.122,0.778,-0.072,0.05,0.719,-0.18,-0.364,1.78,0.069,-0.312,0.832,-0.184,0.28,0.659,0.068,0.22,0.779,26.63,52.33,0.978,5.835,-0.654,-28.068,12.286,9.729,9.55,-67.971,-0.072,-5.649,-20.997,9.162,-5.622,15.231,7.198,5.654,5.304,7.559,-7.551,0.996,-0.087,0.004,0.008,0.999,0.053,-0.001,0.004,0.997,0.067,0.018,0.027,1.0,0.007,0.015,-0.003,0.991,-0.135,0.02,-0.015,0.997,0.079,0.023,-0.004,0.999,0.053,-0.01,0.003
511,5.11,326,6.52,-15.981,0.736,0.675,-0.112,0.931,-0.149,1.448,0.274,-3.517,0.176,-1.824,-0.473,-23.218,-1.593,5.169,9.321,-0.894,-0.204,6.26,-2.751,0.985,-0.108,-0.132,0.594,-0.001,0.156,0.771,-0.052,0.037,0.723,-0.013,-0.121,1.384,0.11,-0.358,0.828,-0.185,0.285,0.649,0.063,0.211,0.805,21.386,22.033,-8.288,5.582,1.926,-24.617,7.273,8.491,13.383,-95.912,11.814,-16.615,-12.294,6.321,-8.658,7.42,2.29,6.903,-0.892,10.21,-9.642,0.996,-0.086,0.006,0.007,0.999,0.054,-0.001,0.001,0.997,0.068,0.019,0.028,1.0,-0.002,0.016,-0.004,0.99,-0.136,0.02,-0.016,0.997,0.08,0.023,-0.003,0.999,0.053,-0.009,0.002
512,5.12,327,6.54,-15.979,0.502,0.704,-0.205,0.92,-0.227,1.505,0.194,-3.617,2.427,-1.785,-0.405,-23.273,-1.626,5.471,11.596,-0.941,-0.276,8.467,-2.59,0.863,0.089,-0.003,0.764,-0.01,0.084,0.751,-0.01,0.03,0.713,0.058,0.646,-0.415,0.095,-0.356,0.863,-0.179,0.272,0.648,0.049,0.182,0.806,2.965,-6.86,-12.713,4.447,6.289,-19.018,0.669,7.789,17.979,-228.413,-5.302,-0.442,-6.776,4.373,-10.435,-0.043,-3.05,8.187,-7.328,11.86,-11.701,0.996,-0.085,0.005,0.006,0.999,0.054,0.0,0.0,0.997,0.068,0.019,0.029,1.0,-0.021,0.016,-0.004,0.99,-0.137,0.02,-0.017,0.997,0.08,0.023,-0.002,0.999,0.052,-0.008,0.001
513,5.13,327,6.54,-16.091,0.516,0.574,-0.303,0.922,-0.232,1.556,0.095,-3.748,5.283,-1.185,-0.272,-23.173,-1.565,5.746,14.407,-1.475,-0.169,11.209,-1.88,0.567,0.365,-0.16,0.886,-0.001,-0.011,0.76,0.025,0.003,0.705,0.065,0.189,-0.072,-0.002,-0.377,0.983,-0.169,0.254,0.642,0.026,0.167,0.788,-11.027,19.566,-22.254,3.254,11.389,-13.419,-6.274,6.618,21.696,-288.417,-60.624,5.853,4.24,-8.978,-5.044,-6.941,-7.624,9.066,-13.516,11.82,-12.862,0.996,-0.086,0.006,0.003,0.999,0.054,0.001,-0.001,0.997,0.067,0.02,0.031,0.999,-0.046,0.01,-0.003,0.99,-0.137,0.02,-0.017,0.997,0.08,0.022,-0.002,0.999,0.052,-0.007,0.0
514,5.14,328,6.56,-16.0,0.722,0.425,-0.429,0.947,-0.236,1.579,0.006,-3.826,8.696,-1.025,-0.325,-22.84,-1.411,5.928,17.702,-1.59,-0.327,14.449,-1.571,0.495,0.285,-0.315,1.126,-0.003,-0.045,0.79,0.011,-0.115,0.761,-0.062,0.149,0.756,-0.089,-0.406,1.057,-0.145,0.226,0.618,0.027,0.175,0.781,6.185,40.818,-24.724,-1.144,13.53,-14.738,-10.482,1.259,16.609,-344.628,-18.474,-11.999,24.182,-20.618,-2.441,-14.045,-11.115,9.317,-20.685,11.785,-14.28,0.996,-0.086,0.01,0.001,0.999,0.054,0.003,-0.003,0.997,0.066,0.019,0.033,0.997,-0.076,0.009,-0.004,0.991,-0.135,0.018,-0.017,0.997,0.079,0.022,-0.001,0.999,0.05,-0.006,-0.001
515,5.15,328,6.56,-15.535,1.215,0.304,-0.568,0.961,-0.267,1.57,-0.036,-3.822,12.724,-0.794,-0.576,-22.107,-1.23,5.962,21.532,-1.823,-0.634,18.249,-1.116,0.548,-0.047,-0.474,1.259,0.007,-0.065,0.809,-0.007,-0.159,0.758,-0.02,-0.02,1.142,-0.085,-0.415,0.879,-0.129,0.212,0.62,0.028,0.183,0.783,41.859,66.665,-27.484,-5.358,13.119,-20.324,-15.234,-6.463,8.607,-406.097,-26.298,-31.534,60.161,-22.83,3.002,-21.553,-14.16,9.516,-26.317,12.172,-16.944,0.996,-0.082,0.015,-0.002,0.999,0.053,0.004,-0.004,0.997,0.064,0.019,0.033,0.994,-0.111,0.006,-0.006,0.991,-0.13,0.016,-0.017,0.997,0.077,0.021,0.0,0.999,0.048,-0.005,-0.002
516,5.16,329,6.58,-14.646,1.756,0.256,-0.696,0.982,-0.32,1.514,-0.082,-3.802,16.627,-0.227,-0.901,-21.198,-1.031,5.898,25.167,-2.379,-0.829,21.884,-0.299,0.472,-0.278,-0.616,1.111,-0.019,-0.058,0.823,-0.021,-0.107,0.747,-0.049,0.29,1.989,-0.046,-0.366,0.73,-0.12,0.204,0.615,0.023,0.199,0.803,79.565,71.803,-24.138,-9.749,13.24,-25.48,-17.519,-9.102,7.678,-393.026,-61.806,-36.08,76.021,-24.249,11.381,-28.421,-17.132,10.234,-29.527,12.185,-19.941,0.997,-0.076,0.021,-0.005,0.999,0.052,0.005,-0.006,0.997,0.062,0.018,0.034,0.989,-0.145,0.001,-0.008,0.992,-0.124,0.014,-0.015,0.997,0.075,0.019,0.001,0.999,0.046,-0.004,-0.004
517,5.17,329,6.58,-13.44,2.003,0.349,-0.805,1.007,-0.421,1.412,-0.123,-3.763,18.15,0.451,-1.047,-20.224,-0.824,5.749,26.365,-2.896,-0.778,23.101,0.527,0.108,-0.23,-0.558,0.873,-0.056,-0.009,0.823,-0.029,-0.017,0.737,-0.201,0.494,2.232,-0.035,-0.361,0.623,-0.115,0.213,0.629,0.034,0.207,0.809,106.833,44.602,-16.361,-14.965,12.665,-33.189,-19.565,-12.483,6.889,-154.314,-71.039,-14.458,80.866,-27.272,18.062,-35.059,-19.662,11.378,-32.612,12.833,-22.837,0.997,-0.067,0.025,-0.007,0.999,0.05,0.007,-0.009,0.997,0.06,0.017,0.035,0.987,-0.158,-0.005,-0.008,0.993,-0.117,0.012,-0.014,0.997,0.072,0.018,0.002,0.999,0.043,-0.002,-0.006
518,5.18,330,6.6,-12.175,2.052,0.52,-0.912,1.022,-0.526,1.275,-0.149,-3.681,16.855,0.404,-1.159,-19.266,-0.69,5.573,24.678,-2.673,-1.059,21.472,0.646,-0.009,-0.091,-0.484,0.656,-0.08,-0.018,0.851,-0.02,0.022,0.731,-0.045,-0.573,2.086,-0.037,-0.414,0.588,-0.104,0.221,0.647,0.039,0.21,0.829,108.741,26.341,-11.912,-19.581,13.061,-36.859,-23.017,-16.306,3.51,126.618,5.361,-12.759,75.385,-23.269,16.207,-41.771,-22.224,12.319,-36.802,14.871,-26.032,0.998,-0.058,0.027,-0.008,0.999,0.048,0.008,-0.012,0.998,0.058,0.015,0.035,0.989,-0.147,-0.005,-0.009,0.994,-0.111,0.01,-0.012,0.998,0.069,0.016,0.003,0.999,0.04,-0.001,-0.008
519,5.19,330,6.6,-10.974,2.05,0.737,-1.002,1.067,-0.587,1.12,-0.171,-3.56,16.398,0.214,-1.289,-18.316,-0.61,5.358,23.766,-2.291,-1.409,20.642,0.673,-0.1,-0.111,-0.45,0.62,-0.127,0.027,0.866,0.003,0.049,0.733,-0.11,-0.506,1.677,-0.027,-0.437,0.63,-0.073,0.244,0.654,0.045,0.209,0.835,96.607,25.313,-6.139,-26.563,17.336,-35.697,-28.541,-18.665,-0.067,45.238,16.715,-14.223,69.305,-21.362,15.713,-48.817,-25.481,12.765,-40.758,17.615,-29.164,0.998,-0.049,0.03,-0.009,0.999,0.046,0.01,-0.015,0.998,0.055,0.013,0.035,0.99,-0.143,-0.003,-0.011,0.994,-0.105,0.008,-0.011,0.998,0.065,0.014,0.004,0.999,0.037,0.001,-0.011
520,5.2,331,6.62,-9.826,2.053,0.971,-1.065,1.124,-0.581,0.956,-0.236,-3.401,17.825,0.016,-1.239,-17.317,-0.447,5.098,24.679,-1.826,-1.577,21.67,0.701,-0.394,-0.289,-0.363,0.795,-0.156,0.05,0.902,-0.008,0.009,0.778,-0.082,-0.068,1.222,-0.004,-0.372,0.78,-0.029,0.268,0.663,0.028,0.213,0.85,85.023,26.859,-0.09,-32.954,21.456,-31.055,-33.838,-19.01,-3.49,-146.188,15.639,5.063,68.884,-27.742,17.323,-55.805,-28.044,12.914,-43.721,20.655,-31.038,0.999,-0.042,0.032,-0.009,0.999,0.043,0.012,-0.018,0.998,0.052,0.011,0.034,0.988,-0.155,-0.002,-0.011,0.995,-0.099,0.006,-0.009,0.998,0.06,0.011,0.005,0.999,0.034,0.002,-0.013
521,5.21,331,6.62,-8.663,1.95,1.238,-1.108,1.173,-0.518,0.772,-0.314,-3.192,19.964,-0.172,-1.175,-16.167,-0.233,4.844,26.238,-1.355,-1.728,23.391,0.792,-0.703,-0.4,-0.218,1.065,-0.172,0.11,0.935,-0.032,-0.014,0.813,0.019,0.072,0.964,0.022,-0.256,0.951,0.013,0.295,0.677,-0.006,0.216,0.861,80.978,17.105,7.904,-38.367,24.872,-25.903,-38.822,-20.249,-8.659,-217.585,14.431,6.189,78.965,-29.794,12.064,-62.657,-29.355,12.719,-45.847,24.27,-31.273,0.999,-0.035,0.034,-0.009,0.999,0.04,0.015,-0.02,0.998,0.048,0.01,0.034,0.985,-0.173,0.0,-0.01,0.996,-0.093,0.003,-0.008,0.998,0.055,0.008,0.006,0.999,0.03,0.005,-0.016
522,5.22,332,6.64,-7.474,1.704,1.507,-1.137,1.181,-0.42,0.574,-0.398,-2.943,21.939,-0.329,-1.214,-14.741,-0.081,4.639,27.574,-0.948,-1.96,24.937,1.01,-0.909,-0.327,-0.101,1.221,-0.188,0.177,0.986,-0.025,0.031,0.851,0.009,0.032,0.986,0.033,-0.121,1.137,0.046,0.323,0.689,-0.05,0.206,0.896,79.644,2.503,11.646,-41.969,26.816,-21.781,-42.943,-20.544,-12.873,-201.016,11.606,-4.732,95.442,-21.54,3.225,-68.255,-29.725,12.349,-46.782,28.966,-30.336,0.999,-0.028,0.034,-0.008,0.999,0.036,0.018,-0.022,0.998,0.045,0.008,0.033,0.982,-0.19,0.001,-0.011,0.996,-0.084,0.001,-0.007,0.999,0.049,0.006,0.007,0.999,0.026,0.007,-0.019
523,5.23,332,6.64,-6.162,1.379,1.737,-1.137,1.145,-0.288,0.305,-0.475,-2.697,23.597,-0.431,-1.285,-13.182,-0.008,4.472,28.563,-0.602,-2.191,26.168,1.336,-1.083,-0.093,0.024,1.184,-0.207,0.241,1.047,0.009,0.121,0.883,0.047,-0.1,1.148,-0.017,-0.017,1.308,0.068,0.339,0.725,-0.112,0.194,0.943,85.229,-3.85,11.804,-45.201,27.311,-16.868,-45.402,-19.024,-13.591,-169.092,6.992,-8.122,111.695,-15.086,-1.276,-71.325,-29.281,11.615,-46.018,32.287,-28.537,0.999,-0.02,0.034,-0.007,0.999,0.033,0.02,-0.023,0.999,0.041,0.006,0.031,0.979,-0.204,0.001,-0.012,0.997,-0.074,0.0,-0.007,0.999,0.043,0.003,0.008,0.999,0.022,0.011,-0.021
524,5.24,333,6.66,-4.785,1.121,1.783,-1.128,1.096,-0.091,0.062,-0.566,-2.481,24.996,-0.492,-1.318,-11.45,0.102,4.36,29.285,-0.282,-2.347,27.158,1.704,-1.265,0.089,0.183,0.998,-0.237,0.288,1.139,0.053,0.226,0.932,0.085,-0.203,1.195,-0.105,-0.063,1.181,0.086,0.337,0.781,-0.202,0.173,1.022,92.794,4.757,3.366,-44.825,28.759,-6.205,-48.868,-16.497,-12.292,-143.159,3.64,-3.983,126.681,-18.28,-4.836,-72.317,-27.813,9.809,-43.725,33.756,-24.345,0.999,-0.012,0.034,-0.007,0.999,0.029,0.023,-0.024,0.999,0.037,0.004,0.03,0.976,-0.216,0.002,-0.012,0.998,-0.063,-0.002,-0.007,0.999,0.037,0.0,0.008,0.999,0.019,0.014,-0.023
525,5.25,333,6.66,-3.406,0.982,1.728,-1.106,1.007,0.133,-0.188,-0.64,-2.301,26.283,-0.549,-1.283,-9.596,0.335,4.252,29.87,0.037,-2.407,28.074,2.037,-1.433,0.09,0.451,1.031,-0.215,0.41,1.308,0.111,0.324,0.963,0.079,-0.158,1.156,-0.112,-0.06,0.895,0.095,0.35,0.919,-0.293,0.161,1.194,95.136,10.614,1.679,-42.892,25.4,3.613,-50.194,-14.563,-12.172,-131.803,3.417,2.594,139.277,-29.476,-4.965,-74.607,-24.266,6.373,-39.377,32.915,-17.23,0.999,-0.004,0.035,-0.007,0.999,0.025,0.026,-0.023,0.999,0.033,0.003,0.029,0.974,-0.227,0.002,-0.012,0.999,-0.051,-0.004,-0.008,0.999,0.031,-0.002,0.009,0.999,0.016,0.017,-0.024
526,5.26,334,6.68,-2.384,1.003,1.4,-0.99,0.812,0.475,-0.527,-0.648,-2.18,27.637,-0.608,-1.225,-7.704,0.764,3.989,30.406,0.288,-2.382,29.176,2.349,-1.548,0.067,0.61,1.058,-0.055,0.519,1.837,0.168,0.397,0.95,0.051,-0.17,1.096,0.004,0.129,0.833,0.063,0.418,1.228,-0.323,0.263,1.787,61.147,15.692,-8.218,-41.117,16.036,22.743,-52.466,-12.606,-12.595,-138.626,3.391,4.611,139.765,-44.876,10.522,-86.09,-16.353,0.0,-28.519,32.575,-9.985,0.999,0.002,0.036,-0.008,0.999,0.022,0.027,-0.021,0.999,0.029,0.002,0.028,0.971,-0.239,0.003,-0.012,0.999,-0.038,-0.008,-0.006,1.0,0.024,-0.004,0.009,0.999,0.013,0.02,-0.025
527,5.27,334,6.68,-1.913,1.25,1.151,-0.971,0.482,0.861,-1.044,-0.55,-2.087,29.164,-0.706,-1.186,-5.876,1.24,3.569,30.887,0.493,-2.318,30.416,2.647,-1.525,-0.03,0.405,1.014,0.016,0.477,1.829,0.222,0.391,1.013,0.037,-0.354,1.034,0.175,0.187,1.001,0.064,0.466,1.356,-0.461,0.315,2.247,11.967,26.236,12.541,-34.898,3.956,37.085,-56.963,-15.484,-16.986,-155.888,7.086,2.425,129.229,-52.596,21.13,-108.602,-9.038,-7.125,-31.665,32.817,-0.342,0.999,0.003,0.038,-0.007,0.999,0.02,0.027,-0.018,0.999,0.024,0.0,0.026,0.968,-0.252,0.003,-0.012,1.0,-0.027,-0.013,-0.004,1.0,0.015,-0.004,0.008,0.999,0.011,0.023,-0.025
528,5.28,335,6.7,-1.818,1.833,1.016,-1.524,0.36,0.941,-1.705,-0.507,-1.987,30.807,-0.818,-1.171,-4.055,1.571,3.185,31.337,0.763,-2.271,31.276,2.718,-1.223,-0.244,0.32,1.074,-0.07,0.486,0.974,0.232,0.514,0.999,0.036,-0.5,1.033,0.38,0.184,1.115,0.194,0.281,0.986,-0.745,0.063,1.565,-16.401,56.425,15.417,-26.59,0.237,29.35,-57.756,-16.764,-18.195,-167.171,9.199,0.144,127.708,-39.318,15.865,-122.942,-13.729,-8.058,-78.52,8.245,21.988,0.999,0.002,0.043,-0.006,0.999,0.018,0.027,-0.015,1.0,0.019,-0.002,0.025,0.964,-0.266,0.004,-0.012,1.0,-0.015,-0.017,-0.003,1.0,0.004,-0.006,0.007,0.999,0.004,0.025,-0.023
529,5.29,335,6.7,-1.432,2.281,0.672,-2.602,0.545,0.812,-2.693,-0.514,-1.984,32.424,-0.939,-1.18,-2.414,1.679,2.693,31.496,1.095,-2.238,31.61,2.56,-0.761,-0.465,0.349,0.783,-0.213,0.661,0.624,0.266,0.716,1.185,-0.002,-0.59,0.995,0.405,0.299,1.105,0.185,0.367,1.246,-0.715,-0.025,0.87,16.033,49.047,-13.518,-23.564,6.775,20.024,-52.169,-18.451,-8.382,-164.948,9.039,-3.224,113.878,-21.499,36.65,-150.216,-20.273,-8.349,-127.709,-15.705,32.87,0.999,0.004,0.048,-0.007,0.999,0.016,0.028,-0.013,1.0,0.015,-0.004,0.024,0.96,-0.279,0.005,-0.012,1.0,-0.005,-0.019,0.001,1.0,-0.008,-0.008,0.007,0.999,-0.007,0.024,-0.02
530,5.3,336,6.72,-0.798,2.13,0.16,-4.28,0.512,0.923,-3.856,-0.753,-1.944,34.012,-1.085,-1.218,-0.85,1.739,2.307,31.36,1.661,-2.439,31.427,2.69,-0.557,-0.855,0.77,0.358,-0.434,0.691,0.496,0.566,1.182,2.967,-0.038,-0.693,0.962,0.564,0.021,0.91,0.226,0.663,2.143,-0.288,0.3,0.864,51.662,-4.173,-38.27,-11.884,12.239,10.666,-62.381,-15.006,10.563,-156.36,10.071,-7.35,98.095,-15.116,45.86,-178.201,-42.385,12.837,-179.637,14.999,0.674,0.999,0.009,0.048,-0.011,0.999,0.015,0.029,-0.012,1.0,0.01,-0.005,0.025,0.956,-0.293,0.006,-0.013,1.0,0.003,-0.02,0.005,1.0,-0.024,-0.012,0.008,0.999,-0.022,0.026,-0.019
531,5.31,336,6.72,-0.301,1.527,-0.531,-5.333,0.712,1.727,-4.484,-0.993,-1.237,35.446,-1.251,-1.273,-0.519,1.64,1.924,31.795,2.187,-3.095,31.722,2.789,-0.912,-0.821,0.33,0.107,-0.603,0.038,1.173,0.485,0.062,2.073,-0.08,-0.729,0.969,0.14,0.737,1.934,0.936,-0.123,1.374,0.204,0.149,0.253,40.817,-32.518,-43.57,-6.966,27.596,24.035,-41.198,-8.102,-13.944,-141.653,11.463,-9.895,-11.693,-1.557,24.621,-102.443,-37.25,54.748,-115.669,18.3,-55.261,0.999,0.012,0.045,-0.014,0.999,0.015,0.032,-0.01,1.0,0.006,-0.006,0.024,0.952,-0.304,0.007,-0.014,1.0,0.002,-0.021,0.007,0.999,-0.033,-0.015,0.012,0.999,-0.032,0.027,-0.024
532,5.32,337,6.74,-1.125,0.474,-0.715,-5.807,0.84,2.725,-5.616,-1.165,-0.8,36.63,-1.429,-1.32,0.034,1.689,1.415,31.688,2.567,-3.449,32.253,2.934,-1.337,0.325,-0.857,1.301,-0.816,-0.559,1.222,0.051,0.371,0.903,-0.061,-0.691,1.013,-0.532,0.851,0.693,0.703,-0.678,0.664,0.249,0.25,0.462,-94.979,-75.793,18.121,-13.634,26.887,37.923,-22.165,-1.238,-15.596,-120.078,12.652,-9.155,33.329,-7.306,34.371,-129.03,-19.044,26.691,-67.619,24.443,-59.993,0.999,0.003,0.039,-0.013,0.999,0.013,0.034,-0.007,1.0,0.005,-0.006,0.022,0.949,-0.314,0.008,-0.015,1.0,0.006,-0.021,0.01,0.999,-0.044,-0.017,0.015,0.998,-0.038,0.029,-0.029
533,5.33,337,6.74,-1.335,-0.391,-0.965,-6.585,0.379,3.434,-6.161,-0.902,-0.517,37.523,-1.617,-1.394,0.771,1.103,0.935,31.568,2.479,-3.515,32.051,3.345,-1.398,1.132,-1.59,1.495,-0.025,-0.674,0.283,0.031,-0.487,0.836,-0.018,-0.627,1.018,-0.295,-0.822,-0.131,0.322,-0.505,0.816,-0.375,0.305,0.819,-48.932,-86.349,11.463,-28.458,-0.446,36.525,-42.961,-2.262,-37.634,-92.604,16.471,-9.978,28.555,55.382,9.614,-98.184,25.996,-5.893,-112.559,45.155,-29.651,0.999,-0.001,0.031,-0.012,0.999,0.011,0.034,-0.003,1.0,0.001,-0.007,0.019,0.947,-0.322,0.009,-0.016,1.0,0.008,-0.016,0.011,0.998,-0.053,-0.015,0.014,0.998,-0.048,0.033,-0.032
534,5.34,338,6.76,-0.336,-0.569,-1.368,-7.08,-0.055,4.044,-6.651,-0.443,0.147,38.224,-1.797,-1.463,0.636,0.313,0.548,31.233,2.402,-3.546,31.644,3.605,-1.268,0.204,-0.469,1.183,-0.055,-0.405,1.272,0.362,-1.067,0.725,0.062,-0.619,0.997,0.604,-1.15,1.257,0.285,-0.556,0.603,-0.842,-0.189,0.522,41.925,-24.282,6.592,-58.485,-8.064,47.386,-51.079,-22.505,-78.203,-73.074,17.485,-8.017,-66.429,55.002,-38.381,-100.42,24.911,-8.542,-110.152,29.127,-10.148,1.0,0.002,0.029,-0.011,0.999,0.006,0.034,0.001,1.0,-0.004,-0.009,0.012,0.945,-0.328,0.011,-0.017,1.0,0.002,-0.011,0.007,0.998,-0.062,-0.013,0.013,0.997,-0.057,0.036,-0.032
535,5.35,338,6.76,0.938,0.032,-1.365,-7.339,-0.401,4.403,-7.023,-0.309,0.517,38.87,-1.944,-1.52,1.708,0.757,0.183,30.936,2.377,-3.636,31.536,3.64,-1.143,-0.376,0.43,0.78,0.243,0.234,1.037,0.031,-0.382,0.491,0.003,-0.644,0.992,-0.143,-0.469,1.532,0.05,-0.112,0.985,-0.714,-0.025,1.443,72.974,37.114,29.243,-52.897,-20.074,29.129,-53.675,1.93,-39.707,-67.843,13.257,-7.635,53.19,-44.283,-3.696,-95.724,18.656,0.045,-75.801,5.506,-6.168,0.999,0.009,0.032,-0.009,0.999,0.001,0.032,0.003,1.0,-0.009,-0.009,0.009,0.943,-0.333,0.012,-0.018,1.0,0.006,-0.015,0.007,0.997,-0.07,-0.012,0.013,0.997,-0.064,0.037,-0.033
536,5.36,339,6.78,1.718,0.327,-1.139,-7.879,-0.426,4.227,-7.504,-0.557,0.809,39.523,-2.095,-1.608,2.906,0.846,-0.285,30.587,2.538,-3.652,31.187,3.214,-0.734,-0.42,0.831,0.744,-0.023,0.32,1.215,0.151,0.384,1.523,-0.021,-0.737,0.924,-0.245,0.696,0.91,0.157,0.189,1.054,-0.595,-0.279,1.144,27.561,-5.864,29.402,-50.792,-34.213,5.924,-56.944,19.93,-39.48,-67.588,11.343,-12.778,62.395,7.046,5.636,-104.834,-2.631,-10.235,-97.942,-41.876,18.071,0.999,0.012,0.032,-0.006,1.0,-0.003,0.029,0.004,1.0,-0.014,-0.007,0.005,0.941,-0.338,0.012,-0.019,1.0,0.012,-0.014,0.008,0.997,-0.079,-0.013,0.012,0.996,-0.072,0.034,-0.03
537,5.37,339,6.78,1.975,0.033,-0.936,-8.364,-0.209,3.625,-8.021,-0.822,1.055,40.154,-2.199,-1.677,3.794,0.666,-0.741,30.269,2.602,-3.392,30.957,2.483,-0.126,-0.082,0.265,0.787,-0.014,0.181,1.083,0.325,0.191,1.322,0.035,-0.775,0.853,0.268,0.381,0.572,0.259,0.165,0.927,-0.036,-0.16,1.109,-15.495,-70.163,15.127,-42.361,-39.106,-6.437,-45.954,26.16,-59.055,-60.946,10.098,-7.956,41.591,39.407,-15.351,-98.328,4.253,-33.66,-85.549,-67.828,44.601,1.0,0.011,0.025,-0.005,1.0,-0.006,0.025,0.004,1.0,-0.017,-0.005,0.0,0.939,-0.343,0.013,-0.02,1.0,0.016,-0.011,0.007,0.996,-0.087,-0.013,0.008,0.996,-0.08,0.029,-0.026
538,5.38,340,6.8,2.101,-0.213,-0.816,-8.826,0.091,2.805,-8.44,-0.783,1.229,40.663,-2.28,-1.657,4.264,0.365,-1.437,29.911,2.561,-2.799,30.605,1.652,0.584,0.139,-0.167,1.099,-0.024,-0.182,1.029,0.099,-0.021,1.039,0.066,-0.745,0.822,0.294,0.059,0.994,0.433,0.099,1.046,0.136,-0.248,1.014,-26.239,-56.943,6.635,-38.742,-33.58,-6.529,-44.125,4.594,-78.075,-49.556,8.938,1.939,2.918,29.187,-8.565,-88.191,17.34,-58.237,-85.063,-73.841,65.073,1.0,0.008,0.02,-0.004,1.0,-0.01,0.022,0.003,1.0,-0.021,-0.005,-0.007,0.937,-0.348,0.014,-0.02,1.0,0.016,-0.009,0.006,0.995,-0.095,-0.012,0.003,0.996,-0.087,0.023,-0.02
539,5.39,340,6.8,2.535,-0.361,-0.646,-9.306,0.259,2.021,-8.809,-0.486,1.064,41.084,-2.347,-1.583,4.757,-0.188,-2.062,29.438,2.178,-1.936,30.134,0.974,1.192,0.234,-0.24,1.14,-0.072,-0.244,1.002,-0.164,-0.238,1.089,0.066,-0.734,0.804,-0.136,-0.093,1.169,0.519,-0.038,1.025,0.108,-0.219,0.939,2.479,-42.642,9.139,-40.404,-30.402,-8.962,-47.213,3.952,-71.127,-40.987,7.834,7.733,3.31,53.325,-8.781,-88.439,52.751,-79.722,-89.132,-55.684,61.511,1.0,0.008,0.016,-0.004,1.0,-0.014,0.019,0.003,1.0,-0.026,-0.005,-0.013,0.936,-0.351,0.014,-0.02,1.0,0.016,-0.004,0.005,0.995,-0.102,-0.008,-0.004,0.995,-0.095,0.018,-0.014
540,5.4,341,6.82,3.232,-0.305,-0.532,-9.826,0.185,1.482,-9.219,0.003,0.68,41.469,-2.411,-1.478,5.396,-0.713,-2.522,28.908,1.507,-1.024,29.565,0.529,1.571,-0.066,-0.008,0.942,-0.065,-0.138,1.066,-0.208,-0.223,1.078,0.048,-0.756,0.773,-0.168,-0.026,0.911,0.298,-0.189,0.974,0.182,-0.14,0.936,26.222,-28.955,5.619,-42.283,-32.391,-7.291,-46.081,12.058,-56.277,-36.421,6.987,10.381,19.719,58.313,-10.933,-89.518,81.754,-82.396,-97.11,-29.775,42.347,1.0,0.01,0.014,-0.003,1.0,-0.018,0.017,0.002,0.999,-0.03,-0.004,-0.018,0.935,-0.354,0.015,-0.02,1.0,0.018,0.001,0.004,0.994,-0.11,-0.002,-0.012,0.994,-0.104,0.016,-0.01
541,5.41,341,6.82,3.869,-0.389,-0.538,-10.469,0.107,1.305,-9.756,0.665,0.207,41.783,-2.478,-1.388,6.132,-0.823,-2.974,28.243,0.582,-0.257,28.841,0.226,1.772,-0.156,0.196,0.908,-0.083,-0.062,1.081,-0.233,-0.184,1.16,0.033,-0.776,0.74,-0.068,0.137,0.894,-0.074,-0.249,0.924,0.141,-0.117,0.941,20.62,-30.499,8.769,-39.136,-23.841,8.203,-42.264,19.807,-39.548,-28.873,7.002,8.626,28.896,26.52,4.19,-95.23,99.552,-71.665,-105.885,-15.314,23.815,1.0,0.012,0.012,-0.002,1.0,-0.021,0.015,0.003,0.999,-0.033,-0.002,-0.022,0.934,-0.357,0.016,-0.019,1.0,0.02,0.004,0.005,0.993,-0.118,0.006,-0.019,0.994,-0.113,0.014,-0.007
542,5.42,342,6.84,4.358,-0.743,-0.74,-11.172,0.095,1.38,-10.439,1.25,-0.286,42.011,-2.544,-1.321,6.733,-0.78,-3.249,27.414,-0.357,0.341,27.987,-0.034,1.895,-0.017,0.122,0.93,-0.047,-0.093,1.065,-0.159,-0.109,1.191,0.002,-0.818,0.735,0.11,0.153,1.01,-0.387,-0.358,0.858,0.056,-0.17,0.953,7.185,-45.136,4.465,-35.73,-12.855,24.19,-38.323,28.223,-24.586,-20.145,6.318,6.079,20.458,25.625,-0.06,-104.797,98.65,-58.073,-110.73,-11.62,14.878,1.0,0.013,0.008,-0.002,1.0,-0.025,0.014,0.005,0.999,-0.037,0.001,-0.024,0.933,-0.359,0.017,-0.019,1.0,0.022,0.006,0.005,0.991,-0.127,0.014,-0.025,0.992,-0.122,0.013,-0.006
543,5.43,342,6.84,4.71,-1.185,-1.085,-11.964,0.185,1.617,-11.207,1.645,-0.686,42.178,-2.601,-1.256,7.246,-0.856,-3.444,26.469,-1.092,0.789,27.011,-0.308,1.977,0.072,-0.029,0.973,0.005,-0.241,1.038,-0.045,-0.109,1.134,-0.021,-0.807,0.739,0.021,0.092,0.975,-0.55,-0.472,0.81,0.054,-0.25,0.924,2.523,-42.014,3.564,-32.537,-3.072,37.98,-34.823,28.01,-17.067,-13.917,5.294,5.771,14.38,37.275,-0.959,-110.637,76.805,-44.303,-114.188,-12.904,12.009,1.0,0.013,0.004,-0.002,0.999,-0.028,0.014,0.008,0.999,-0.04,0.004,-0.025,0.933,-0.36,0.017,-0.018,1.0,0.024,0.009,0.005,0.99,-0.137,0.021,-0.03,0.991,-0.132,0.012,-0.004
544,5.44,343,6.86,5.078,-1.571,-1.493,-12.813,0.334,1.914,-12.033,1.872,-0.938,42.244,-2.66,-1.183,7.679,-1.113,-3.665,25.379,-1.544,1.159,25.9,-0.611,2.034,0.112,-0.073,1.036,0.061,-0.22,0.998,-0.044,-0.176,1.048,-0.05,-0.757,0.784,-0.104,0.021,0.965,-0.436,-0.491,0.792,0.051,-0.305,0.899,7.163,-31.431,2.286,-30.679,2.284,43.688,-32.028,19.648,-19.22,-4.461,4.2,5.666,12.098,40.151,0.731,-114.876,48.665,-36.546,-116.342,-15.373,11.091,1.0,0.014,0.001,-0.002,0.999,-0.031,0.014,0.012,0.999,-0.043,0.006,-0.027,0.932,-0.36,0.018,-0.018,1.0,0.025,0.013,0.005,0.988,-0.147,0.025,-0.033,0.99,-0.142,0.011,-0.003
545,5.45,343,6.86,5.468,-1.891,-1.878,-13.72,0.513,2.253,-12.911,1.985,-1.037,42.155,-2.72,-1.13,8.124,-1.382,-3.964,24.095,-1.799,1.444,24.596,-0.929,2.038,0.033,-0.037,0.973,0.094,-0.2,1.052,-0.133,-0.24,1.068,-0.071,-0.717,0.841,-0.11,0.001,0.968,-0.301,-0.424,0.825,0.12,-0.328,0.879,12.334,-25.097,3.524,-29.161,3.401,42.755,-30.8,10.783,-24.599,6.931,4.277,3.893,15.661,32.455,4.388,-118.575,27.964,-30.23,-120.851,-16.563,5.491,1.0,0.015,-0.002,-0.001,0.999,-0.033,0.014,0.016,0.998,-0.046,0.007,-0.029,0.933,-0.36,0.019,-0.018,1.0,0.026,0.016,0.005,0.987,-0.157,0.028,-0.036,0.988,-0.153,0.009,-0.002
546,5.46,344,6.88,5.907,-2.168,-2.239,-14.713,0.72,2.653,-13.882,2.059,-0.984,41.976,-2.798,-1.09,8.554,-1.662,-4.314,22.662,-1.942,1.647,23.141,-1.265,1.954,0.003,0.059,0.933,0.094,-0.142,1.055,-0.189,-0.206,1.074,-0.082,-0.754,0.89,-0.101,0.044,0.935,-0.216,-0.389,0.799,0.188,-0.374,0.891,13.514,-21.298,2.849,-27.418,4.768,40.164,-28.062,4.666,-31.691,15.921,6.263,3.116,16.521,26.475,3.277,-124.231,17.76,-23.9,-127.153,-16.592,-3.795,1.0,0.016,-0.004,-0.001,0.999,-0.036,0.014,0.019,0.998,-0.048,0.008,-0.032,0.933,-0.358,0.019,-0.018,0.999,0.027,0.019,0.006,0.985,-0.168,0.03,-0.038,0.986,-0.164,0.007,-0.003
547,5.47,344,6.88,6.281,-2.455,-2.56,-15.796,0.931,3.061,-14.935,2.154,-0.813,41.796,-2.919,-1.03,8.961,-1.911,-4.707,21.185,-2.01,1.794,21.628,-1.627,1.802,0.014,0.112,0.921,0.119,-0.134,1.099,-0.159,-0.184,1.112,-0.085,-0.834,0.929,-0.052,0.103,0.931,-0.219,-0.411,0.845,0.183,-0.461,0.913,10.663,-21.612,2.145,-24.421,5.768,35.443,-24.466,-0.037,-37.585,17.534,9.864,4.535,14.261,19.791,2.414,-128.836,14.16,-18.334,-132.177,-15.146,-9.336,1.0,0.017,-0.005,-0.001,0.999,-0.038,0.014,0.023,0.998,-0.051,0.008,-0.035,0.934,-0.357,0.021,-0.017,0.999,0.029,0.02,0.006,0.983,-0.179,0.031,-0.039,0.984,-0.175,0.006,-0.003
548,5.48,345,6.9,6.605,-2.716,-2.829,-16.945,1.103,3.383,-16.083,2.324,-0.597,41.654,-3.086,-0.978,9.303,-2.195,-5.116,19.688,-2.054,1.89,20.119,-1.992,1.683,0.045,0.098,0.887,0.101,-0.222,1.094,-0.154,-0.237,1.126,-0.051,-0.877,0.944,-0.04,0.09,0.949,-0.228,-0.548,0.833,0.141,-0.578,0.925,9.188,-18.35,0.374,-19.996,4.851,28.427,-20.137,-6.004,-40.013,16.253,15.528,4.806,11.341,17.246,2.496,-133.971,15.941,-15.451,-134.77,-12.63,-7.345,1.0,0.018,-0.007,-0.001,0.999,-0.04,0.015,0.025,0.998,-0.053,0.007,-0.039,0.934,-0.356,0.022,-0.018,0.999,0.03,0.022,0.006,0.98,-0.191,0.033,-0.041,0.982,-0.187,0.004,-0.003
549,5.49,345,6.9,6.802,-2.935,-3.022,-18.143,1.247,3.56,-17.305,2.573,-0.426,41.484,-3.3,-0.941,9.54,-2.577,-5.491,18.141,-2.095,1.976,18.563,-2.391,1.658,-0.007,-0.014,0.951,0.068,-0.297,1.083,-0.204,-0.292,1.16,-0.061,-0.848,0.932,-0.075,0.066,0.945,-0.223,-0.679,0.834,0.131,-0.697,0.905,5.145,-18.247,1.778,-16.543,3.818,21.746,-15.149,-11.389,-38.33,18.142,19.464,2.706,9.059,19.141,1.898,-135.794,19.952,-16.692,-136.449,-12.657,0.509,1.0,0.018,-0.009,-0.001,0.999,-0.042,0.015,0.027,0.998,-0.054,0.006,-0.042,0.935,-0.354,0.024,-0.018,0.999,0.031,0.024,0.006,0.978,-0.203,0.035,-0.042,0.98,-0.199,0.003,-0.003
550,5.5,346,6.92,7.01,-3.231,-3.19,-19.395,1.415,3.617,-18.604,2.872,-0.424,41.29,-3.507,-0.954,9.706,-2.903,-5.783,16.559,-2.223,2.058,16.981,-2.813,1.74,0.054,0.029,0.953,0.09,-0.305,1.144,-0.171,-0.354,1.177,-0.049,-0.873,0.945,-0.092,0.06,0.964,-0.191,-0.769,0.82,0.157,-0.771,0.909,8.724,-20.431,0.788,-11.938,4.935,18.894,-8.764,-11.415,-27.37,21.706,20.338,-0.582,8.145,14.688,4.412,-136.979,26.854,-20.13,-137.009,-16.828,8.515,1.0,0.019,-0.011,-0.001,0.999,-0.043,0.015,0.029,0.997,-0.055,0.005,-0.044,0.935,-0.353,0.026,-0.019,0.999,0.032,0.025,0.007,0.975,-0.215,0.038,-0.044,0.977,-0.211,0.002,-0.002
551,5.51,346,6.92,7.201,-3.552,-3.345,-20.714,1.621,3.649,-19.967,3.185,-0.537,41.104,-3.705,-0.973,9.801,-3.173,-5.977,14.965,-2.405,2.15,15.392,-3.251,1.812,0.045,0.053,0.9,0.079,-0.331,1.149,-0.183,-0.394,1.157,-0.057,-0.868,0.912,-0.12,0.042,0.946,-0.167,-0.801,0.795,0.155,-0.789,0.882,9.943,-21.328,0.826,-6.575,6.663,17.964,-4.488,-9.672,-18.925,21.048,19.568,-1.121,5.474,12.418,2.684,-138.943,31.36,-21.181,-138.537,-18.99,8.9,1.0,0.02,-0.013,-0.001,0.998,-0.044,0.016,0.03,0.997,-0.056,0.005,-0.046,0.936,-0.351,0.027,-0.019,0.999,0.032,0.027,0.007,0.972,-0.227,0.041,-0.046,0.975,-0.223,0.0,-0.001
552,5.52,347,6.94,7.256,-3.851,-3.475,-22.121,1.853,3.705,-21.424,3.504,-0.701,40.899,-3.884,-0.995,9.817,-3.371,-6.086,13.312,-2.627,2.211,13.752,-3.669,1.82,0.03,0.018,0.913,0.074,-0.363,1.134,-0.167,-0.392,1.173,-0.056,-0.872,0.865,-0.144,0.027,0.948,-0.159,-0.823,0.774,0.147,-0.772,0.852,7.176,-20.023,2.344,-0.608,7.878,16.791,0.723,-8.057,-12.39,23.057,17.855,-1.02,2.496,8.293,0.151,-143.101,33.327,-17.939,-141.683,-18.678,4.7,1.0,0.021,-0.015,-0.001,0.998,-0.044,0.016,0.032,0.997,-0.056,0.004,-0.047,0.936,-0.349,0.029,-0.02,0.999,0.032,0.028,0.007,0.969,-0.239,0.044,-0.047,0.972,-0.236,-0.001,0.0
553,5.53,347,6.94,7.253,-4.189,-3.619,-23.618,2.101,3.883,-22.994,3.801,-0.878,40.672,-4.039,-1.015,9.803,-3.468,-6.143,11.579,-2.859,2.223,12.042,-4.022,1.716,0.052,-0.004,0.968,0.027,-0.368,1.139,-0.103,-0.327,1.192,-0.069,-0.856,0.819,-0.076,0.061,0.97,-0.12,-0.848,0.759,0.12,-0.736,0.858,6.518,-20.717,3.75,4.375,9.684,19.853,6.419,-5.601,-6.523,25.182,15.402,-0.765,3.09,0.987,0.571,-148.953,32.325,-12.32,-146.257,-14.184,-3.886,1.0,0.021,-0.017,0.0,0.998,-0.044,0.017,0.033,0.997,-0.056,0.004,-0.047,0.937,-0.348,0.03,-0.021,0.999,0.032,0.028,0.007,0.965,-0.252,0.047,-0.048,0.969,-0.248,-0.003,0.0
554,5.54,348,6.96,7.212,-4.563,-3.811,-25.232,2.382,4.174,-24.657,4.114,-1.098,40.416,-4.164,-1.065,9.753,-3.498,-6.154,9.781,-3.141,2.187,10.235,-4.308,1.561,0.08,0.018,0.96,-0.056,-0.381,1.136,-0.005,-0.263,1.197,-0.055,-0.813,0.799,0.007,0.098,0.961,-0.055,-0.871,0.693,0.02,-0.733,0.779,7.061,-18.177,3.977,10.003,12.541,25.51,12.597,-4.139,-1.681,28.17,12.699,-3.184,2.392,1.199,0.033,-152.357,34.397,-9.736,-152.752,-11.859,-9.707,1.0,0.021,-0.019,0.0,0.998,-0.043,0.018,0.035,0.997,-0.055,0.003,-0.048,0.938,-0.346,0.031,-0.021,0.999,0.033,0.028,0.007,0.962,-0.265,0.05,-0.049,0.965,-0.261,-0.004,-0.001
555,5.55,348,6.96,7.127,-4.893,-4.027,-26.995,2.759,4.444,-26.405,4.512,-1.391,40.139,-4.267,-1.134,9.608,-3.585,-6.147,7.958,-3.523,2.142,8.344,-4.64,1.414,0.053,0.073,0.98,-0.149,-0.258,1.133,0.023,-0.256,1.206,-0.053,-0.76,0.823,0.011,0.12,0.948,-0.013,-0.871,0.682,-0.074,-0.812,0.679,6.84,-11.673,3.878,18.151,13.799,28.242,19.85,-6.035,-0.21,30.289,10.519,-4.993,-0.175,4.358,-0.042,-152.932,42.622,-10.587,-159.247,-19.671,-9.032,1.0,0.022,-0.02,0.0,0.998,-0.042,0.02,0.038,0.997,-0.054,0.003,-0.048,0.938,-0.343,0.032,-0.022,0.999,0.033,0.028,0.007,0.958,-0.277,0.054,-0.051,0.961,-0.275,-0.006,-0.001
556,5.56,349,6.98,6.947,-5.167,-4.338,-28.84,3.269,4.688,-28.251,4.995,-1.764,39.835,-4.331,-1.245,9.352,-3.724,-6.156,6.105,-4.039,2.083,6.431,-5.06,1.314,-0.05,0.091,0.962,-0.145,-0.327,1.177,-0.028,-0.283,1.212,-0.024,-0.757,0.871,0.0,0.089,0.964,-0.028,-0.909,0.62,-0.006,-0.952,0.654,6.8,-7.765,1.468,26.419,16.537,35.392,28.509,-9.997,-1.105,31.741,9.259,-6.902,-1.459,7.598,1.168,-153.172,51.926,-13.594,-159.165,-32.406,-6.102,1.0,0.023,-0.02,0.001,0.998,-0.04,0.022,0.041,0.998,-0.052,0.002,-0.048,0.939,-0.341,0.032,-0.023,0.999,0.033,0.029,0.007,0.954,-0.29,0.059,-0.052,0.957,-0.289,-0.008,-0.001
557,5.57,349,6.98,6.525,-5.575,-4.695,-30.803,3.896,4.882,-30.192,5.555,-2.176,39.47,-4.378,-1.367,8.936,-4.006,-6.206,4.197,-4.636,2.044,4.456,-5.543,1.198,0.067,0.027,0.96,-0.094,-0.476,1.132,-0.084,-0.389,1.218,-0.025,-0.789,0.924,-0.059,0.052,0.952,-0.098,-0.957,0.582,0.141,-1.026,0.67,-1.134,-12.324,-2.505,38.335,21.379,35.833,37.158,-15.581,-6.445,37.546,7.875,-7.358,-2.754,12.296,0.768,-152.485,58.625,-17.52,-159.4,-39.525,-6.23,1.0,0.023,-0.021,0.0,0.998,-0.037,0.024,0.044,0.998,-0.049,0.0,-0.048,0.94,-0.338,0.032,-0.024,0.999,0.032,0.03,0.007,0.949,-0.303,0.064,-0.054,0.953,-0.302,-0.012,-0.001
558,5.58,350,7.0,6.033,-5.954,-5.069,-32.894,4.572,5.048,-32.283,6.162,-2.586,39.083,-4.418,-1.482,8.443,-4.354,-6.315,2.233,-5.267,2.014,2.4,-6.06,1.041,0.197,0.024,0.97,0.073,-0.515,1.17,-0.156,-0.402,1.247,-0.018,-0.805,0.906,-0.067,0.053,0.957,-0.146,-1.024,0.513,0.229,-1.111,0.548,-2.505,-8.343,-3.372,45.184,23.694,36.626,47.138,-21.26,-12.735,40.893,6.462,-7.148,-0.635,11.426,1.394,-155.944,61.614,-19.308,-165.071,-43.109,-7.029,0.999,0.022,-0.022,0.0,0.998,-0.033,0.026,0.047,0.998,-0.045,-0.002,-0.049,0.941,-0.335,0.032,-0.025,0.999,0.032,0.031,0.007,0.944,-0.316,0.069,-0.057,0.949,-0.316,-0.016,0.0
559,5.59,350,7.0,5.484,-6.171,-5.374,-35.109,5.173,5.181,-34.489,6.799,-3.032,38.69,-4.441,-1.59,7.893,-4.675,-6.459,0.253,-5.942,1.966,0.298,-6.512,0.829,0.108,0.042,0.938,0.109,-0.479,1.183,-0.133,-0.421,1.254,-0.036,-0.786,0.878,-0.09,0.129,0.966,-0.177,-1.16,0.427,0.246,-1.164,0.526,-1.41,2.116,-1.112,53.394,18.798,31.307,56.761,-23.615,-13.391,41.928,3.838,-7.173,-2.729,6.827,4.26,-156.784,64.681,-18.533,-168.811,-38.43,-9.65,0.999,0.022,-0.023,0.0,0.998,-0.029,0.028,0.049,0.998,-0.04,-0.004,-0.05,0.943,-0.331,0.032,-0.026,0.999,0.032,0.032,0.008,0.939,-0.329,0.075,-0.059,0.944,-0.33,-0.019,0.0
560,5.6,351,7.02,4.787,-6.245,-5.536,-37.512,5.666,5.192,-36.817,7.369,-3.727,38.334,-4.439,-1.705,7.119,-4.898,-6.353,-1.715,-6.676,1.857,-1.843,-6.867,0.581,0.134,0.06,0.984,0.038,-0.345,1.111,-0.136,-0.396,1.164,-0.013,-0.73,0.845,-0.193,0.051,0.933,-0.223,-1.214,0.345,0.217,-1.161,0.449,-7.502,6.945,-0.797,64.768,11.431,16.012,66.345,-15.209,8.119,37.782,2.5,-7.279,-13.567,7.997,-1.527,-158.866,68.501,-15.531,-175.995,-31.647,-12.23,1.0,0.022,-0.022,0.0,0.998,-0.024,0.029,0.05,0.998,-0.035,-0.005,-0.049,0.944,-0.329,0.032,-0.027,0.999,0.031,0.033,0.008,0.934,-0.342,0.081,-0.061,0.938,-0.345,-0.022,-0.001
561,5.61,351,7.02,3.964,-6.185,-5.523,-40.077,6.073,5.051,-39.288,7.949,-4.56,38.025,-4.414,-1.824,6.253,-4.995,-6.121,-3.693,-7.457,1.673,-3.993,-7.132,0.299,0.135,0.008,0.972,-0.006,-0.362,1.105,-0.242,-0.42,1.189,0.003,-0.652,0.799,-0.176,-0.03,0.981,-0.255,-1.155,0.277,0.154,-1.12,0.378,-10.109,12.385,-0.218,75.505,5.006,-1.916,74.373,-15.914,19.497,31.745,0.921,-7.444,-14.597,-2.524,-3.144,-163.987,71.168,-11.832,-181.288,-25.735,-14.976,1.0,0.021,-0.021,0.0,0.998,-0.017,0.03,0.05,0.998,-0.029,-0.007,-0.048,0.944,-0.326,0.031,-0.028,0.999,0.03,0.033,0.007,0.929,-0.355,0.088,-0.063,0.933,-0.36,-0.025,-0.002
562,5.62,352,7.04,3.086,-6.007,-5.447,-42.747,6.446,4.843,-41.889,8.503,-5.438,37.759,-4.382,-1.916,5.391,-5.015,-5.828,-5.696,-8.189,1.439,-6.135,-7.354,-0.02,0.053,0.03,0.969,-0.014,-0.328,1.157,-0.151,-0.323,1.199,-0.012,-0.583,0.772,-0.096,0.023,0.98,-0.247,-1.054,0.273,0.102,-1.052,0.347,-8.609,21.462,-0.109,82.986,3.281,-8.069,80.938,-18.212,26.6,24.803,-0.197,-5.599,-9.156,-12.725,-1.545,-170.144,66.094,-7.627,-184.151,-23.037,-15.462,1.0,0.02,-0.02,0.0,0.998,-0.011,0.03,0.049,0.999,-0.022,-0.008,-0.045,0.945,-0.324,0.031,-0.028,0.999,0.029,0.032,0.007,0.923,-0.369,0.094,-0.065,0.927,-0.375,-0.027,-0.003
563,5.63,352,7.04,2.151,-5.774,-5.326,-45.493,6.821,4.53,-44.613,9.091,-6.262,37.567,-4.364,-1.978,4.472,-5.108,-5.534,-7.681,-8.834,1.181,-8.211,-7.593,-0.347,0.018,0.03,0.954,-0.086,-0.265,1.143,0.006,-0.234,1.206,-0.029,-0.529,0.745,-0.023,0.037,0.93,-0.205,-0.986,0.258,0.041,-0.975,0.316,-9.657,21.981,-0.426,89.696,3.125,-12.984,87.442,-28.07,23.26,16.356,-0.61,-4.496,-10.19,-12.136,-4.636,-175.135,59.279,-5.715,-184.497,-24.999,-13.169,1.0,0.019,-0.018,0.0,0.998,-0.003,0.031,0.048,0.999,-0.015,-0.011,-0.043,0.946,-0.322,0.03,-0.029,0.999,0.028,0.03,0.007,0.916,-0.383,0.099,-0.065,0.92,-0.39,-0.03,-0.003
564,5.64,353,7.06,1.134,-5.63,-5.256,-48.296,7.235,4.16,-47.473,9.805,-6.876,37.458,-4.353,-2.024,3.468,-5.446,-5.452,-9.624,-9.42,0.92,-10.207,-7.898,-0.659,0.053,0.022,0.948,-0.122,-0.263,1.128,0.132,-0.154,1.181,-0.025,-0.485,0.697,-0.001,0.028,0.943,-0.163,-0.944,0.242,0.024,-0.887,0.289,-11.327,21.243,-1.048,94.328,4.859,-8.61,93.453,-46.509,0.535,8.036,-0.224,-3.537,-9.938,-10.614,-5.226,-178.658,54.638,-6.679,-184.368,-32.183,-9.838,1.0,0.018,-0.016,0.0,0.998,0.005,0.032,0.047,0.999,-0.007,-0.016,-0.043,0.946,-0.321,0.03,-0.029,0.999,0.027,0.029,0.006,0.909,-0.397,0.105,-0.066,0.914,-0.405,-0.033,-0.003
565,5.65,353,7.06,0.091,-5.463,-5.275,-51.11,7.687,3.803,-50.46,10.649,-7.14,37.414,-4.348,-2.049,2.401,-6.068,-5.745,-11.518,-9.965,0.669,-12.124,-8.262,-0.977,0.017,0.012,0.928,-0.138,-0.237,1.106,0.197,-0.127,1.169,-0.033,-0.434,0.645,0.096,0.037,0.971,-0.117,-0.919,0.241,-0.009,-0.854,0.26,-10.521,21.466,0.651,96.227,6.749,1.695,100.463,-66.14,-38.195,1.418,-0.458,-2.378,-5.2,-4.697,-6.174,-180.04,51.741,-7.961,-182.416,-39.267,-8.14,1.0,0.016,-0.014,0.0,0.998,0.013,0.033,0.047,0.999,0.001,-0.022,-0.046,0.946,-0.321,0.03,-0.029,0.999,0.026,0.029,0.006,0.902,-0.411,0.109,-0.067,0.907,-0.42,-0.036,-0.003
566,5.66,354,7.08,-0.957,-5.377,-5.395,-53.938,8.187,3.508,-53.542,11.548,-7.151,37.406,-4.352,-2.065,1.237,-6.88,-6.358,-13.393,-10.503,0.414,-13.998,-8.678,-1.307,-0.07,0.012,0.918,-0.167,-0.198,1.123,0.208,-0.073,1.06,-0.038,-0.391,0.565,0.011,0.107,0.983,-0.097,-0.887,0.207,-0.057,-0.842,0.248,-9.961,15.854,3.913,97.743,10.331,15.121,105.394,-74.889,-69.183,-2.004,-0.162,-2.15,-6.938,4.167,-6.47,-181.181,52.635,-8.673,-181.168,-44.808,-7.555,1.0,0.016,-0.012,0.0,0.998,0.021,0.034,0.048,0.998,0.01,-0.029,-0.052,0.946,-0.321,0.03,-0.029,0.999,0.026,0.029,0.005,0.895,-0.425,0.114,-0.068,0.9,-0.434,-0.04,-0.003
567,5.67,354,7.08,-2.097,-5.42,-5.59,-56.814,8.738,3.201,-56.623,12.369,-7.038,37.401,-4.382,-2.071,-0.023,-7.726,-7.126,-15.276,-11.023,0.146,-15.86,-9.167,-1.649,-0.042,0.021,0.954,-0.225,-0.06,1.05,0.112,-0.086,0.996,-0.04,-0.342,0.476,-0.107,0.068,0.941,-0.137,-0.841,0.155,-0.07,-0.847,0.229,-12.628,6.544,5.395,101.634,13.351,23.342,105.458,-69.52,-84.925,-1.946,1.355,-1.961,-12.342,10.845,-9.382,-182.137,53.658,-7.998,-179.626,-51.096,-6.187,1.0,0.014,-0.011,0.001,0.998,0.03,0.036,0.049,0.997,0.019,-0.036,-0.059,0.946,-0.321,0.03,-0.029,0.999,0.025,0.03,0.005,0.888,-0.44,0.119,-0.069,0.893,-0.448,-0.044,-0.002
568,5.68,355,7.1,-3.309,-5.517,-5.832,-59.703,9.251,2.858,-59.7,12.988,-6.951,37.362,-4.43,-2.076,-1.324,-8.297,-7.874,-17.2,-11.473,-0.162,-17.728,-9.719,-2.02,0.054,0.004,0.939,-0.227,0.01,0.918,-0.069,-0.067,1.014,-0.051,-0.31,0.398,-0.077,0.027,0.953,-0.141,-0.799,0.153,-0.072,-0.822,0.209,-13.801,1.762,4.964,103.552,8.177,27.42,106.062,-55.424,-79.414,4.101,2.223,-2.253,-11.517,4.779,-7.849,-182.57,49.406,-4.744,-176.082,-56.707,-6.791,1.0,0.013,-0.012,0.001,0.997,0.039,0.037,0.051,0.997,0.028,-0.041,-0.066,0.946,-0.321,0.031,-0.03,0.999,0.023,0.031,0.004,0.88,-0.454,0.124,-0.069,0.885,-0.462,-0.048,-0.001
569,5.69,355,7.1,-4.504,-5.462,-6.067,-62.579,9.676,2.483,-62.802,13.401,-7.101,37.27,-4.484,-2.101,-2.542,-8.649,-8.389,-19.216,-11.873,-0.524,-19.627,-10.297,-2.408,0.037,0.005,0.952,-0.148,0.068,0.845,-0.162,-0.046,1.002,-0.047,-0.282,0.306,-0.093,0.062,0.944,-0.176,-0.755,0.101,-0.051,-0.787,0.162,-12.29,7.264,5.893,102.429,-0.306,28.223,106.85,-37.26,-54.179,11.318,4.142,-2.896,-9.101,0.975,-5.655,-185.862,46.472,-2.882,-173.414,-58.961,-8.166,1.0,0.012,-0.011,0.002,0.997,0.048,0.038,0.054,0.996,0.037,-0.044,-0.07,0.946,-0.32,0.031,-0.03,0.999,0.023,0.031,0.003,0.872,-0.468,0.129,-0.069,0.878,-0.476,-0.053,0.0
570,5.7,356,7.12,-5.67,-5.239,-6.226,-65.424,10.015,1.952,-65.915,13.635,-7.554,37.118,-4.548,-2.137,-3.787,-8.854,-8.573,-21.301,-12.221,-0.919,-21.531,-10.965,-2.815,-0.001,0.014,0.94,-0.087,0.185,0.805,-0.104,0.028,0.96,-0.033,-0.247,0.23,-0.071,0.039,0.919,-0.19,-0.713,0.122,0.047,-0.742,0.158,-11.353,8.857,7.35,100.136,-7.844,22.579,109.07,-22.151,-22.496,17.786,6.034,-2.889,-11.233,1.395,-7.264,-186.105,43.699,-1.232,-166.786,-67.2,-8.4,1.0,0.011,-0.01,0.002,0.996,0.057,0.038,0.055,0.995,0.047,-0.047,-0.072,0.947,-0.319,0.032,-0.03,0.999,0.022,0.031,0.003,0.863,-0.482,0.133,-0.069,0.87,-0.489,-0.059,0.002
571,5.71,356,7.12,-6.733,-4.973,-6.291,-68.203,10.261,1.189,-69.048,13.707,-8.292,36.883,-4.619,-2.191,-5.019,-8.927,-8.469,-23.479,-12.529,-1.325,-23.462,-11.762,-3.196,-0.001,0.076,0.949,-0.05,0.253,0.817,-0.033,0.145,0.898,-0.039,-0.225,0.149,-0.124,0.062,0.929,-0.146,-0.711,0.143,0.088,-0.71,0.182,-9.28,9.582,6.501,96.957,-13.764,13.728,109.407,-10.246,5.417,25.931,7.245,-4.088,-13.754,-1.614,-7.839,-186.807,42.856,-1.494,-160.264,-79.168,-4.836,1.0,0.01,-0.009,0.003,0.996,0.066,0.037,0.056,0.995,0.056,-0.048,-0.071,0.947,-0.317,0.032,-0.031,0.999,0.021,0.032,0.002,0.855,-0.496,0.137,-0.069,0.863,-0.501,-0.065,0.004
572,5.72,357,7.14,-7.778,-4.658,-6.237,-70.942,10.377,0.181,-72.151,13.678,-9.218,36.563,-4.688,-2.269,-6.176,-8.901,-8.22,-25.736,-12.823,-1.723,-25.448,-12.655,-3.535,-0.006,0.071,0.909,0.007,0.304,0.87,0.049,0.218,0.907,-0.038,-0.228,0.065,-0.092,0.077,0.932,-0.104,-0.712,0.171,0.122,-0.684,0.256,-10.422,8.622,5.596,95.146,-19.503,1.893,106.254,-4.064,22.591,34.628,7.487,-5.437,-13.175,-8.624,-4.443,-185.37,43.58,-3.667,-155.953,-88.595,0.789,1.0,0.009,-0.008,0.003,0.995,0.074,0.036,0.056,0.994,0.065,-0.049,-0.068,0.948,-0.314,0.033,-0.032,0.999,0.02,0.031,0.002,0.846,-0.509,0.142,-0.068,0.855,-0.513,-0.072,0.007
573,5.73,357,7.14,-8.856,-4.317,-5.989,-73.657,10.316,-1.129,-75.198,13.534,-10.335,36.175,-4.757,-2.34,-7.283,-8.744,-7.841,-28.048,-13.155,-2.08,-27.501,-13.612,-3.847,0.036,0.033,0.948,0.038,0.387,0.858,0.06,0.32,0.915,-0.016,-0.235,-0.03,-0.012,0.069,0.935,-0.094,-0.706,0.255,0.081,-0.686,0.283,-16.052,10.295,4.117,93.232,-26.833,-18.129,102.306,2.957,36.811,41.481,8.274,-3.88,-14.79,-12.287,-2.762,-183.91,48.777,-6.156,-154.025,-96.478,6.753,1.0,0.008,-0.008,0.004,0.995,0.083,0.034,0.054,0.994,0.075,-0.049,-0.065,0.949,-0.311,0.033,-0.032,0.999,0.018,0.03,0.002,0.837,-0.523,0.146,-0.069,0.848,-0.524,-0.079,0.011
574,5.74,358,7.16,-9.905,-3.941,-5.515,-76.281,10.061,-2.677,-78.071,13.302,-11.64,35.707,-4.829,-2.403,-8.341,-8.56,-7.345,-30.331,-13.577,-2.407,-29.606,-14.566,-4.135,0.058,0.003,0.958,0.043,0.461,0.817,0.044,0.428,0.846,-0.013,-0.231,-0.105,-0.06,0.095,0.937,-0.177,-0.704,0.471,0.051,-0.712,0.395,-15.691,11.414,3.65,89.04,-33.788,-39.967,95.717,10.64,48.146,49.432,8.941,-2.36,-19.103,-12.249,-2.466,-177.948,58.392,-7.839,-154.216,-98.265,11.487,1.0,0.007,-0.007,0.004,0.994,0.091,0.032,0.05,0.994,0.083,-0.049,-0.06,0.951,-0.307,0.034,-0.033,0.999,0.017,0.029,0.001,0.828,-0.535,0.151,-0.07,0.84,-0.536,-0.085,0.015
575,5.75,358,7.16,-10.764,-3.519,-4.883,-78.769,9.685,-4.378,-80.682,12.956,-13.095,35.141,-4.912,-2.458,-9.354,-8.34,-6.817,-32.515,-14.123,-2.6,-31.777,-15.518,-4.431,0.011,0.068,0.945,-0.073,0.446,0.795,0.145,0.352,0.801,0.013,-0.241,-0.178,-0.117,0.077,0.874,-0.271,-0.698,0.722,0.042,-0.756,0.593,-9.453,15.435,1.815,82.005,-37.17,-56.023,87.966,15.133,51.183,59.206,10.691,-0.502,-21.676,-16.433,-2.289,-158.169,71.091,-15.423,-149.791,-97.526,16.275,1.0,0.006,-0.006,0.004,0.994,0.098,0.029,0.044,0.993,0.091,-0.049,-0.055,0.952,-0.302,0.034,-0.033,1.0,0.015,0.027,0.001,0.82,-0.546,0.156,-0.072,0.832,-0.546,-0.092,0.02
576,5.76,359,7.18,-11.612,-3.098,-4.261,-81.183,9.214,-6.066,-83.168,12.455,-14.525,34.465,-5.003,-2.487,-10.322,-7.943,-6.338,-34.721,-14.672,-2.677,-34.045,-16.441,-4.727,-0.122,0.045,0.88,-0.178,0.47,0.755,0.191,0.426,0.674,-0.019,-0.248,-0.217,-0.022,0.05,0.947,-0.269,-0.679,0.737,0.047,-0.801,0.798,-7.606,16.207,1.11,80.127,-34.931,-55.812,85.743,19.122,50.169,70.035,11.824,2.945,-20.676,-26.038,2.668,-150.399,70.38,-22.376,-146.471,-96.1,22.733,1.0,0.006,-0.004,0.004,0.993,0.105,0.027,0.039,0.993,0.098,-0.048,-0.05,0.954,-0.297,0.035,-0.034,1.0,0.014,0.025,0.002,0.811,-0.557,0.161,-0.075,0.825,-0.557,-0.098,0.025
577,5.77,359,7.18,-12.457,-2.76,-3.73,-83.488,8.659,-7.594,-85.598,11.849,-15.69,33.718,-5.088,-2.515,-11.264,-7.575,-5.914,-37.071,-15.051,-2.691,-36.366,-17.284,-4.994,-0.128,0.041,0.938,-0.215,0.466,0.704,0.273,0.457,0.616,0.019,-0.287,-0.211,0.006,0.024,0.944,-0.239,-0.636,0.587,-0.009,-0.789,0.829,-11.048,10.376,0.353,74.992,-31.704,-47.696,77.472,17.051,43.922,77.266,11.78,3.988,-23.075,-24.398,1.306,-158.122,52.743,-31.042,-143.549,-89.731,28.039,1.0,0.005,-0.003,0.004,0.993,0.112,0.025,0.034,0.992,0.105,-0.048,-0.046,0.956,-0.291,0.036,-0.034,1.0,0.012,0.022,0.002,0.803,-0.568,0.165,-0.077,0.817,-0.567,-0.103,0.03
578,5.78,360,7.2,-13.249,-2.531,-3.398,-85.68,8.065,-8.804,-87.989,11.291,-16.374,33.02,-5.17,-2.537,-12.147,-7.241,-5.594,-39.471,-15.099,-2.745,-38.609,-17.997,-5.221,-0.085,-0.023,0.928,-0.238,0.472,0.701,0.313,0.577,0.622,0.022,-0.343,-0.147,0.0,0.005,0.992,-0.259,-0.659,0.579,0.004,-0.729,0.742,-7.906,3.355,-0.517,69.322,-24.82,-29.51,68.741,9.889,33.603,72.257,11.34,4.265,-22.801,-26.72,0.276,-169.147,19.175,-30.086,-140.748,-77.86,33.462,1.0,0.004,-0.002,0.004,0.992,0.118,0.024,0.031,0.992,0.111,-0.048,-0.043,0.957,-0.285,0.037,-0.034,1.0,0.01,0.02,0.002,0.794,-0.58,0.166,-0.078,0.809,-0.577,-0.107,0.035
579,5.79,360,7.2,-13.941,-2.367,-3.22,-87.707,7.508,-9.604,-90.143,10.893,-16.458,32.496,-5.242,-2.589,-12.868,-7.035,-5.437,-41.629,-14.758,-2.885,-40.593,-18.49,-5.422,-0.061,-0.034,0.954,-0.223,0.518,0.681,0.329,0.615,0.656,0.012,-0.417,-0.089,0.017,-0.001,0.98,-0.178,-0.651,0.544,0.063,-0.68,0.703,-3.238,-0.172,-0.759,62.142,-19.061,-14.813,56.269,1.855,15.682,54.928,9.581,-0.234,-15.871,-19.119,-1.945,-163.379,-18.29,-22.945,-135.273,-54.667,31.067,1.0,0.003,-0.002,0.004,0.992,0.124,0.022,0.03,0.991,0.116,-0.048,-0.041,0.959,-0.28,0.038,-0.034,1.0,0.008,0.018,0.002,0.786,-0.591,0.164,-0.076,0.802,-0.586,-0.11,0.039
580,5.8,361,7.22,-14.491,-2.263,-3.198,-89.592,7.059,-9.895,-91.981,10.678,-15.993,32.22,-5.302,-2.658,-13.397,-6.916,-5.498,-43.376,-14.104,-3.075,-42.265,-18.657,-5.639,-0.096,-0.058,0.936,-0.19,0.56,0.716,0.367,0.543,0.675,0.034,-0.495,-0.007,0.096,-0.072,0.946,-0.079,-0.671,0.452,0.152,-0.588,0.569,3.943,-3.395,-1.075,54.171,-12.834,-0.117,43.721,-4.836,-4.677,30.26,7.426,-4.028,-5.52,-14.228,-0.517,-148.296,-49.2,-15.831,-133.101,-21.219,24.777,1.0,0.004,-0.002,0.004,0.991,0.129,0.022,0.03,0.991,0.12,-0.049,-0.041,0.959,-0.278,0.038,-0.035,1.0,0.007,0.016,0.002,0.779,-0.602,0.161,-0.073,0.795,-0.596,-0.111,0.04
581,5.81,361,7.22,-14.919,-2.251,-3.314,-91.318,6.749,-9.81,-93.463,10.675,-15.174,32.127,-5.334,-2.737,-13.782,-6.889,-5.785,-44.704,-13.315,-3.318,-43.664,-18.576,-5.865,-0.052,-0.036,0.958,-0.123,0.622,0.703,0.348,0.51,0.612,0.031,-0.548,0.041,-0.01,-0.033,0.989,-0.07,-0.742,0.462,0.261,-0.632,0.505,8.834,-9.995,-2.689,45.426,-6.892,11.167,31.45,-11.662,-23.201,12.211,3.82,-6.733,0.659,-9.026,2.901,-125.537,-64.033,-7.122,-127.819,2.935,17.707,1.0,0.004,-0.003,0.004,0.99,0.133,0.021,0.03,0.99,0.123,-0.05,-0.043,0.959,-0.277,0.038,-0.036,1.0,0.007,0.016,0.002,0.773,-0.611,0.157,-0.068,0.788,-0.604,-0.11,0.04
582,5.82,362,7.24,-15.198,-2.392,-3.545,-92.768,6.581,-9.473,-94.54,10.816,-14.219,32.129,-5.333,-2.829,-13.933,-6.904,-6.141,-45.653,-12.511,-3.608,-44.765,-18.347,-6.061,0.051,-0.021,0.943,-0.069,0.667,0.655,0.247,0.512,0.557,0.027,-0.583,0.102,0.006,-0.058,0.956,-0.069,-0.831,0.49,0.355,-0.746,0.49,14.405,-17.54,-5.142,35.239,-2.341,19.554,18.915,-12.384,-31.014,2.931,0.129,-8.907,13.225,-4.197,3.483,-97.756,-67.801,1.889,-111.106,18.243,10.665,1.0,0.005,-0.004,0.003,0.99,0.137,0.021,0.032,0.99,0.125,-0.051,-0.046,0.959,-0.277,0.038,-0.037,1.0,0.008,0.015,0.002,0.769,-0.618,0.153,-0.063,0.782,-0.612,-0.109,0.039
583,5.83,362,7.24,-15.299,-2.495,-3.815,-93.861,6.494,-9.031,-95.25,11.039,-13.305,32.076,-5.297,-2.937,-13.829,-6.898,-6.514,-46.415,-11.784,-3.935,-45.662,-18.069,-6.188,0.024,-0.002,0.937,0.045,0.707,0.642,0.136,0.516,0.564,0.027,-0.632,0.164,0.021,-0.042,0.962,-0.007,-0.888,0.566,0.411,-0.899,0.581,20.464,-13.912,-5.846,23.15,-1.015,22.936,5.738,-10.197,-30.136,8.566,-3.183,-9.94,25.15,-4.249,7.906,-73.574,-62.627,9.162,-88.042,23.795,6.046,1.0,0.007,-0.006,0.003,0.99,0.139,0.02,0.034,0.989,0.126,-0.051,-0.049,0.959,-0.277,0.037,-0.037,1.0,0.01,0.014,0.003,0.766,-0.623,0.15,-0.058,0.778,-0.618,-0.107,0.037
584,5.84,363,7.26,-15.231,-2.545,-4.05,-94.612,6.432,-8.64,-95.659,11.274,-12.608,31.866,-5.224,-3.052,-13.479,-6.927,-6.812,-47.138,-11.241,-4.257,-46.485,-17.82,-6.229,-0.034,0.001,0.964,0.12,0.725,0.667,0.107,0.54,0.588,0.003,-0.679,0.222,0.056,-0.016,0.992,0.079,-0.913,0.563,0.328,-1.0,0.705,22.938,-13.376,-6.007,10.422,-0.631,19.115,-6.347,-6.852,-21.689,24.344,-6.019,-9.281,35.671,0.165,10.758,-53.405,-47.422,12.431,-66.268,20.598,5.129,1.0,0.009,-0.007,0.002,0.989,0.14,0.02,0.035,0.989,0.126,-0.052,-0.051,0.96,-0.275,0.037,-0.038,1.0,0.013,0.014,0.004,0.764,-0.626,0.147,-0.054,0.775,-0.622,-0.106,0.035
585,5.85,363,7.26,-14.993,-2.714,-4.237,-95.004,6.367,-8.326,-95.72,11.44,-12.283,31.433,-5.123,-3.184,-12.93,-7.049,-6.987,-47.822,-10.997,-4.502,-47.289,-17.622,-6.147,0.01,0.026,0.969,0.163,0.742,0.741,0.134,0.621,0.685,-0.03,-0.777,0.303,0.038,0.028,1.01,0.031,-1.02,0.591,0.231,-1.053,0.766,22.896,-19.574,-6.47,-2.751,1.245,13.279,-17.548,-3.099,-9.218,46.726,-7.853,-9.2,42.465,9.151,12.438,-25.701,-20.499,8.874,-43.006,16.848,8.389,1.0,0.011,-0.008,0.002,0.989,0.14,0.02,0.037,0.989,0.125,-0.052,-0.052,0.961,-0.272,0.035,-0.039,1.0,0.017,0.015,0.005,0.763,-0.628,0.146,-0.052,0.773,-0.625,-0.104,0.035
