Frame,ms,X_L,Y_L,Force_L,X_R,Y_R,Force_R
0.0,0.0,-8.97,72.69,440.0,-3.48,50.24,542.0
1.0,3.95,-8.89,73.64,443.0,-3.46,50.83,544.0
2.0,7.9,-8.81,74.46,447.0,-3.41,51.42,544.0
3.0,11.86,-8.71,75.4,449.0,-3.39,51.96,545.0
4.0,15.81,-8.65,76.22,452.0,-3.35,52.51,547.0
5.0,19.76,-8.59,76.95,454.0,-3.31,53.05,549.0
6.0,23.71,-8.51,77.71,455.0,-3.31,53.47,549.0
7.0,27.66,-8.44,78.46,458.0,-3.28,53.99,551.0
8.0,31.62,-8.36,79.17,462.0,-3.26,54.54,552.0
9.0,35.57,-8.29,79.84,463.0,-3.24,55.13,552.0
10.0,39.52,-8.22,80.52,463.0,-3.21,55.77,554.0
11.0,43.47,-8.15,81.15,464.0,-3.22,56.39,554.0
12.0,47.42,-8.1,81.67,465.0,-3.22,57.02,556.0
13.0,51.37,-8.03,82.28,465.0,-3.19,57.55,557.0
14.0,55.33,-7.97,82.72,467.0,-3.21,58.11,557.0
15.0,59.28,-7.91,83.19,469.0,-3.21,58.78,557.0
16.0,63.23,-7.87,83.58,471.0,-3.23,59.31,558.0
17.0,67.18,-7.83,83.91,471.0,-3.21,59.85,559.0
18.0,71.13,-7.78,84.27,472.0,-3.2,60.19,560.0
19.0,75.09,-7.76,84.65,472.0,-3.16,60.7,560.0
20.0,79.04,-7.71,84.97,473.0,-3.18,61.17,562.0
21.0,82.99,-7.67,85.33,470.0,-3.15,61.74,564.0
22.0,86.94,-7.62,85.57,469.0,-3.11,62.18,565.0
23.0,90.89,-7.59,85.81,470.0,-3.07,62.58,565.0
24.0,94.85,-7.54,86.04,470.0,-3.06,63.01,566.0
25.0,98.8,-7.51,86.31,470.0,-3.03,63.43,565.0
26.0,102.75,-7.48,86.52,469.0,-2.99,63.81,568.0
27.0,106.7,-7.45,86.68,468.0,-2.96,64.2,568.0
28.0,110.65,-7.41,86.88,468.0,-2.91,64.6,568.0
29.0,114.61,-7.39,86.95,468.0,-2.87,65.13,569.0
30.0,118.56,-7.33,87.11,468.0,-2.83,65.61,570.0
31.0,122.51,-7.3,87.29,465.0,-2.76,66.08,572.0
32.0,126.46,-7.29,87.4,465.0,-2.67,66.71,571.0
33.0,130.41,-7.28,87.48,463.0,-2.6,67.29,572.0
34.0,134.36,-7.27,87.54,462.0,-2.52,67.88,569.0
35.0,138.32,-7.22,87.67,462.0,-2.44,68.57,568.0
36.0,142.27,-7.19,87.74,462.0,-2.33,69.05,566.0
37.0,146.22,-7.17,87.86,462.0,-2.24,69.65,566.0
38.0,150.17,-7.17,88.01,461.0,-2.15,70.11,566.0
39.0,154.12,-7.12,88.14,460.0,-2.06,70.7,564.0
40.0,158.08,-7.12,88.32,459.0,-1.95,71.28,564.0
41.0,162.03,-7.05,88.6,457.0,-1.85,71.7,561.0
42.0,165.98,-7.04,88.81,457.0,-1.78,72.28,560.0
43.0,169.93,-7.0,89.13,456.0,-1.71,72.75,558.0
44.0,173.88,-6.99,89.4,456.0,-1.61,73.36,556.0
45.0,177.84,-6.96,89.76,457.0,-1.56,73.91,558.0
46.0,181.79,-6.95,90.08,457.0,-1.49,74.59,559.0
47.0,185.74,-6.93,90.39,458.0,-1.39,75.29,557.0
48.0,189.69,-6.92,90.74,459.0,-1.29,76.25,559.0
49.0,193.64,-6.9,91.18,458.0,-1.24,76.95,558.0
50.0,197.6,-6.84,91.61,457.0,-1.21,77.69,558.0
51.0,201.55,-6.82,92.06,459.0,-1.18,78.57,555.0
52.0,205.5,-6.76,92.5,460.0,-1.17,79.26,555.0
53.0,209.45,-6.72,92.98,461.0,-1.17,79.95,553.0
54.0,213.4,-6.7,93.38,461.0,-1.15,80.49,554.0
55.0,217.35,-6.67,93.92,462.0,-1.14,81.1,553.0
56.0,221.31,-6.66,94.45,461.0,-1.15,81.72,549.0
57.0,225.26,-6.61,94.95,460.0,-1.12,82.23,548.0
58.0,229.21,-6.62,95.35,459.0,-1.15,82.72,545.0
59.0,233.16,-6.63,95.85,458.0,-1.12,83.14,542.0
60.0,237.11,-6.61,96.34,457.0,-1.11,83.67,539.0
61.0,241.07,-6.61,96.72,454.0,-1.11,84.16,535.0
62.0,245.02,-6.64,97.07,455.0,-1.09,84.67,530.0
63.0,248.97,-6.61,97.56,453.0,-1.1,85.25,526.0
64.0,252.92,-6.59,97.92,451.0,-1.12,85.93,522.0
65.0,256.87,-6.62,98.32,451.0,-1.14,86.38,516.0
66.0,260.83,-6.62,98.59,451.0,-1.15,86.97,510.0
67.0,264.78,-6.6,98.92,447.0,-1.16,87.65,502.0
68.0,268.73,-6.62,99.25,445.0,-1.18,88.22,497.0
69.0,272.68,-6.62,99.66,443.0,-1.2,88.99,492.0
70.0,276.63,-6.62,99.9,441.0,-1.2,89.62,485.0
71.0,280.59,-6.62,100.3,440.0,-1.22,90.12,480.0
72.0,284.54,-6.63,100.75,437.0,-1.24,90.8,478.0
73.0,288.49,-6.61,101.29,434.0,-1.23,91.31,472.0
74.0,292.44,-6.61,101.76,430.0,-1.27,91.84,465.0
75.0,296.39,-6.62,102.3,427.0,-1.29,92.35,458.0
76.0,300.34,-6.58,103.03,424.0,-1.3,92.74,455.0
77.0,304.3,-6.57,103.67,420.0,-1.29,93.08,452.0
78.0,308.25,-6.53,104.31,414.0,-1.28,93.34,450.0
79.0,312.2,-6.52,104.88,412.0,-1.29,93.44,446.0
80.0,316.15,-6.47,105.61,405.0,-1.25,93.63,443.0
81.0,320.1,-6.46,106.42,405.0,-1.21,93.63,439.0
82.0,324.06,-6.39,107.27,400.0,-1.21,93.72,436.0
83.0,328.01,-6.32,108.21,397.0,-1.16,93.74,435.0
84.0,331.96,-6.28,108.89,394.0,-1.13,93.77,430.0
85.0,335.91,-6.21,109.71,391.0,-1.06,93.77,425.0
86.0,339.86,-6.16,110.58,385.0,-1.01,93.85,421.0
87.0,343.82,-6.13,111.44,379.0,-1.0,93.96,417.0
88.0,347.77,-6.06,112.18,377.0,-0.96,94.03,414.0
89.0,351.72,-5.99,113.1,373.0,-0.89,94.28,409.0
90.0,355.67,-5.95,113.83,368.0,-0.83,94.54,404.0
91.0,359.62,-5.93,114.58,362.0,-0.78,94.83,399.0
92.0,363.58,-5.92,115.35,359.0,-0.73,95.25,394.0
93.0,367.53,-5.91,116.31,354.0,-0.67,95.7,389.0
94.0,371.48,-5.84,117.1,350.0,-0.62,96.22,385.0
95.0,375.43,-5.84,117.93,347.0,-0.58,96.68,379.0
96.0,379.38,-5.8,118.8,343.0,-0.52,97.34,376.0
97.0,383.33,-5.78,119.57,340.0,-0.48,97.9,374.0
98.0,387.29,-5.73,120.33,338.0,-0.41,98.56,367.0
99.0,391.24,-5.69,121.29,333.0,-0.37,99.1,364.0
100.0,395.19,-5.66,122.13,330.0,-0.3,99.9,361.0
101.0,399.14,-5.66,123.08,327.0,-0.28,100.61,360.0
102.0,403.09,-5.65,123.94,325.0,-0.23,101.23,356.0
103.0,407.05,-5.59,124.87,319.0,-0.22,102.09,353.0
104.0,411.0,-5.54,125.83,316.0,-0.18,103.03,350.0
105.0,414.95,-5.51,126.78,312.0,-0.14,103.93,348.0
106.0,418.9,-5.48,127.8,309.0,-0.09,104.97,342.0
107.0,422.85,-5.45,128.73,305.0,-0.05,106.08,339.0
108.0,426.81,-5.45,129.82,302.0,-0.04,107.19,335.0
109.0,430.76,-5.41,130.64,301.0,-0.02,108.44,334.0
110.0,434.71,-5.32,131.67,298.0,0.0,109.71,329.0
111.0,438.66,-5.26,132.69,295.0,0.04,111.0,327.0
112.0,442.61,-5.25,133.8,292.0,0.09,112.29,326.0
113.0,446.57,-5.22,134.79,289.0,0.12,113.69,325.0
114.0,450.52,-5.15,136.04,285.0,0.11,115.08,325.0
115.0,454.47,-5.12,137.1,283.0,0.16,116.23,322.0
116.0,458.42,-5.07,138.14,280.0,0.21,117.48,322.0
117.0,462.37,-5.02,139.38,279.0,0.2,118.88,319.0
118.0,466.32,-4.92,140.43,276.0,0.23,120.12,318.0
119.0,470.28,-4.89,141.46,273.0,0.25,121.59,320.0
120.0,474.23,-4.82,142.44,272.0,0.26,122.94,320.0
121.0,478.18,-4.77,143.4,269.0,0.32,124.18,321.0
122.0,482.13,-4.7,144.34,268.0,0.33,125.63,322.0
123.0,486.08,-4.62,145.28,267.0,0.36,126.97,325.0
124.0,490.04,-4.53,146.25,267.0,0.37,128.28,325.0
125.0,493.99,-4.5,147.07,264.0,0.36,129.72,326.0
126.0,497.94,-4.38,147.99,263.0,0.32,130.81,327.0
127.0,501.89,-4.31,148.8,263.0,0.31,132.08,330.0
128.0,505.84,-4.19,149.33,263.0,0.24,133.3,332.0
129.0,509.8,-4.12,150.05,262.0,0.11,134.33,336.0
130.0,513.75,-4.02,150.88,263.0,0.05,135.33,340.0
131.0,517.7,-3.98,151.36,263.0,-0.06,136.2,346.0
132.0,521.65,-3.86,152.04,264.0,-0.2,137.12,353.0
133.0,525.6,-3.75,152.69,265.0,-0.3,137.91,357.0
134.0,529.56,-3.61,153.26,266.0,-0.4,138.66,363.0
135.0,533.51,-3.53,153.77,266.0,-0.47,139.54,369.0
136.0,537.46,-3.37,154.35,268.0,-0.52,140.31,369.0
137.0,541.41,-3.25,154.75,269.0,-0.52,141.13,375.0
138.0,545.36,-3.13,155.19,272.0,-0.46,141.95,381.0
139.0,549.31,-3.05,155.72,273.0,-0.41,142.66,384.0
140.0,553.27,-2.93,156.15,274.0,-0.28,143.45,391.0
141.0,557.22,-2.81,156.69,276.0,-0.19,144.14,395.0
142.0,561.17,-2.7,157.14,279.0,0.0,144.87,401.0
143.0,565.12,-2.64,157.6,281.0,0.21,145.46,405.0
144.0,569.07,-2.55,158.13,282.0,0.42,146.09,409.0
145.0,573.03,-2.44,158.76,285.0,0.62,146.69,413.0
146.0,576.98,-2.35,159.29,288.0,0.84,147.17,416.0
147.0,580.93,-2.27,159.82,288.0,1.04,147.66,423.0
148.0,584.88,-2.26,160.35,289.0,1.23,147.96,428.0
149.0,588.83,-2.19,160.82,291.0,1.4,148.23,431.0
150.0,592.79,-2.15,161.31,292.0,1.58,148.4,436.0
151.0,596.74,-2.12,161.63,292.0,1.76,148.6,443.0
152.0,600.69,-2.11,161.94,295.0,1.88,148.7,450.0
153.0,604.64,-2.09,162.37,299.0,1.99,148.82,458.0
154.0,608.59,-2.09,162.62,300.0,2.11,148.74,464.0
155.0,612.55,-2.11,162.83,301.0,2.2,148.71,470.0
156.0,616.5,-2.12,163.04,303.0,2.29,148.6,473.0
157.0,620.45,-2.15,163.14,303.0,2.35,148.46,477.0
158.0,624.4,-2.14,163.17,305.0,2.41,148.32,481.0
159.0,628.35,-2.21,163.28,306.0,2.47,148.16,486.0
160.0,632.3,-2.18,163.17,307.0,2.47,148.04,492.0
161.0,636.26,-2.22,163.11,306.0,2.49,147.88,495.0
162.0,640.21,-2.29,162.95,308.0,2.52,147.55,499.0
163.0,644.16,-2.36,162.82,308.0,2.51,147.36,503.0
164.0,648.11,-2.39,162.65,307.0,2.5,147.13,508.0
165.0,652.06,-2.43,162.52,307.0,2.51,146.87,512.0
166.0,656.02,-2.48,162.25,309.0,2.48,146.73,515.0
167.0,659.97,-2.53,162.02,310.0,2.45,146.53,516.0
168.0,663.92,-2.55,161.68,310.0,2.45,146.3,519.0
169.0,667.87,-2.6,161.43,311.0,2.42,146.06,521.0
170.0,671.82,-2.61,161.18,311.0,2.38,145.83,524.0
171.0,675.78,-2.65,160.79,311.0,2.34,145.61,528.0
172.0,679.73,-2.71,160.48,310.0,2.33,145.44,529.0
173.0,683.68,-2.68,160.37,311.0,2.31,145.17,531.0
174.0,687.63,-2.72,160.12,313.0,2.28,144.89,531.0
175.0,691.58,-2.72,159.96,314.0,2.28,144.73,533.0
176.0,695.54,-2.78,159.76,316.0,2.24,144.6,533.0
177.0,699.49,-2.7,159.51,318.0,2.21,144.29,533.0
178.0,703.44,-2.72,159.52,319.0,2.22,144.09,535.0
179.0,707.39,-2.7,159.34,320.0,2.22,143.92,536.0
180.0,711.34,-2.71,159.37,319.0,2.21,143.83,537.0
181.0,715.29,-2.68,159.39,321.0,2.22,143.65,537.0
182.0,719.25,-2.66,159.41,322.0,2.24,143.6,537.0
183.0,723.2,-2.65,159.41,324.0,2.25,143.42,536.0
184.0,727.15,-2.65,159.45,324.0,2.26,143.43,536.0
185.0,731.1,-2.68,159.44,324.0,2.28,143.23,535.0
186.0,735.05,-2.71,159.47,324.0,2.26,143.16,532.0
187.0,739.01,-2.72,159.5,325.0,2.26,143.12,530.0
188.0,742.96,-2.73,159.54,326.0,2.26,143.07,530.0
189.0,746.91,-2.79,159.48,327.0,2.28,143.05,527.0
190.0,750.86,-2.8,159.52,327.0,2.29,142.98,528.0
191.0,754.81,-2.82,159.58,327.0,2.29,142.91,526.0
192.0,758.77,-2.86,159.47,328.0,2.29,142.82,525.0
193.0,762.72,-2.95,159.44,330.0,2.3,142.75,524.0
194.0,766.67,-3.02,159.39,330.0,2.29,142.68,524.0
195.0,770.62,-3.04,159.37,333.0,2.3,142.65,524.0
196.0,774.57,-3.12,159.19,334.0,2.29,142.58,524.0
197.0,778.53,-3.18,159.07,333.0,2.28,142.5,522.0
198.0,782.48,-3.27,158.93,334.0,2.3,142.42,520.0
199.0,786.43,-3.38,158.7,335.0,2.26,142.33,517.0
200.0,790.38,-3.45,158.58,337.0,2.29,142.25,516.0
201.0,794.33,-3.54,158.48,339.0,2.27,142.13,516.0
202.0,798.28,-3.57,158.21,340.0,2.26,142.02,515.0
203.0,802.24,-3.66,157.96,339.0,2.24,141.9,515.0
204.0,806.19,-3.77,157.8,341.0,2.26,141.76,515.0
205.0,810.14,-3.88,157.43,342.0,2.23,141.66,514.0
206.0,814.09,-3.9,157.14,345.0,2.21,141.57,514.0
207.0,818.04,-3.98,156.78,348.0,2.18,141.49,512.0
208.0,822.0,-4.0,156.47,352.0,2.18,141.32,512.0
209.0,825.95,-4.07,156.16,354.0,2.14,141.29,510.0
210.0,829.9,-4.14,155.71,357.0,2.15,141.11,510.0
211.0,833.85,-4.18,155.5,361.0,2.12,140.98,509.0
212.0,837.8,-4.23,155.1,363.0,2.08,140.84,508.0
213.0,841.76,-4.32,154.81,366.0,2.08,140.78,507.0
214.0,845.71,-4.32,154.52,367.0,2.06,140.64,507.0
215.0,849.66,-4.35,154.31,370.0,2.06,140.5,506.0
216.0,853.61,-4.39,154.06,373.0,2.04,140.31,505.0
217.0,857.56,-4.43,153.76,377.0,2.04,140.2,505.0
218.0,861.52,-4.46,153.58,380.0,2.03,140.0,506.0
219.0,865.47,-4.47,153.31,384.0,2.0,139.81,505.0
220.0,869.42,-4.49,153.21,387.0,1.98,139.65,504.0
221.0,873.37,-4.52,153.13,390.0,1.94,139.41,502.0
222.0,877.32,-4.52,152.99,392.0,1.9,139.16,501.0
223.0,881.27,-4.55,152.8,394.0,1.9,138.87,500.0
224.0,885.23,-4.61,152.71,396.0,1.89,138.7,499.0
225.0,889.18,-4.6,152.64,398.0,1.87,138.38,498.0
226.0,893.13,-4.63,152.59,403.0,1.87,138.14,497.0
227.0,897.08,-4.65,152.52,404.0,1.87,137.92,497.0
228.0,901.03,-4.66,152.54,407.0,1.87,137.63,495.0
229.0,904.99,-4.69,152.46,410.0,1.9,137.4,493.0
230.0,908.94,-4.72,152.54,413.0,1.91,137.18,492.0
231.0,912.89,-4.76,152.59,415.0,1.92,136.89,491.0
232.0,916.84,-4.78,152.55,417.0,1.95,136.69,490.0
233.0,920.79,-4.82,152.6,420.0,1.96,136.45,487.0
234.0,924.75,-4.87,152.65,423.0,1.98,136.32,485.0
235.0,928.7,-4.88,152.71,425.0,1.98,136.03,485.0
236.0,932.65,-4.9,152.78,427.0,2.0,135.92,483.0
237.0,936.6,-4.91,152.88,428.0,2.02,135.71,482.0
238.0,940.55,-4.95,152.89,432.0,2.04,135.65,480.0
239.0,944.51,-4.97,153.02,435.0,2.03,135.55,479.0
240.0,948.46,-4.99,153.05,438.0,2.06,135.44,477.0
241.0,952.41,-5.06,153.24,439.0,2.07,135.27,475.0
242.0,956.36,-5.06,153.35,441.0,2.06,135.29,473.0
243.0,960.31,-5.08,153.43,443.0,2.07,135.17,472.0
244.0,964.26,-5.09,153.52,444.0,2.05,135.13,471.0
245.0,968.22,-5.11,153.65,445.0,2.08,135.17,469.0
246.0,972.17,-5.14,153.81,447.0,2.05,135.1,468.0
247.0,976.12,-5.16,153.99,449.0,2.06,135.1,466.0
248.0,980.07,-5.14,154.04,451.0,2.02,135.14,463.0
249.0,984.02,-5.15,154.26,451.0,2.01,135.21,461.0
250.0,987.98,-5.17,154.53,455.0,2.0,135.25,460.0
251.0,991.93,-5.23,154.66,456.0,2.0,135.46,460.0
252.0,995.88,-5.21,154.83,456.0,1.94,135.47,460.0
253.0,999.83,-5.2,155.03,457.0,1.93,135.58,458.0
254.0,1003.78,-5.2,155.2,460.0,1.91,135.69,456.0
255.0,1007.74,-5.18,155.43,460.0,1.88,135.75,456.0
256.0,1011.69,-5.2,155.64,462.0,1.85,135.79,455.0
257.0,1015.64,-5.19,155.82,463.0,1.84,135.84,454.0
258.0,1019.59,-5.17,156.03,462.0,1.76,135.85,452.0
259.0,1023.54,-5.17,156.29,464.0,1.75,135.93,452.0
260.0,1027.49,-5.2,156.52,464.0,1.71,135.98,452.0
261.0,1031.45,-5.18,156.83,466.0,1.66,136.01,452.0
262.0,1035.4,-5.15,157.1,467.0,1.64,136.05,450.0
263.0,1039.35,-5.18,157.29,467.0,1.62,136.04,450.0
264.0,1043.3,-5.18,157.56,467.0,1.59,136.05,450.0
265.0,1047.25,-5.16,157.8,469.0,1.53,136.08,449.0
266.0,1051.21,-5.17,157.99,470.0,1.54,136.07,449.0
267.0,1055.16,-5.18,158.24,470.0,1.5,136.12,448.0
268.0,1059.11,-5.19,158.44,470.0,1.47,136.1,448.0
269.0,1063.06,-5.14,158.54,471.0,1.48,136.06,448.0
270.0,1067.01,-5.15,158.6,471.0,1.46,136.01,448.0
271.0,1070.97,-5.17,158.75,472.0,1.45,135.98,449.0
272.0,1074.92,-5.19,158.86,472.0,1.37,135.96,448.0
273.0,1078.87,-5.2,158.95,473.0,1.4,135.94,449.0
274.0,1082.82,-5.2,159.06,472.0,1.39,136.02,450.0
275.0,1086.77,-5.2,158.99,472.0,1.41,135.96,450.0
276.0,1090.73,-5.19,159.07,473.0,1.38,135.92,451.0
277.0,1094.68,-5.23,159.15,474.0,1.4,135.93,452.0
278.0,1098.63,-5.22,159.15,474.0,1.38,135.91,452.0
279.0,1102.58,-5.24,159.17,474.0,1.41,135.89,452.0
280.0,1106.53,-5.23,159.17,475.0,1.41,135.88,452.0
281.0,1110.48,-5.25,159.19,475.0,1.42,135.85,454.0
282.0,1114.44,-5.27,159.26,475.0,1.44,135.84,455.0
283.0,1118.39,-5.29,159.2,477.0,1.46,135.84,456.0
284.0,1122.34,-5.3,159.17,477.0,1.43,135.72,456.0
285.0,1126.29,-5.33,159.19,478.0,1.44,135.71,456.0
286.0,1130.24,-5.34,159.17,478.0,1.44,135.71,456.0
287.0,1134.2,-5.36,159.11,477.0,1.44,135.72,458.0
288.0,1138.15,-5.4,159.1,477.0,1.44,135.61,459.0
289.0,1142.1,-5.42,159.12,477.0,1.46,135.6,459.0
290.0,1146.05,-5.42,159.09,478.0,1.5,135.52,459.0
291.0,1150.0,-5.43,159.1,478.0,1.48,135.5,459.0
292.0,1153.96,-5.45,159.06,478.0,1.47,135.43,461.0
293.0,1157.91,-5.44,159.08,479.0,1.49,135.35,461.0
294.0,1161.86,-5.45,159.03,479.0,1.49,135.4,460.0
295.0,1165.81,-5.45,159.01,479.0,1.51,135.31,460.0
296.0,1169.76,-5.45,158.94,479.0,1.5,135.34,460.0
297.0,1173.72,-5.5,158.86,479.0,1.52,135.23,460.0
298.0,1177.67,-5.51,158.77,479.0,1.47,135.2,460.0
299.0,1181.62,-5.54,158.66,479.0,1.49,135.15,460.0
300.0,1185.57,-5.53,158.57,479.0,1.52,135.07,461.0
301.0,1189.52,-5.51,158.48,479.0,1.53,135.03,460.0
302.0,1193.47,-5.51,158.4,479.0,1.56,134.99,460.0
303.0,1197.43,-5.54,158.36,480.0,1.56,134.95,459.0
304.0,1201.38,-5.56,158.25,479.0,1.53,134.88,459.0
305.0,1205.33,-5.58,158.07,480.0,1.54,134.79,459.0
306.0,1209.28,-5.59,157.99,480.0,1.53,134.79,459.0
307.0,1213.23,-5.58,157.94,479.0,1.53,134.75,459.0
308.0,1217.19,-5.62,157.79,479.0,1.54,134.72,459.0
309.0,1221.14,-5.65,157.66,479.0,1.53,134.67,459.0
310.0,1225.09,-5.64,157.59,480.0,1.55,134.68,460.0
311.0,1229.04,-5.67,157.47,480.0,1.53,134.61,459.0
312.0,1232.99,-5.68,157.35,480.0,1.54,134.6,460.0
313.0,1236.95,-5.7,157.31,480.0,1.59,134.66,461.0
314.0,1240.9,-5.71,157.09,480.0,1.58,134.67,461.0
315.0,1244.85,-5.73,157.01,479.0,1.58,134.59,460.0
316.0,1248.8,-5.76,156.91,478.0,1.55,134.61,461.0
317.0,1252.75,-5.78,156.69,478.0,1.54,134.57,460.0
318.0,1256.71,-5.82,156.6,480.0,1.52,134.56,459.0
319.0,1260.66,-5.83,156.46,480.0,1.52,134.55,459.0
320.0,1264.61,-5.84,156.3,479.0,1.51,134.51,459.0
321.0,1268.56,-5.83,156.1,479.0,1.54,134.44,459.0
322.0,1272.51,-5.85,155.96,479.0,1.53,134.46,459.0
323.0,1276.46,-5.85,155.81,479.0,1.51,134.42,458.0
324.0,1280.42,-5.88,155.67,480.0,1.48,134.34,459.0
325.0,1284.37,-5.91,155.5,480.0,1.47,134.36,458.0
326.0,1288.32,-5.93,155.33,482.0,1.47,134.28,458.0
327.0,1292.27,-5.94,155.2,482.0,1.5,134.33,459.0
328.0,1296.22,-5.97,154.96,483.0,1.51,134.23,459.0
329.0,1300.18,-5.98,154.76,484.0,1.5,134.09,458.0
330.0,1304.13,-6.01,154.58,484.0,1.48,134.04,458.0
331.0,1308.08,-6.02,154.35,485.0,1.47,133.92,458.0
332.0,1312.03,-6.02,154.15,484.0,1.46,133.77,458.0
333.0,1315.98,-6.02,153.97,485.0,1.46,133.64,457.0
334.0,1319.94,-6.04,153.68,486.0,1.45,133.51,456.0
335.0,1323.89,-6.05,153.48,487.0,1.43,133.34,456.0
336.0,1327.84,-6.08,153.25,488.0,1.39,133.11,456.0
337.0,1331.79,-6.07,152.98,489.0,1.4,132.92,456.0
338.0,1335.74,-6.06,152.71,492.0,1.38,132.77,454.0
339.0,1339.7,-6.09,152.54,492.0,1.39,132.58,455.0
340.0,1343.65,-6.1,152.29,494.0,1.39,132.41,455.0
341.0,1347.6,-6.12,152.07,495.0,1.37,132.11,455.0
342.0,1351.55,-6.14,151.82,496.0,1.36,131.9,456.0
343.0,1355.5,-6.16,151.61,498.0,1.34,131.69,455.0
344.0,1359.45,-6.16,151.42,498.0,1.34,131.46,453.0
345.0,1363.41,-6.16,151.27,499.0,1.32,131.31,454.0
346.0,1367.36,-6.18,151.1,499.0,1.32,131.01,454.0
347.0,1371.31,-6.18,150.9,498.0,1.3,130.84,453.0
348.0,1375.26,-6.21,150.79,499.0,1.3,130.66,454.0
349.0,1379.21,-6.22,150.71,498.0,1.3,130.34,452.0
350.0,1383.17,-6.26,150.59,500.0,1.29,130.24,451.0
351.0,1387.12,-6.26,150.5,500.0,1.27,129.86,452.0
352.0,1391.07,-6.27,150.33,500.0,1.25,129.71,451.0
353.0,1395.02,-6.28,150.23,502.0,1.25,129.48,451.0
354.0,1398.97,-6.3,150.09,502.0,1.2,129.33,451.0
355.0,1402.93,-6.28,150.0,502.0,1.2,129.05,449.0
356.0,1406.88,-6.32,149.96,502.0,1.2,128.79,450.0
357.0,1410.83,-6.32,149.92,502.0,1.17,128.64,449.0
358.0,1414.78,-6.33,149.8,502.0,1.2,128.5,448.0
359.0,1418.73,-6.34,149.74,502.0,1.17,128.38,448.0
360.0,1422.69,-6.35,149.64,503.0,1.17,128.23,447.0
361.0,1426.64,-6.36,149.58,503.0,1.14,128.01,446.0
362.0,1430.59,-6.36,149.55,503.0,1.09,127.85,445.0
363.0,1434.54,-6.39,149.43,505.0,1.1,127.67,444.0
364.0,1438.49,-6.4,149.36,505.0,1.07,127.48,444.0
365.0,1442.44,-6.4,149.2,506.0,1.09,127.42,444.0
366.0,1446.4,-6.4,149.07,506.0,1.06,127.24,444.0
367.0,1450.35,-6.4,149.0,505.0,1.05,127.08,443.0
368.0,1454.3,-6.42,148.85,506.0,1.07,126.93,443.0
369.0,1458.25,-6.46,148.71,507.0,1.05,126.72,442.0
370.0,1462.2,-6.44,148.61,507.0,1.06,126.6,442.0
371.0,1466.16,-6.47,148.51,507.0,1.06,126.41,442.0
372.0,1470.11,-6.45,148.39,509.0,1.06,126.26,442.0
373.0,1474.06,-6.44,148.21,509.0,1.07,126.16,442.0
374.0,1478.01,-6.47,148.02,510.0,1.08,126.0,443.0
375.0,1481.96,-6.5,147.89,511.0,1.09,125.81,444.0
376.0,1485.92,-6.52,147.77,510.0,1.07,125.7,444.0
377.0,1489.87,-6.49,147.59,511.0,1.07,125.57,444.0
378.0,1493.82,-6.49,147.42,513.0,1.09,125.4,442.0
379.0,1497.77,-6.52,147.17,514.0,1.06,125.26,442.0
380.0,1501.72,-6.53,147.06,514.0,1.06,125.13,443.0
381.0,1505.68,-6.57,146.85,514.0,1.08,125.01,442.0
382.0,1509.63,-6.54,146.68,516.0,1.07,124.78,442.0
383.0,1513.58,-6.54,146.5,515.0,1.07,124.68,440.0
384.0,1517.53,-6.53,146.31,517.0,1.07,124.43,440.0
385.0,1521.48,-6.54,146.19,516.0,1.07,124.32,441.0
386.0,1525.43,-6.53,146.04,519.0,1.07,124.17,441.0
387.0,1529.39,-6.53,145.82,519.0,1.07,123.99,442.0
388.0,1533.34,-6.58,145.72,521.0,1.07,123.78,443.0
389.0,1537.29,-6.57,145.66,521.0,1.1,123.65,443.0
390.0,1541.24,-6.56,145.5,521.0,1.12,123.54,443.0
391.0,1545.19,-6.56,145.36,521.0,1.09,123.28,443.0
392.0,1549.15,-6.56,145.28,521.0,1.11,123.21,443.0
393.0,1553.1,-6.56,145.13,523.0,1.11,123.09,445.0
394.0,1557.05,-6.55,145.01,523.0,1.09,122.92,445.0
395.0,1561.0,-6.53,144.99,523.0,1.11,122.86,445.0
396.0,1564.95,-6.54,144.84,524.0,1.12,122.78,446.0
397.0,1568.91,-6.57,144.83,524.0,1.12,122.76,446.0
398.0,1572.86,-6.59,144.7,525.0,1.14,122.58,445.0
399.0,1576.81,-6.59,144.67,525.0,1.15,122.51,445.0
400.0,1580.76,-6.6,144.67,525.0,1.14,122.54,446.0
401.0,1584.71,-6.59,144.61,524.0,1.17,122.54,446.0
402.0,1588.67,-6.57,144.51,525.0,1.18,122.43,446.0
403.0,1592.62,-6.57,144.46,524.0,1.2,122.46,447.0
404.0,1596.57,-6.56,144.42,524.0,1.21,122.43,447.0
405.0,1600.52,-6.58,144.41,524.0,1.22,122.39,446.0
406.0,1604.47,-6.58,144.36,524.0,1.24,122.34,445.0
407.0,1608.42,-6.6,144.31,525.0,1.24,122.28,445.0
408.0,1612.38,-6.58,144.24,525.0,1.24,122.2,445.0
409.0,1616.33,-6.58,144.2,525.0,1.26,122.2,445.0
410.0,1620.28,-6.59,144.14,526.0,1.29,122.13,446.0
411.0,1624.23,-6.56,144.1,527.0,1.31,122.14,447.0
412.0,1628.18,-6.59,143.91,527.0,1.3,122.09,447.0
413.0,1632.14,-6.58,143.96,527.0,1.29,122.08,446.0
414.0,1636.09,-6.58,143.92,527.0,1.3,122.04,446.0
415.0,1640.04,-6.57,143.84,527.0,1.28,121.92,446.0
416.0,1643.99,-6.58,143.86,526.0,1.32,121.92,447.0
417.0,1647.94,-6.59,143.81,526.0,1.32,121.9,447.0
418.0,1651.9,-6.61,143.75,526.0,1.32,121.89,447.0
419.0,1655.85,-6.59,143.76,527.0,1.33,121.83,448.0
420.0,1659.8,-6.6,143.67,527.0,1.34,121.8,449.0
421.0,1663.75,-6.58,143.7,528.0,1.34,121.75,449.0
422.0,1667.7,-6.6,143.68,528.0,1.36,121.83,450.0
423.0,1671.66,-6.62,143.67,528.0,1.36,121.82,450.0
424.0,1675.61,-6.61,143.61,527.0,1.37,121.76,450.0
425.0,1679.56,-6.61,143.58,528.0,1.37,121.76,450.0
426.0,1683.51,-6.61,143.52,528.0,1.34,121.62,450.0
427.0,1687.46,-6.61,143.5,528.0,1.36,121.63,451.0
428.0,1691.41,-6.61,143.49,528.0,1.36,121.63,451.0
429.0,1695.37,-6.59,143.44,529.0,1.36,121.67,452.0
430.0,1699.32,-6.59,143.41,528.0,1.38,121.61,452.0
431.0,1703.27,-6.62,143.45,528.0,1.36,121.6,452.0
432.0,1707.22,-6.59,143.32,528.0,1.36,121.69,453.0
433.0,1711.17,-6.6,143.36,528.0,1.36,121.7,453.0
434.0,1715.13,-6.6,143.24,529.0,1.36,121.64,452.0
435.0,1719.08,-6.59,143.31,530.0,1.35,121.68,452.0
436.0,1723.03,-6.6,143.24,529.0,1.34,121.68,452.0
437.0,1726.98,-6.61,143.2,530.0,1.34,121.68,453.0
438.0,1730.93,-6.63,143.21,531.0,1.35,121.72,453.0
439.0,1734.89,-6.64,143.14,531.0,1.33,121.75,453.0
440.0,1738.84,-6.64,143.16,530.0,1.34,121.79,454.0
441.0,1742.79,-6.6,143.14,531.0,1.35,121.85,454.0
442.0,1746.74,-6.6,143.14,530.0,1.35,121.88,454.0
443.0,1750.69,-6.6,143.13,530.0,1.35,121.9,454.0
444.0,1754.65,-6.62,143.17,531.0,1.36,121.99,454.0
445.0,1758.6,-6.61,143.13,531.0,1.37,122.0,454.0
446.0,1762.55,-6.61,143.16,531.0,1.37,122.03,454.0
447.0,1766.5,-6.6,143.18,532.0,1.36,122.05,454.0
448.0,1770.45,-6.6,143.19,532.0,1.36,122.04,454.0
449.0,1774.4,-6.6,143.09,532.0,1.37,122.12,454.0
450.0,1778.36,-6.62,143.09,533.0,1.35,122.13,453.0
451.0,1782.31,-6.62,143.11,532.0,1.38,122.1,453.0
452.0,1786.26,-6.63,143.11,532.0,1.37,122.21,453.0
453.0,1790.21,-6.61,143.11,532.0,1.35,122.22,454.0
454.0,1794.16,-6.62,143.13,531.0,1.37,122.19,454.0
455.0,1798.12,-6.61,143.13,531.0,1.38,122.21,455.0
456.0,1802.07,-6.61,143.09,531.0,1.4,122.27,453.0
457.0,1806.02,-6.62,143.14,532.0,1.41,122.28,453.0
458.0,1809.97,-6.64,143.13,533.0,1.4,122.23,453.0
459.0,1813.92,-6.61,143.14,532.0,1.37,122.22,454.0
460.0,1817.88,-6.65,143.08,532.0,1.37,122.23,455.0
461.0,1821.83,-6.63,143.12,532.0,1.38,122.29,455.0
462.0,1825.78,-6.62,143.09,532.0,1.37,122.22,455.0
463.0,1829.73,-6.61,143.12,532.0,1.38,122.16,455.0
464.0,1833.68,-6.58,143.04,533.0,1.37,122.15,455.0
465.0,1837.64,-6.57,143.03,533.0,1.38,122.18,455.0
466.0,1841.59,-6.59,143.04,533.0,1.39,122.16,455.0
467.0,1845.54,-6.62,143.06,534.0,1.35,122.13,456.0
468.0,1849.49,-6.67,143.04,534.0,1.38,122.08,456.0
469.0,1853.44,-6.66,143.05,535.0,1.38,122.03,456.0
470.0,1857.39,-6.63,143.07,535.0,1.38,121.94,456.0
471.0,1861.35,-6.64,143.03,535.0,1.37,122.01,457.0
472.0,1865.3,-6.64,143.06,535.0,1.39,121.89,457.0
473.0,1869.25,-6.66,143.04,535.0,1.4,121.97,457.0
474.0,1873.2,-6.64,143.03,535.0,1.41,121.88,458.0
475.0,1877.15,-6.62,142.93,535.0,1.4,121.78,458.0
476.0,1881.11,-6.6,142.93,536.0,1.41,121.75,458.0
477.0,1885.06,-6.62,142.94,535.0,1.43,121.58,458.0
478.0,1889.01,-6.61,142.89,536.0,1.42,121.66,459.0
479.0,1892.96,-6.63,142.93,536.0,1.43,121.54,459.0
480.0,1896.91,-6.64,142.9,536.0,1.45,121.5,460.0
481.0,1900.87,-6.65,142.79,535.0,1.44,121.44,459.0
482.0,1904.82,-6.64,142.77,535.0,1.44,121.33,458.0
483.0,1908.77,-6.65,142.75,536.0,1.45,121.24,460.0
484.0,1912.72,-6.64,142.69,536.0,1.48,121.25,461.0
485.0,1916.67,-6.65,142.71,536.0,1.47,121.15,461.0
486.0,1920.63,-6.65,142.69,536.0,1.5,121.13,461.0
487.0,1924.58,-6.63,142.67,535.0,1.51,121.14,462.0
488.0,1928.53,-6.6,142.65,535.0,1.52,121.04,461.0
489.0,1932.48,-6.6,142.63,536.0,1.5,121.16,462.0
490.0,1936.43,-6.61,142.61,536.0,1.48,121.15,461.0
491.0,1940.38,-6.61,142.54,536.0,1.5,121.18,461.0
492.0,1944.34,-6.62,142.6,535.0,1.5,121.19,462.0
493.0,1948.29,-6.64,142.62,534.0,1.48,121.06,462.0
494.0,1952.24,-6.59,142.63,533.0,1.49,121.11,462.0
495.0,1956.19,-6.6,142.6,533.0,1.5,121.17,462.0
496.0,1960.14,-6.58,142.65,535.0,1.5,121.19,462.0
497.0,1964.1,-6.61,142.74,537.0,1.52,121.23,463.0
498.0,1968.05,-6.61,142.76,538.0,1.52,121.29,463.0
