frame,time,nose_x,nose_y,nose_confidence,left_shoulder_x,left_shoulder_y,left_shoulder_confidence,right_shoulder_x,right_shoulder_y,right_shoulder_confidence,left_elbow_x,left_elbow_y,left_elbow_confidence,right_elbow_x,right_elbow_y,right_elbow_confidence,left_wrist_x,left_wrist_y,left_wrist_confidence,right_wrist_x,right_wrist_y,right_wrist_confidence,left_hip_x,left_hip_y,left_hip_confidence,right_hip_x,right_hip_y,right_hip_confidence,left_knee_x,left_knee_y,left_knee_confidence,right_knee_x,right_knee_y,right_knee_confidence,left_ankle_x,left_ankle_y,left_ankle_confidence,right_ankle_x,right_ankle_y,right_ankle_confidence
333,6.66,0.541297,0.4709307,0.79391956,0.57894343,0.52150655,0.85605276,0.53806585,0.5123046,0.83276117,0.5322217,0.56660765,0.7464084,0.5088501,0.54152113,0.72920793,0.5428655,0.5149149,0.4020233,0.5390514,0.5119082,0.55945337,0.54960567,0.6603272,0.8719171,0.51771176,0.65077287,0.8722745,0.47979122,0.7208646,0.841125,0.4560935,0.70956457,0.8920753,0.49584433,0.8569806,0.8621685,0.47404158,0.8363755,0.8794562
334,6.68,0.54190445,0.46830833,0.7524378,0.5784427,0.52107465,0.8285698,0.5380381,0.5122328,0.6810219,0.53240305,0.56741375,0.8014729,0.50882006,0.53826404,0.62459975,0.5436508,0.5136778,0.33186796,0.5426679,0.5107933,0.5731741,0.55066365,0.6600465,0.8780981,0.51780325,0.64975226,0.86265105,0.4795969,0.7201373,0.82501805,0.45568275,0.70960706,0.87222993,0.49627197,0.8575727,0.78104365,0.4749794,0.8378727,0.86058915
335,6.7,0.5417837,0.46840858,0.667856,0.5784092,0.52226835,0.8554316,0.5375871,0.51249206,0.5978959,0.5312658,0.5663537,0.7876317,0.50914913,0.53808486,0.5845445,0.5411063,0.5153945,0.37789568,0.54267955,0.5121555,0.6077582,0.5504681,0.66125375,0.87988883,0.51718533,0.6517256,0.8450403,0.47937375,0.71896046,0.7616002,0.45698172,0.70852625,0.82612956,0.4962161,0.857274,0.6536563,0.4747385,0.8347096,0.9422103
336,6.72,0.54196346,0.46831688,0.6586625,0.5780834,0.52175725,0.83554757,0.5379227,0.5125368,0.64056474,0.53236884,0.5679398,0.7792547,0.50932807,0.5385456,0.65481246,0.54191756,0.5145677,0.3599076,0.53964704,0.51209754,0.5351323,0.5501804,0.6607163,0.8559807,0.5187266,0.6506904,0.7394926,0.47913247,0.71966815,0.81805617,0.45705122,0.7099873,0.8682863,0.49596694,0.8562214,0.86823475,0.47491735,0.83601695,0.88092375
337,6.74,0.54204065,0.4681692,0.66748035,0.57847786,0.5216897,0.84246486,0.53771013,0.51258546,0.6623615,0.5308191,0.5673337,0.80943084,0.50895125,0.53851706,0.59756476,0.541736,0.5152779,0.3401788,0.5417357,0.5132609,0.46004176,0.5501296,0.66199994,0.8798941,0.5171829,0.6502774,0.9078477,0.47842652,0.71867925,0.7697409,0.45664802,0.70927733,0.8109749,0.496343,0.85638136,0.79538214,0.47492728,0.83666867,0.9396122
338,6.76,0.5421079,0.4684838,0.7333639,0.57815707,0.5221138,0.8279948,0.5376939,0.5120107,0.68267447,0.5323279,0.56774265,0.7972208,0.50914127,0.5383166,0.6398459,0.5430716,0.51478314,0.33917263,0.54088986,0.51312685,0.4758229,0.55085504,0.6611317,0.8683783,0.5192961,0.64991724,0.75123715,0.4802244,0.7208271,0.8366158,0.4572593,0.70951205,0.8797381,0.4960468,0.85656357,0.852283,0.47476843,0.83575165,0.8741635
339,6.78,0.54177654,0.4683834,0.67307687,0.5782487,0.5222297,0.8817809,0.5371941,0.51097053,0.8638523,0.53137565,0.5664682,0.8064719,0.5090651,0.53804684,0.44671792,0.54259056,0.5161463,0.32633436,0.54252523,0.5132643,0.47572872,0.5501569,0.66207105,0.8681903,0.51704943,0.65097904,0.9162115,0.478829,0.7193838,0.75436527,0.45672375,0.7087129,0.8094928,0.4965318,0.85693836,0.7818944,0.4750188,0.8361961,0.9483978
340,6.8,0.5416973,0.47030994,0.7790595,0.5783113,0.523071,0.85842174,0.53698945,0.50997,0.84439003,0.53170687,0.5657717,0.70679814,0.5088408,0.5382432,0.6135586,0.5473403,0.5127697,0.35915256,0.54462373,0.50890183,0.55281043,0.5492574,0.66224104,0.90343493,0.5191079,0.65044564,0.8664064,0.4800745,0.7206276,0.8186245,0.45752284,0.7098868,0.8874313,0.49526522,0.858031,0.8811473,0.47418708,0.8369556,0.8274974
341,6.82,0.54154384,0.4695955,0.81731755,0.5785383,0.52228236,0.89760464,0.53733253,0.5117,0.8408649,0.5314442,0.5656421,0.7721769,0.50882906,0.53991413,0.65453106,0.54585403,0.5132039,0.33535862,0.5434107,0.5098032,0.5982539,0.55043405,0.6620671,0.9272509,0.51847,0.65053946,0.8528049,0.47987378,0.7209804,0.8393688,0.45737526,0.7102974,0.890399,0.49565414,0.8582983,0.8900975,0.47473526,0.8363182,0.8865423
342,6.84,0.5418957,0.4694166,0.79819965,0.5786914,0.52230304,0.8737051,0.53729606,0.5117793,0.6649103,0.53087246,0.56663,0.8122317,0.5087734,0.53773487,0.5430851,0.54177177,0.5148284,0.3324762,0.5438355,0.51110744,0.5800786,0.55085063,0.6592363,0.84840184,0.518137,0.64891756,0.8309415,0.47869587,0.7196158,0.8000172,0.45718688,0.709685,0.8696593,0.4961885,0.85597724,0.8832998,0.47495383,0.83615917,0.6936541
343,6.86,0.54229176,0.46850336,0.64969015,0.57825965,0.5229024,0.85173595,0.53718007,0.51229984,0.8387997,0.53185487,0.565588,0.73935825,0.5092611,0.53807926,0.50578845,0.5422415,0.51496583,0.3673674,0.5439713,0.51151437,0.5935638,0.54909503,0.6606622,0.8470441,0.51684994,0.65132123,0.91797405,0.47921368,0.72036594,0.7096557,0.45672905,0.7096545,0.8073163,0.49647543,0.85659295,0.86806643,0.4750796,0.83776075,0.92580307
344,6.88,0.54187256,0.46800774,0.63377076,0.57890147,0.5203573,0.7552627,0.5371489,0.51186335,0.7011413,0.5317354,0.5673324,0.8050994,0.5087861,0.5385289,0.62708133,0.5417846,0.51392674,0.34031996,0.5392831,0.5124649,0.48603818,0.55102545,0.6583484,0.8417803,0.5181712,0.64734125,0.85469604,0.4801416,0.7208649,0.8292241,0.45645618,0.70912933,0.8977326,0.49595463,0.8567892,0.8661945,0.4745282,0.8363003,0.8851958
345,6.9,0.5414616,0.4686838,0.67547643,0.5787955,0.5199876,0.7984927,0.53769386,0.5121422,0.6086644,0.53122395,0.56585234,0.80775243,0.50862575,0.5382721,0.4588877,0.541296,0.51499444,0.37719947,0.5427303,0.51153606,0.6264624,0.55058444,0.66144663,0.89174175,0.5168932,0.65024114,0.8565566,0.4797267,0.72017574,0.73244184,0.45626536,0.70760125,0.7765009,0.49600112,0.8554982,0.85461086,0.47503185,0.8354838,0.9234184
346,6.92,0.5413198,0.46911502,0.73526406,0.57790023,0.5215869,0.8472303,0.53690946,0.5120673,0.6700946,0.53115624,0.5665392,0.81371045,0.5089001,0.53807324,0.5898378,0.53992975,0.5153077,0.38139358,0.54103434,0.5117679,0.59946275,0.55108684,0.6590487,0.86394227,0.5194826,0.6495602,0.8915458,0.48002142,0.7216407,0.8336778,0.45638487,0.7092225,0.88225293,0.49614218,0.8556067,0.8521869,0.47493175,0.83641326,0.6201512
347,6.94,0.541829,0.4683239,0.65554065,0.57654583,0.52124316,0.88497984,0.53753155,0.5114653,0.86329156,0.531222,0.566392,0.7626918,0.509201,0.5382678,0.43727055,0.54142267,0.51599115,0.38440156,0.5402987,0.51393116,0.5393214,0.55060613,0.6618689,0.88212526,0.5166304,0.65110964,0.9095127,0.47933227,0.71909314,0.6799813,0.45662746,0.7076452,0.79898655,0.49519426,0.85628796,0.62805146,0.47517565,0.8368412,0.94696397
348,6.96,0.5408628,0.469755,0.82226247,0.57816887,0.52089155,0.8433002,0.53723013,0.5122844,0.61693954,0.5307664,0.56605124,0.79178363,0.50806886,0.54071903,0.67335206,0.541785,0.5139757,0.32604915,0.5436407,0.5094316,0.5634927,0.54975855,0.6589472,0.9214279,0.5184169,0.6477709,0.8410466,0.4801226,0.72105545,0.8516234,0.45686907,0.7107757,0.8952459,0.49569383,0.85773915,0.8666523,0.47431594,0.8356231,0.8721164
349,6.98,0.5411708,0.46779206,0.6219973,0.5769981,0.5215731,0.8355413,0.5372339,0.51265806,0.60227406,0.530973,0.5664177,0.7487483,0.5086299,0.5413034,0.6521017,0.54240644,0.5147034,0.33934012,0.5419544,0.51232255,0.48474935,0.550893,0.6598313,0.87487406,0.5170971,0.64870465,0.91151124,0.48003227,0.7200546,0.75929016,0.45634517,0.7080744,0.7973283,0.4965428,0.85452086,0.86883837,0.4751887,0.8356251,0.93095577
350,7.0,0.5411321,0.46859604,0.74249274,0.5758077,0.5233939,0.8458386,0.5363376,0.51385593,0.83720785,0.53089035,0.5667471,0.59638286,0.50892735,0.5424669,0.6659747,0.5401853,0.5158641,0.32404596,0.5432931,0.51242334,0.6160705,0.5509393,0.660742,0.85832965,0.51746154,0.6500446,0.82126975,0.4807513,0.7197526,0.7913869,0.45763305,0.7072181,0.8445518,0.49681813,0.85525894,0.89817095,0.4751277,0.83676857,0.9255672
351,7.02,0.5393836,0.46924567,0.72887397,0.5763504,0.51983184,0.83020353,0.5351475,0.513745,0.7442706,0.53030604,0.56833977,0.7529198,0.508109,0.5419912,0.5089752,0.5457411,0.5155739,0.31309357,0.54346126,0.51208055,0.71079373,0.55071825,0.6583151,0.84002674,0.5173558,0.6468367,0.8796252,0.48009184,0.7193061,0.80445516,0.45669886,0.70741546,0.8097041,0.49624345,0.85582125,0.90272784,0.47533715,0.83518076,0.81867504
352,7.04,0.5388733,0.46921018,0.728801,0.5761806,0.5205608,0.81461114,0.5348374,0.513261,0.7469644,0.53023463,0.5680226,0.72823894,0.50654006,0.54519707,0.6592203,0.543431,0.51565534,0.26535723,0.54378814,0.51174194,0.69500905,0.55055696,0.65732074,0.8712568,0.5167571,0.64566267,0.9023046,0.47889674,0.71924645,0.7307905,0.4568478,0.7073589,0.92900217,0.4956988,0.85315764,0.79225266,0.47523156,0.8337779,0.7541036
353,7.06,0.5388815,0.46904305,0.67571485,0.5742387,0.5215895,0.8222215,0.5360915,0.5140719,0.8298196,0.53094083,0.5680153,0.58273023,0.50682825,0.5455639,0.5937044,0.5417356,0.5165681,0.3288436,0.542288,0.51476043,0.65458494,0.55035055,0.65653664,0.8492289,0.51667327,0.64580303,0.8978367,0.47873363,0.7199498,0.7353884,0.45729053,0.70903164,0.8876242,0.49539688,0.85474014,0.88441384,0.47554046,0.83551055,0.9467071
354,7.08,0.53667176,0.4701637,0.81267405,0.5748704,0.52044976,0.7898186,0.5346335,0.514415,0.7094564,0.530421,0.5705425,0.6027555,0.505865,0.54762834,0.6949768,0.5417382,0.5168461,0.34005496,0.5411904,0.513796,0.5787512,0.55080676,0.658686,0.9119721,0.51710224,0.6467509,0.9153608,0.47912,0.7202961,0.7690144,0.45649335,0.7086855,0.9034268,0.4958642,0.8542912,0.84502417,0.4751358,0.83666945,0.9350385
355,7.1,0.53585047,0.46988535,0.78571147,0.57343477,0.5208784,0.8749558,0.53338885,0.5148729,0.6971084,0.5298479,0.57407963,0.5912878,0.5054558,0.5484203,0.6315882,0.54227966,0.5191482,0.39401877,0.5411869,0.5151459,0.65146124,0.5503226,0.6577536,0.9342413,0.5174531,0.6454527,0.8957823,0.47956416,0.7199451,0.749938,0.45715424,0.708358,0.92420834,0.49569124,0.85512185,0.9114106,0.47531274,0.8351801,0.8875111
356,7.12,0.5343309,0.4692675,0.7731401,0.5749739,0.5192362,0.75891113,0.53259,0.514595,0.7619903,0.5294801,0.57124025,0.5479128,0.50432104,0.5505886,0.5452123,0.53994757,0.51823455,0.2766931,0.5413481,0.5144761,0.6157022,0.5506515,0.655472,0.87272024,0.5175513,0.64439243,0.90884954,0.47853723,0.7200904,0.7362994,0.4569048,0.7081272,0.9033509,0.4967941,0.8542286,0.87719697,0.47550693,0.83677334,0.801571
357,7.14,0.53367454,0.47045395,0.7027436,0.5735817,0.5196218,0.82072437,0.53197986,0.51484823,0.72354716,0.52766305,0.57533354,0.44518983,0.5039967,0.55161494,0.68287206,0.54286385,0.51842165,0.33882844,0.5413597,0.51562226,0.6523179,0.54953796,0.6562127,0.8647707,0.517349,0.6461278,0.9268004,0.47872505,0.72057015,0.73830855,0.45669672,0.71008235,0.89855915,0.49572352,0.85648525,0.77985555,0.47538814,0.83571786,0.90360224
358,7.16,0.5315675,0.47211298,0.77402824,0.572419,0.5208672,0.8413579,0.5314408,0.51451826,0.8649131,0.5267155,0.57569706,0.47571963,0.503206,0.55398965,0.6747873,0.5409035,0.5197699,0.34895816,0.5395799,0.5172523,0.62281436,0.5502065,0.65821457,0.92711186,0.51805156,0.64703065,0.881984,0.47930577,0.7203925,0.75066566,0.45691395,0.7090723,0.90294045,0.49628899,0.8533585,0.8627699,0.47558704,0.8364819,0.7776894
359,7.18,0.5316324,0.47184095,0.7212863,0.5704624,0.5220803,0.81689817,0.52956325,0.5139278,0.80648226,0.52556187,0.58144164,0.4554859,0.5019176,0.5552648,0.6203204,0.5383245,0.5219596,0.3878685,0.53925586,0.5195567,0.7155586,0.55205023,0.6578549,0.9406549,0.51881534,0.6458043,0.90485585,0.4796013,0.7203063,0.74283284,0.4565553,0.70823944,0.9229374,0.49514216,0.8547575,0.76740676,0.47535247,0.835865,0.8851848
360,7.2,0.53109384,0.4725208,0.528206,0.56870705,0.52412134,0.74084145,0.52916694,0.51466346,0.8458727,0.5253991,0.58161163,0.2990832,0.5018513,0.5569024,0.6621817,0.5309319,0.5218435,0.36204672,0.5372803,0.5197098,0.5082096,0.5502803,0.66105276,0.8474894,0.5179842,0.6487736,0.91931504,0.47934607,0.72039825,0.71379507,0.45709804,0.70824677,0.8702322,0.49609822,0.8548692,0.9073033,0.47533792,0.83846205,0.7910779
361,7.22,0.52961963,0.4736001,0.5762368,0.5675406,0.5248934,0.72078043,0.52826625,0.5154561,0.8193097,0.5246116,0.58324516,0.29941615,0.5007269,0.5581355,0.49832517,0.53253657,0.521995,0.3247175,0.53593135,0.5204583,0.47983956,0.55146086,0.65987164,0.9269738,0.51930267,0.6481452,0.85347337,0.48157024,0.7224807,0.7861962,0.45660692,0.70729554,0.7473726,0.49630553,0.85538715,0.8585562,0.4755139,0.8361419,0.80211365
362,7.24,0.52801985,0.4727339,0.682474,0.56479424,0.5224146,0.7556691,0.52639997,0.5145911,0.8245502,0.5233983,0.5816759,0.32075396,0.5002888,0.56125575,0.7143939,0.5341335,0.52274704,0.43536687,0.53553444,0.5216389,0.58630013,0.55180997,0.6576523,0.8575149,0.5186665,0.64619637,0.88179964,0.4798133,0.72047573,0.69621146,0.45665753,0.708,0.9075317,0.49676177,0.8550039,0.82425493,0.47581798,0.8363715,0.8878715
363,7.26,0.524627,0.47699252,0.807337,0.5663311,0.52101386,0.5948586,0.52526593,0.51499134,0.89834017,0.52360374,0.584566,0.33961833,0.49955067,0.5625754,0.5707269,0.5342719,0.52317023,0.4124979,0.53399265,0.5212978,0.6750017,0.552246,0.6585591,0.8342027,0.5182102,0.64661306,0.9092851,0.4797475,0.7198884,0.7535004,0.45771122,0.70807093,0.89272285,0.4963641,0.85525185,0.9082438,0.4753007,0.83828986,0.7852383
364,7.28,0.5247913,0.47765136,0.7059943,0.564254,0.5253456,0.71972364,0.52713436,0.51743704,0.7525836,0.5234552,0.58783585,0.37331483,0.49819306,0.564467,0.67136115,0.53057736,0.5237055,0.3252144,0.5321529,0.5214877,0.46237326,0.5518582,0.6604855,0.9041816,0.518797,0.64712703,0.8921925,0.48100963,0.7201597,0.7778204,0.4575266,0.70853144,0.89168996,0.49562958,0.8559114,0.9221531,0.47557774,0.83739394,0.8378518
365,7.3,0.52279836,0.47791138,0.77413756,0.5632366,0.52259475,0.88412714,0.52461296,0.51673955,0.7883374,0.52282673,0.59140766,0.4571305,0.49687988,0.56675094,0.7835702,0.52989805,0.525635,0.37755835,0.5295628,0.5251083,0.67948586,0.5527981,0.65868765,0.9439464,0.5190845,0.64658546,0.88389266,0.4802977,0.7198534,0.7357651,0.45772216,0.7059023,0.89946705,0.49492744,0.8540723,0.888608,0.4756483,0.8369689,0.82345873
366,7.32,0.5212015,0.47852093,0.6372147,0.56025475,0.5249673,0.8115085,0.5251753,0.51853967,0.59681624,0.52323705,0.59205765,0.3993526,0.49683857,0.5671641,0.749455,0.5310966,0.5278667,0.63083977,0.52855575,0.526778,0.46018583,0.5532181,0.658459,0.8914163,0.5194816,0.6484254,0.7944553,0.48060575,0.71939987,0.73107076,0.45791295,0.70504904,0.87578493,0.49459383,0.85273916,0.84525937,0.47579512,0.8361509,0.78075427
367,7.34,0.5200265,0.4810183,0.75723934,0.5603993,0.5233634,0.62536526,0.52405095,0.51783156,0.7486224,0.5208325,0.59466034,0.3712719,0.49410984,0.5682572,0.83490896,0.5315594,0.5253476,0.45222774,0.52930754,0.5253319,0.61934674,0.5538364,0.6604554,0.92969936,0.5202158,0.6481582,0.89683867,0.48143876,0.7195706,0.8170253,0.45855322,0.7043646,0.85708874,0.49460334,0.8525282,0.83630824,0.47610128,0.8350367,0.84883434
368,7.36,0.5172924,0.48436698,0.6830222,0.5579062,0.52327305,0.8064271,0.5244168,0.5222718,0.6398547,0.52022094,0.5946742,0.49465996,0.4933106,0.5697571,0.86009985,0.5290115,0.52764016,0.59103125,0.5258302,0.5263789,0.48534337,0.55390376,0.6613225,0.92232937,0.5208549,0.64966726,0.8873197,0.48259017,0.7214548,0.7887395,0.4588617,0.70428795,0.8752877,0.49506396,0.85409594,0.8694112,0.4754215,0.83662254,0.87815106
369,7.38,0.5157287,0.48763686,0.7663623,0.5572835,0.5232971,0.92936945,0.5204216,0.5212305,0.8265403,0.51986116,0.59782064,0.49075878,0.4918969,0.5727905,0.88599735,0.5276139,0.5286199,0.53097045,0.5264335,0.5265391,0.5694885,0.55400467,0.66028315,0.94843584,0.52018994,0.6496267,0.8890047,0.48273575,0.7207595,0.7835429,0.45948085,0.7040037,0.83707565,0.49681586,0.8535545,0.8771664,0.47604182,0.83552873,0.80957663
370,7.4,0.5133912,0.48850742,0.7506449,0.5559629,0.5245002,0.77911246,0.5198524,0.52398777,0.7983176,0.518462,0.5990182,0.38883483,0.49109647,0.5746043,0.64679766,0.5252898,0.53029704,0.63784075,0.52285516,0.52824914,0.5165232,0.5529239,0.6636832,0.91966474,0.52068007,0.65194273,0.81265926,0.48239115,0.7212939,0.7953999,0.4591181,0.7038368,0.826996,0.49722594,0.8537547,0.87841004,0.47646305,0.8355951,0.81066626
371,7.42,0.5113091,0.49013615,0.7110995,0.5563354,0.5264527,0.7978934,0.5166146,0.5235067,0.72032696,0.51772004,0.5994171,0.45663247,0.4894919,0.5753094,0.9183527,0.5239401,0.53292525,0.66595924,0.52060217,0.5304198,0.45833445,0.5532268,0.661565,0.9465129,0.5210224,0.65136945,0.8701544,0.48337713,0.72232795,0.8089021,0.4596649,0.7028665,0.87298155,0.49648756,0.8549761,0.9404164,0.47599253,0.8347463,0.8927671
372,7.44,0.5089212,0.4950137,0.78535646,0.5534981,0.52605265,0.729245,0.5163773,0.52527374,0.76614904,0.51642376,0.6031007,0.5245472,0.4894509,0.57796484,0.8743934,0.5233077,0.5319098,0.59217536,0.5206243,0.5312219,0.4603312,0.55420786,0.66522753,0.9322256,0.52215993,0.65270907,0.89832044,0.48389703,0.7209727,0.81737036,0.4602461,0.7020878,0.8588861,0.49747092,0.85417277,0.8914299,0.47627398,0.8352235,0.8431435
373,7.46,0.50804293,0.4955563,0.80177623,0.5520631,0.52760667,0.91270566,0.5151814,0.52445996,0.8617497,0.5148384,0.6023387,0.3455493,0.48848101,0.5799829,0.7968371,0.522211,0.5327013,0.50172615,0.5214351,0.53087026,0.43380183,0.55455226,0.6646251,0.94814533,0.52222806,0.65449816,0.90020734,0.48384395,0.7210666,0.7707625,0.4600894,0.7026767,0.83321244,0.4960687,0.85496,0.8315981,0.47723186,0.8348815,0.7306745
374,7.48,0.5064818,0.4977366,0.70015174,0.5512869,0.5279124,0.93064684,0.51360506,0.52357304,0.7411609,0.5148183,0.60758895,0.48858044,0.48664188,0.58191055,0.7524291,0.52103096,0.5359677,0.46020055,0.51841664,0.533832,0.52412766,0.55451584,0.6645504,0.955426,0.5219986,0.6535805,0.8769496,0.48364082,0.7197605,0.79134053,0.45969182,0.7021367,0.8512269,0.4963972,0.85466623,0.86182696,0.4771089,0.8359346,0.75191
375,7.5,0.5040233,0.49748033,0.7541353,0.55013466,0.5283777,0.9429984,0.51133996,0.5242186,0.78968793,0.51354337,0.60599786,0.5862188,0.48582295,0.5841021,0.7489156,0.52019006,0.53640485,0.4986446,0.5181901,0.53328913,0.4251316,0.55499065,0.66415256,0.95551974,0.5223619,0.65278786,0.87521785,0.4839725,0.7199915,0.80074036,0.45970482,0.7016161,0.8723287,0.49652445,0.8553772,0.8768966,0.47685894,0.83515805,0.7924914
376,7.52,0.5016506,0.4982201,0.57011324,0.54864156,0.5279758,0.8801592,0.51060355,0.525927,0.8601196,0.51299703,0.60789555,0.5001358,0.48588338,0.5859623,0.8148289,0.5185939,0.54028535,0.47874022,0.5163078,0.5371676,0.6280447,0.5538333,0.6651564,0.901983,0.5208945,0.65371263,0.88297576,0.48441225,0.7202213,0.810666,0.46001607,0.70145994,0.8345435,0.49616235,0.8542537,0.8352833,0.4772114,0.8347143,0.9049531
377,7.54,0.50002897,0.5012703,0.6914699,0.5478274,0.52800035,0.8271402,0.508061,0.5270649,0.74172896,0.5130669,0.61195135,0.59177977,0.48476124,0.5881982,0.8448808,0.5174488,0.54198617,0.4843525,0.5151577,0.53944576,0.63035405,0.55388045,0.66431093,0.945938,0.52120554,0.65308297,0.861199,0.48525766,0.72040516,0.855319,0.46002042,0.7015844,0.87536967,0.49634334,0.852969,0.87043405,0.4770485,0.83319443,0.9226985
378,7.56,0.49885213,0.5021203,0.750047,0.54570585,0.5270576,0.9003349,0.5072487,0.52829874,0.8391598,0.5125248,0.6124841,0.5483142,0.48399538,0.590627,0.83825666,0.5163001,0.543817,0.49883538,0.51343054,0.5412174,0.685453,0.5535732,0.663662,0.87876356,0.5204608,0.6526514,0.86219543,0.48431355,0.72015345,0.7677068,0.46011207,0.70060956,0.8226965,0.49716792,0.85353446,0.91955316,0.47753492,0.83296365,0.8742767
379,7.58,0.4962358,0.5011577,0.52439773,0.54386127,0.52794206,0.9273723,0.5065605,0.52944475,0.7580828,0.51166207,0.6137192,0.52899665,0.48295918,0.5932702,0.7760458,0.5145384,0.5436603,0.4881962,0.5116251,0.54147613,0.68003345,0.5540772,0.6665015,0.9243518,0.52088505,0.6541756,0.7676856,0.48486024,0.7195083,0.81106216,0.4600898,0.7001986,0.82936674,0.4960248,0.85445076,0.7802637,0.47706088,0.83422285,0.8282398
380,7.6,0.49425423,0.50450367,0.69490373,0.5431736,0.5309032,0.9072461,0.50441,0.5299012,0.63818526,0.5097641,0.6166442,0.4810683,0.48130527,0.59363383,0.9246896,0.51316524,0.5452722,0.31177914,0.51121765,0.5421334,0.6926898,0.55349576,0.66399,0.8894927,0.52098644,0.6541653,0.8595119,0.48548564,0.7189948,0.861424,0.45979732,0.7015807,0.8255949,0.49693853,0.853989,0.92705977,0.4769507,0.8337822,0.9060139
381,7.62,0.49295747,0.5059583,0.5413799,0.54122657,0.5297094,0.90496254,0.50277275,0.532151,0.7922882,0.5090183,0.6158403,0.67527163,0.48113355,0.59575266,0.85710776,0.51193494,0.54709566,0.37941447,0.50876933,0.54522413,0.7308141,0.5544856,0.6652555,0.9327547,0.5202037,0.653564,0.6962318,0.48518434,0.7188905,0.7991052,0.45986336,0.7004157,0.7262189,0.4962497,0.85338026,0.70564216,0.47700933,0.8325996,0.8010484
382,7.64,0.49199402,0.5058472,0.73226714,0.5406437,0.5305647,0.7574098,0.50044334,0.5319982,0.63213265,0.5086101,0.615902,0.5324003,0.47955984,0.5977532,0.7234312,0.50922036,0.5486702,0.34883276,0.50759286,0.5462064,0.66824955,0.55409276,0.6659411,0.92530113,0.5201609,0.6553043,0.7189809,0.4858828,0.71939313,0.83479345,0.46012875,0.69981235,0.76723844,0.49623984,0.853511,0.71150976,0.47727743,0.83278275,0.80568564
383,7.66,0.49033234,0.5066959,0.74727327,0.53894556,0.5319994,0.83059835,0.49828058,0.5325304,0.74192363,0.5077274,0.61734366,0.60892314,0.47792202,0.59901464,0.8859735,0.50705564,0.5506013,0.47718725,0.5049841,0.5481126,0.6835653,0.5537056,0.6647974,0.9431323,0.520178,0.6541505,0.68042654,0.4858155,0.7197899,0.85674137,0.45960245,0.7015294,0.76216584,0.49558604,0.8535935,0.7767288,0.47766787,0.83239293,0.8631098
384,7.68,0.48804024,0.50764626,0.74495906,0.5377902,0.5333788,0.8709496,0.4958682,0.53250396,0.6143889,0.506154,0.6200021,0.5538074,0.477128,0.60296464,0.7675681,0.504944,0.5506559,0.38156644,0.5033823,0.5501463,0.6591407,0.55369776,0.66545224,0.93070346,0.5192876,0.65494496,0.72287095,0.48462754,0.71913755,0.78728634,0.4598079,0.7006185,0.8991192,0.49681672,0.8536698,0.8034092,0.47611305,0.8329848,0.8217841
385,7.7,0.48611927,0.50946194,0.7212205,0.5359357,0.53525555,0.92995363,0.49443027,0.53291595,0.68146306,0.5049575,0.62343645,0.5806896,0.47463438,0.6033858,0.8794857,0.50364053,0.5550474,0.4650207,0.50199515,0.55497694,0.7016915,0.5538387,0.6643437,0.934524,0.51919687,0.6547623,0.72723293,0.4854403,0.7196722,0.82119364,0.45951346,0.700928,0.91025954,0.4974322,0.85281116,0.7561296,0.4773551,0.83251107,0.7636518
386,7.72,0.48428378,0.50915414,0.68743044,0.53455734,0.53523093,0.84043264,0.49227986,0.5347416,0.7816404,0.5027952,0.62338436,0.6774271,0.47331685,0.60582155,0.8333989,0.50126845,0.5585703,0.60439706,0.5002441,0.55470157,0.6340641,0.5527709,0.66428304,0.8552466,0.5185855,0.6556302,0.77511775,0.48446974,0.7205382,0.79526865,0.45936903,0.7001533,0.89339006,0.49728516,0.85376143,0.8368355,0.47619396,0.8330207,0.78485155
387,7.74,0.48234034,0.5109658,0.73613465,0.5325435,0.53742623,0.87778115,0.4898125,0.53460896,0.6601006,0.50162476,0.6253478,0.65732074,0.47168288,0.60752827,0.83596367,0.5000554,0.5586841,0.65916866,0.49843413,0.55712783,0.67792267,0.5527528,0.6658402,0.91824824,0.5180418,0.655795,0.75490266,0.4844293,0.72053313,0.78900594,0.45927683,0.699769,0.8861369,0.4972368,0.8546245,0.7772807,0.4761781,0.83251953,0.8423218
388,7.76,0.48074853,0.5115253,0.6877972,0.53131557,0.539079,0.9167343,0.48887792,0.53579813,0.7493378,0.49977544,0.6259285,0.62911147,0.47030172,0.6092142,0.8545408,0.5001002,0.5595485,0.47208738,0.49726242,0.55696696,0.6370951,0.552534,0.6640643,0.9253581,0.51745045,0.655161,0.8791524,0.48403516,0.7217231,0.7983739,0.45872828,0.7007623,0.8972792,0.49675745,0.85288346,0.83812,0.4769827,0.8328026,0.7491209
389,7.78,0.47829944,0.51216364,0.7055719,0.5297296,0.539511,0.74549645,0.48614496,0.535159,0.64570725,0.498371,0.6271915,0.71137077,0.4678275,0.6092329,0.86935234,0.4979312,0.56115884,0.56000906,0.4977234,0.5581803,0.6159139,0.5513019,0.6665863,0.90166444,0.5164114,0.657756,0.8329463,0.48347583,0.7198464,0.74202096,0.45908704,0.6992035,0.864947,0.49696863,0.85343224,0.80153656,0.475897,0.8353555,0.6801966
390,7.8,0.4761394,0.51153475,0.7579904,0.5271629,0.5398413,0.83554083,0.48466173,0.53527534,0.7263281,0.4970956,0.6324039,0.7162573,0.46701688,0.61235976,0.8341244,0.49617162,0.56126624,0.6060782,0.49466622,0.5591417,0.5785197,0.55070955,0.6649512,0.8757893,0.5161286,0.6555213,0.867617,0.48356086,0.7181025,0.7649866,0.45838556,0.701631,0.69486165,0.49682638,0.85269415,0.8360188,0.4767712,0.8327856,0.83266115
391,7.82,0.47355226,0.5124295,0.5161486,0.5261484,0.54121685,0.84334874,0.48172235,0.53700393,0.8170209,0.49572095,0.634209,0.77597946,0.4645033,0.61350393,0.85771686,0.49423113,0.5649171,0.4382246,0.4930498,0.5651472,0.6712176,0.5492906,0.66360396,0.8380325,0.5131797,0.6558598,0.7657524,0.48320025,0.7202119,0.69682384,0.45869792,0.70091426,0.9073605,0.49708065,0.8531949,0.8731908,0.47594365,0.8339698,0.871786
392,7.84,0.4708292,0.51241225,0.760672,0.5244643,0.54220563,0.82971793,0.47847903,0.5362584,0.7050592,0.49420995,0.6349516,0.73893833,0.46304658,0.61560905,0.7620247,0.49306503,0.5686166,0.5337344,0.49089426,0.5672718,0.66466534,0.5479981,0.6646258,0.9025915,0.5131134,0.6571003,0.83960843,0.48354885,0.71920484,0.76827884,0.45828387,0.7002275,0.7680599,0.49563947,0.8542682,0.6111031,0.47519886,0.8344333,0.7920987
393,7.86,0.4695029,0.5123449,0.72502506,0.521825,0.54224735,0.8455203,0.47631034,0.53874063,0.8182204,0.49105453,0.6354856,0.6726573,0.46104717,0.6169038,0.7733356,0.49024493,0.5674868,0.48864976,0.48854926,0.5662084,0.6261372,0.5470302,0.6614434,0.89872676,0.51274884,0.6557757,0.8116198,0.48387197,0.71990854,0.82046086,0.45813003,0.70216674,0.85117286,0.49527508,0.85197055,0.77187353,0.47701952,0.83301926,0.893717
394,7.88,0.46557173,0.51232153,0.77934283,0.519143,0.5439822,0.8054925,0.4725034,0.5348812,0.70822513,0.4899707,0.6380953,0.6847493,0.45770228,0.61946726,0.8337545,0.4877264,0.5696756,0.52314365,0.48608747,0.5693451,0.53730744,0.5467077,0.6637735,0.9037311,0.5100985,0.6563654,0.8355309,0.48334405,0.7185991,0.84125704,0.45827514,0.7011583,0.8300737,0.49490792,0.85283476,0.57670164,0.47574612,0.8340917,0.7287985
395,7.9,0.46355215,0.5113704,0.73638034,0.5172987,0.5446065,0.8405333,0.47110754,0.53625363,0.8029968,0.48763034,0.6388894,0.6685685,0.45592985,0.6209006,0.8967987,0.4853485,0.57004094,0.58271825,0.48322293,0.56984437,0.5349469,0.5450173,0.6619299,0.7674288,0.50913054,0.6575601,0.8109102,0.4826714,0.7197382,0.74606043,0.45820728,0.7027788,0.91035974,0.4945177,0.8535033,0.84689987,0.4760331,0.8352642,0.8757305
396,7.92,0.45976785,0.5134084,0.5547016,0.5141524,0.5466615,0.90473247,0.46913663,0.5369336,0.75192624,0.48621514,0.6393961,0.64527696,0.45372912,0.6218476,0.8322278,0.48212728,0.5723916,0.6212048,0.48084217,0.57073486,0.49573767,0.5456689,0.6663431,0.81732166,0.51044625,0.6615076,0.84519005,0.48282596,0.7197978,0.80502653,0.45796543,0.7017973,0.9073481,0.495417,0.8533461,0.7681168,0.47613135,0.83541507,0.77593154
397,7.94,0.45741928,0.5126907,0.7200861,0.5116022,0.549109,0.8666111,0.46695805,0.5389989,0.7698734,0.4834056,0.6379937,0.4890226,0.45186943,0.62302566,0.7685027,0.4790602,0.57083404,0.5386558,0.47730085,0.5727949,0.436309,0.54527,0.6617593,0.72503066,0.51117826,0.6588226,0.75656384,0.48206055,0.7184964,0.8021095,0.45763996,0.70195717,0.77961606,0.49422073,0.8530103,0.63451374,0.47642225,0.83599985,0.75571746
398,7.96,0.45413297,0.5111051,0.64942133,0.50922906,0.5494974,0.8565114,0.4645518,0.5442648,0.59382564,0.48078048,0.6425612,0.65740883,0.44896948,0.6256109,0.7810667,0.476513,0.5747928,0.5382939,0.47527325,0.57327473,0.48718685,0.5424193,0.66021895,0.5252794,0.50929254,0.6593826,0.8158711,0.48291984,0.71945786,0.88305324,0.4576119,0.70369476,0.8684908,0.49416846,0.85372055,0.8258021,0.47596803,0.83531463,0.6862059
399,7.98,0.45119134,0.51254636,0.794663,0.5066623,0.5504656,0.86167747,0.46160597,0.54713166,0.7797722,0.47920132,0.6414431,0.49119085,0.4468965,0.62749654,0.78007543,0.4745516,0.5759721,0.4394159,0.47211713,0.5747632,0.48574892,0.54264617,0.660522,0.65670544,0.50759053,0.6616793,0.6016471,0.48258227,0.720146,0.7820981,0.45719716,0.70160383,0.90495276,0.49460694,0.8541156,0.78917783,0.47594604,0.8360601,0.6068196
400,8.0,0.44805676,0.5129318,0.76969534,0.5031641,0.5509865,0.83702946,0.4606489,0.5466101,0.71391547,0.47682503,0.64329076,0.5806256,0.4448973,0.6273457,0.90177864,0.4685046,0.57307494,0.3613285,0.4681822,0.57607937,0.55572623,0.5426393,0.65637565,0.81388354,0.50914556,0.6566186,0.78453165,0.48071712,0.7199894,0.79922724,0.4568718,0.7038867,0.8886208,0.4944381,0.85291237,0.85272443,0.4761549,0.8375764,0.6837567
401,8.02,0.44500172,0.51174873,0.83344096,0.49958655,0.551844,0.8652485,0.4590312,0.54889715,0.8035322,0.47349992,0.64243954,0.5450927,0.44220135,0.62917614,0.9026979,0.4681711,0.5784191,0.7399179,0.46539867,0.5737945,0.39507738,0.5421079,0.6586281,0.76768243,0.5071481,0.6592033,0.6992606,0.48032543,0.7207053,0.8900365,0.45626566,0.7038302,0.88290673,0.49507892,0.85147524,0.7894881,0.47588363,0.8359644,0.8552325
402,8.04,0.44232333,0.51007456,0.8089409,0.4970988,0.55194116,0.8903975,0.45530966,0.54785806,0.79856855,0.47137392,0.64173925,0.6473209,0.43992722,0.63044953,0.71820194,0.4654035,0.581408,0.7690802,0.46277535,0.57734567,0.4703429,0.53984815,0.6547064,0.6854358,0.505619,0.6558683,0.7757836,0.48000214,0.7218673,0.8667066,0.4560433,0.7037131,0.8668175,0.49395832,0.8505051,0.8163938,0.47532088,0.835232,0.8841663
403,8.06,0.43976218,0.5088571,0.55552083,0.493031,0.55411917,0.7374701,0.45354736,0.54731625,0.74103045,0.46926078,0.6428809,0.66327715,0.43788058,0.630011,0.8265689,0.46386766,0.58187973,0.59153205,0.46203387,0.5788963,0.5013984,0.537686,0.65090257,0.7143169,0.503075,0.6524038,0.7700171,0.4787426,0.72390735,0.75344414,0.45492902,0.70451957,0.85328364,0.49396577,0.85169095,0.9041679,0.4762297,0.8373879,0.6317119
404,8.08,0.4368436,0.5074902,0.77346694,0.48995307,0.55416125,0.7566362,0.4520836,0.5491813,0.86146986,0.46716407,0.64560467,0.41646963,0.43656924,0.6293953,0.8608657,0.4598811,0.5797745,0.74023134,0.45894986,0.577774,0.4619122,0.53687054,0.6513793,0.67170304,0.5010503,0.65414923,0.6061764,0.4781663,0.7237419,0.7866817,0.45614365,0.7081746,0.7945532,0.4943756,0.8538642,0.81004995,0.47634175,0.8375364,0.87532765
405,8.1,0.4336313,0.50569725,0.6764663,0.48691896,0.5527194,0.71774036,0.4490983,0.551536,0.88742286,0.46441796,0.6435531,0.41245487,0.43459997,0.63042873,0.8056996,0.45887366,0.5792173,0.5300154,0.45749637,0.57750267,0.4933894,0.53703016,0.6473251,0.74558836,0.5025693,0.6529324,0.62289715,0.477481,0.72229284,0.8293896,0.45597246,0.7099264,0.6093644,0.49415,0.85303855,0.81905794,0.47587472,0.8371341,0.8833478
406,8.12,0.43113595,0.5036704,0.79077756,0.48627573,0.5516075,0.84698474,0.44675383,0.5492495,0.84688807,0.4641865,0.6445927,0.54875404,0.43251306,0.62965316,0.8607342,0.45578325,0.5789723,0.721719,0.4543356,0.57739866,0.4568879,0.5357062,0.64278865,0.73122567,0.49995074,0.64733845,0.6885728,0.4767069,0.72574896,0.8173975,0.45484808,0.7127923,0.8530922,0.49430197,0.8530358,0.8341124,0.47694132,0.8370795,0.88098025
407,8.14,0.42938188,0.5028654,0.64427435,0.48356134,0.5474431,0.7955655,0.4436731,0.54242307,0.84555835,0.46348566,0.64638096,0.4219604,0.43094683,0.6296525,0.7894688,0.45453805,0.57610434,0.657584,0.45347586,0.5747063,0.29745078,0.53655,0.6427814,0.8280482,0.5010712,0.6489459,0.74809295,0.47668734,0.7253017,0.6752247,0.4543132,0.7173278,0.8192283,0.49314785,0.8529298,0.82295316,0.47609538,0.8370915,0.7240461
408,8.16,0.4272999,0.5007367,0.81865054,0.4813692,0.54676074,0.79217166,0.44134027,0.53993696,0.9079121,0.46059176,0.6421872,0.4305168,0.43066242,0.6281365,0.91591245,0.45216283,0.57595223,0.7089856,0.45015562,0.5740769,0.3465251,0.5344313,0.63880694,0.80331403,0.49778366,0.6441024,0.7460844,0.47575364,0.72538906,0.84583384,0.45379448,0.71387553,0.8169954,0.49274033,0.85629183,0.83114505,0.47580713,0.83675593,0.8354017
409,8.18,0.425125,0.49728292,0.6259658,0.48083153,0.542202,0.85502887,0.440191,0.53869355,0.91965085,0.4597054,0.6445141,0.31437474,0.4280524,0.6266649,0.8463745,0.4505844,0.57129604,0.59687954,0.4478859,0.5709743,0.37598008,0.5333641,0.6349728,0.61455876,0.49880165,0.6425354,0.64220107,0.47497404,0.7253398,0.7276517,0.45351645,0.71699816,0.8987057,0.49357942,0.8542605,0.7727422,0.47593784,0.83613497,0.87057316
410,8.2,0.4227891,0.49376103,0.79507893,0.47803268,0.53929186,0.8972001,0.43835455,0.533348,0.8608769,0.4581796,0.64220786,0.44509163,0.4270305,0.6240074,0.83278453,0.44926777,0.5715724,0.7315212,0.44766217,0.57031757,0.3927573,0.5333756,0.6335673,0.7785405,0.49574608,0.6417447,0.580939,0.4754905,0.72751725,0.88285935,0.4528024,0.71563685,0.8221308,0.49350223,0.8558785,0.8019343,0.47647086,0.83634883,0.8343966
411,8.22,0.42160887,0.490562,0.5338188,0.4763336,0.5345146,0.81315887,0.43629006,0.5278982,0.83599377,0.45714682,0.64043915,0.338167,0.42646185,0.6215277,0.8513482,0.44838962,0.5667015,0.67281216,0.4453955,0.5658307,0.36818933,0.53092396,0.6313618,0.72792923,0.49531898,0.638902,0.67633146,0.4746012,0.72831416,0.5728232,0.4523644,0.715741,0.8904372,0.49290916,0.8532677,0.7925454,0.47566465,0.8351786,0.8845665
412,8.24,0.42020094,0.48478824,0.8340796,0.47422037,0.5315148,0.8454757,0.43549684,0.5261284,0.8342514,0.45542496,0.6353743,0.39312416,0.4257428,0.61726654,0.9053671,0.44693336,0.5631955,0.6387652,0.44468942,0.5615141,0.3118071,0.5284577,0.6285467,0.85441655,0.49350846,0.63365775,0.79076207,0.47400397,0.72895914,0.7418058,0.45224243,0.7163164,0.86474466,0.49216375,0.8521622,0.8376943,0.47578213,0.83438,0.8696394
413,8.26,0.41840163,0.4803818,0.7780366,0.4744219,0.5255968,0.8536714,0.4339263,0.5221699,0.9319246,0.45426598,0.63433546,0.41905,0.4229785,0.6136612,0.68585414,0.44453445,0.56103086,0.80567646,0.44302073,0.5597082,0.3749357,0.5277683,0.6259025,0.750166,0.49173597,0.6326945,0.6892384,0.47348258,0.72894865,0.73431796,0.45132115,0.71653986,0.8356744,0.4926731,0.8504256,0.8606267,0.47401136,0.836765,0.8177915
414,8.28,0.41721484,0.47496548,0.7963694,0.4724487,0.52214456,0.88591367,0.43325248,0.5176276,0.8886156,0.45238382,0.62796104,0.4447445,0.42200032,0.6097108,0.7345222,0.44287288,0.5553492,0.78191787,0.44053993,0.55695575,0.39199242,0.5267998,0.6228044,0.70288295,0.49075443,0.6300785,0.6808549,0.4721581,0.7275178,0.77644455,0.4511834,0.7168977,0.7609276,0.49419415,0.8519235,0.91261995,0.47505924,0.83604395,0.89595246
415,8.3,0.41656652,0.47008434,0.8305406,0.47095808,0.51536775,0.9022734,0.43297386,0.5128548,0.8417038,0.4516749,0.6215639,0.53642523,0.42192027,0.6053879,0.85890806,0.4423202,0.5499331,0.70301074,0.44093958,0.5483765,0.398464,0.5257624,0.62042147,0.74729806,0.4912979,0.6251995,0.79526246,0.47133395,0.7260116,0.8349112,0.45156085,0.71746147,0.8526499,0.49414095,0.85394275,0.8980645,0.47525543,0.836505,0.74085146
416,8.32,0.4159317,0.46311492,0.7715448,0.46975866,0.51072204,0.88817775,0.43262377,0.5078221,0.9138344,0.45196846,0.614594,0.48708984,0.4205101,0.59983444,0.8907532,0.4432845,0.5486761,0.81243247,0.440555,0.54448,0.40442514,0.5245341,0.6172321,0.8213886,0.49071503,0.62250346,0.7924774,0.4710942,0.72568995,0.86431605,0.45073783,0.7187625,0.8493108,0.49607095,0.85445535,0.9312241,0.47506326,0.8351834,0.75437593
417,8.34,0.41503093,0.45540315,0.8202203,0.46831712,0.5041227,0.90297234,0.43252113,0.5020502,0.86645776,0.45045456,0.6070584,0.58168197,0.41895977,0.5942485,0.85767794,0.44163817,0.5442024,0.7662388,0.44060573,0.53743106,0.5081621,0.5234664,0.6145529,0.8442397,0.48998922,0.6214334,0.7391494,0.470613,0.7257365,0.8911312,0.45028922,0.71756864,0.6298838,0.4962321,0.85468453,0.8987941,0.4746662,0.83549273,0.81169933
418,8.36,0.41440576,0.44853947,0.81792504,0.46713516,0.49773312,0.91638875,0.43242985,0.4975577,0.82461315,0.44878337,0.60188377,0.53507036,0.41786873,0.58976907,0.8853669,0.44045836,0.5370494,0.78820497,0.43999097,0.5309685,0.4593357,0.5224203,0.61025256,0.82910246,0.48880878,0.617186,0.805158,0.47127017,0.72646236,0.66146153,0.44970188,0.7187857,0.6836678,0.49578115,0.8557718,0.912507,0.47564977,0.8363998,0.80475605
419,8.38,0.413865,0.43960395,0.6006474,0.4677416,0.49054745,0.9345027,0.43141893,0.48808718,0.92711526,0.4472508,0.5943318,0.6632938,0.41464087,0.5829729,0.75998586,0.43961334,0.5289739,0.8004098,0.43709657,0.52625763,0.53026426,0.521509,0.6064585,0.84285456,0.48757115,0.6138768,0.8106493,0.47214827,0.7251273,0.78694546,0.44982955,0.7192241,0.8635546,0.4927685,0.854227,0.77207106,0.47515017,0.83615494,0.7716364
420,8.4,0.41383916,0.43132657,0.8198737,0.46693447,0.48228422,0.911378,0.43173262,0.48352787,0.8901593,0.44608408,0.5869582,0.7451839,0.41318348,0.5749736,0.70303136,0.43712854,0.52144516,0.7469386,0.43547037,0.518145,0.5044253,0.5207506,0.6028838,0.8404237,0.48678842,0.6101963,0.80802965,0.47132933,0.72467226,0.83279693,0.44884598,0.71844006,0.8772474,0.49365482,0.85466737,0.8409673,0.47496128,0.83591044,0.7371864
421,8.42,0.41353762,0.42422682,0.83280486,0.466657,0.47467393,0.86438763,0.43016353,0.47692108,0.8784159,0.4455642,0.5811881,0.77228224,0.41331717,0.56601673,0.69644046,0.43711862,0.51442707,0.6793642,0.43479368,0.50958854,0.52165514,0.5186648,0.6015363,0.7052208,0.48487994,0.6069712,0.79451394,0.47118005,0.7228362,0.8541964,0.44872296,0.7172117,0.6888085,0.4927726,0.8561695,0.84581536,0.47486904,0.8356818,0.76751417
422,8.44,0.41392457,0.4137119,0.8138067,0.46550274,0.4660219,0.77069175,0.42960644,0.4718316,0.8068658,0.444439,0.5757806,0.80881125,0.4124779,0.5595793,0.77601874,0.43794918,0.50889987,0.4891554,0.43482187,0.50098085,0.57392144,0.5166344,0.59825325,0.70683527,0.48284152,0.6045877,0.7998925,0.46809685,0.72514737,0.6542198,0.44854403,0.7191986,0.8002931,0.49204293,0.855123,0.6701596,0.4755917,0.83446985,0.7364419
423,8.46,0.4141478,0.40835628,0.7192033,0.4627686,0.4614443,0.91399467,0.42940772,0.46538156,0.89422774,0.44328672,0.57136106,0.5885485,0.41073817,0.5505179,0.79194194,0.43570948,0.49931014,0.4999429,0.43426266,0.4931578,0.5189828,0.5153671,0.5959938,0.760711,0.4821313,0.60086805,0.81059134,0.46798518,0.7238386,0.8133582,0.4483124,0.7180539,0.64595425,0.49277738,0.85427564,0.7849523,0.47480685,0.8333855,0.7837581
424,8.48,0.41445315,0.40189177,0.80149746,0.46476895,0.4546197,0.90129554,0.42862394,0.45777643,0.87247944,0.4417546,0.5649287,0.54397345,0.4096085,0.54122746,0.71912295,0.43505523,0.48889092,0.5420826,0.4338037,0.48359075,0.52366763,0.514234,0.5927811,0.76029783,0.4816676,0.59485555,0.81448275,0.4687657,0.7236329,0.88430446,0.4486333,0.7153376,0.8577066,0.49355227,0.85654926,0.81888586,0.47504267,0.83662665,0.85396063
425,8.5,0.4147634,0.39413604,0.70318925,0.46600214,0.4494326,0.8786437,0.42807218,0.4512293,0.93670917,0.43897203,0.5558373,0.7543415,0.40776533,0.533913,0.722041,0.43381345,0.48434415,0.5403572,0.43264306,0.47764125,0.5564124,0.5120464,0.59025085,0.7833128,0.4798395,0.5946387,0.8236626,0.46931237,0.7244143,0.90026015,0.4493193,0.7180049,0.8527667,0.49329245,0.8548667,0.8374452,0.47436616,0.83563143,0.755238
426,8.52,0.4145697,0.38585177,0.72001666,0.46636447,0.44166583,0.8527976,0.4259438,0.4471268,0.9159514,0.4383734,0.54975915,0.6860236,0.4061656,0.5262569,0.8175059,0.4333193,0.47723603,0.51486105,0.4309951,0.47459576,0.654608,0.5104172,0.5846855,0.81893593,0.47746736,0.5878405,0.8397211,0.46823737,0.7248803,0.87089425,0.44949734,0.71734667,0.82658,0.49412182,0.854553,0.90715146,0.47462165,0.8368036,0.8084757
427,8.54,0.41491407,0.37775666,0.684869,0.4683774,0.43753526,0.79348797,0.42558333,0.44001046,0.86118746,0.4372079,0.5399241,0.79596853,0.40544808,0.51890475,0.8276691,0.43432465,0.46683222,0.43696237,0.43269247,0.46164227,0.6202309,0.5087442,0.58147484,0.7492649,0.4764043,0.5871723,0.85417664,0.46869987,0.72506446,0.87343675,0.4501796,0.7186529,0.7540801,0.4923987,0.8538183,0.7807987,0.4748438,0.83782744,0.8379527
428,8.56,0.415551,0.37020323,0.7687847,0.46706828,0.43198073,0.867347,0.4258582,0.434033,0.9168781,0.43662345,0.5311416,0.55802447,0.40303865,0.51311296,0.6052255,0.43374357,0.4605587,0.5230274,0.43043312,0.45273387,0.49741086,0.50852406,0.5783482,0.934262,0.47498435,0.5844496,0.8733024,0.47030646,0.7230962,0.90928537,0.4512598,0.718076,0.7467444,0.49252388,0.85253954,0.8215181,0.47559577,0.83792275,0.8492714
429,8.58,0.41635647,0.3641875,0.63813156,0.46875885,0.42248446,0.8887573,0.42712274,0.42900765,0.82309896,0.43562523,0.5238608,0.71706194,0.40302795,0.5065154,0.7753973,0.43339428,0.45153672,0.60480523,0.42988485,0.45206818,0.6465185,0.50727373,0.574661,0.8031744,0.4737682,0.5806324,0.86263263,0.4709327,0.7258169,0.8949563,0.45117518,0.71986717,0.8453774,0.4920796,0.85093415,0.8623392,0.47448957,0.8367538,0.8599137
430,8.6,0.4177817,0.35674933,0.7830239,0.46984705,0.4151226,0.8031251,0.42726853,0.42266446,0.72970325,0.43537316,0.51705146,0.7261601,0.4022049,0.49829996,0.7755787,0.43334952,0.44418126,0.5750426,0.43053347,0.44109952,0.5290974,0.5060654,0.5726671,0.8137999,0.47254404,0.5783206,0.8793943,0.47108415,0.72482985,0.9165153,0.45138058,0.7187645,0.8106475,0.49207857,0.8527059,0.67088914,0.47505215,0.8363639,0.91042906
431,8.62,0.41915792,0.35056266,0.66846186,0.46982816,0.40764242,0.85189134,0.42782483,0.4166919,0.8837343,0.4345702,0.50839245,0.799864,0.40261623,0.48900107,0.83315736,0.43240964,0.43768764,0.39913267,0.43136215,0.43223962,0.6307168,0.5056764,0.56925327,0.928373,0.4720364,0.5749197,0.8739654,0.4721628,0.7252185,0.8079542,0.45287228,0.7182029,0.854677,0.49189836,0.854552,0.701885,0.47407532,0.8380923,0.90712583
432,8.64,0.41990072,0.34404266,0.77282727,0.4707659,0.40418842,0.87539095,0.4277856,0.41114077,0.8102477,0.43329817,0.50338167,0.8036816,0.4015204,0.4823242,0.8647958,0.43282455,0.43233874,0.4281342,0.43172652,0.42630422,0.5847482,0.5044812,0.5671374,0.7617649,0.47110036,0.5729719,0.87946767,0.47250625,0.72511095,0.8150713,0.45295838,0.7168859,0.79528576,0.49245167,0.8540638,0.71788245,0.4756144,0.8360176,0.9101988
433,8.66,0.42144674,0.33919978,0.6142873,0.47225004,0.3974967,0.7011664,0.43071663,0.40354666,0.8632965,0.43211842,0.496456,0.74645394,0.4008977,0.47526368,0.85005766,0.4324241,0.42888123,0.37923858,0.4324363,0.419857,0.59088445,0.5029358,0.56538105,0.7849924,0.47060338,0.57099587,0.8845004,0.47384644,0.72119087,0.84746116,0.45321846,0.7146295,0.82957315,0.49212804,0.85623133,0.7232818,0.47507113,0.83822733,0.79256696
434,8.68,0.42199227,0.33351007,0.7614698,0.47123948,0.39349365,0.8520943,0.43074998,0.39921474,0.8464814,0.4307178,0.49042585,0.7352726,0.3998579,0.46731028,0.8499219,0.43340346,0.4259278,0.3288015,0.43219578,0.41320533,0.53820217,0.50126016,0.56394166,0.81386155,0.4675155,0.5690917,0.88885075,0.47391352,0.7207732,0.8020082,0.45327762,0.71464264,0.8447745,0.4923886,0.85544395,0.8058029,0.4751343,0.8377554,0.82416815
435,8.7,0.42330524,0.3269676,0.46829265,0.4724196,0.3904351,0.7539934,0.4313142,0.39425284,0.8901374,0.43201554,0.48721218,0.6366128,0.39999726,0.46251786,0.66145444,0.4335266,0.4137141,0.3982718,0.43061092,0.4105036,0.5922835,0.49919078,0.5663171,0.8358529,0.4676102,0.5701107,0.89427525,0.47506288,0.72018284,0.8767017,0.45425847,0.71082413,0.79188377,0.49215344,0.85256463,0.87001306,0.47491753,0.83178216,0.7896128
436,8.72,0.42409545,0.32536152,0.70046383,0.47322756,0.38868102,0.9046715,0.43127677,0.39252838,0.9084458,0.4313533,0.48062846,0.65348727,0.3999653,0.4564172,0.6878169,0.4339203,0.40686962,0.366887,0.43080634,0.40369123,0.60686594,0.4987982,0.5634014,0.83661836,0.46679497,0.56753236,0.88069355,0.4756827,0.71835214,0.86343616,0.45503095,0.7084667,0.82771254,0.4932293,0.850184,0.858686,0.47502363,0.8338096,0.8726514
437,8.74,0.42480817,0.3207665,0.6965215,0.47333178,0.38419253,0.8819015,0.43144113,0.38609484,0.90474963,0.4302698,0.47457862,0.7452251,0.39940625,0.4501271,0.76336503,0.4329038,0.404475,0.40893853,0.42990458,0.40109324,0.60276145,0.49730268,0.5603084,0.84870636,0.46533933,0.56351984,0.8679033,0.47623158,0.7151659,0.8272147,0.45628473,0.70707536,0.8434526,0.49404308,0.8528023,0.8447376,0.47426745,0.8382942,0.9099595
438,8.76,0.42693588,0.3176807,0.76612175,0.476075,0.38101813,0.8409248,0.43030462,0.38063288,0.86296403,0.42960447,0.47065288,0.5865275,0.39916575,0.44421574,0.7865501,0.43229106,0.39681333,0.44143596,0.43106717,0.39452314,0.4222952,0.49632594,0.55919486,0.8053872,0.4627813,0.56379634,0.87959635,0.47631958,0.7113403,0.8801067,0.45654616,0.70562696,0.8270949,0.49140275,0.8529247,0.6617142,0.47561482,0.83357227,0.79812324
439,8.78,0.4279953,0.31677622,0.8042023,0.47495118,0.3768311,0.87387323,0.43210724,0.3796524,0.9178692,0.4305697,0.462828,0.5495128,0.3992162,0.44045013,0.8834774,0.43327057,0.38864356,0.4987164,0.42927644,0.3923395,0.57417476,0.49511355,0.5608108,0.90375704,0.46322203,0.56417316,0.8959853,0.4774645,0.71012753,0.770368,0.45555666,0.7011256,0.8410912,0.4929934,0.85384554,0.77185553,0.4755525,0.8326518,0.8470243
440,8.8,0.42968464,0.31186774,0.6362786,0.47552457,0.37208304,0.84216577,0.43247318,0.3764951,0.9129762,0.42978966,0.45695955,0.6409017,0.40010548,0.43675557,0.660394,0.43732288,0.38727465,0.44029108,0.43418807,0.3835733,0.5528296,0.49356046,0.5604423,0.8325429,0.4596856,0.5646745,0.8823317,0.47813606,0.7134277,0.67802054,0.4578687,0.7080468,0.8722085,0.49293894,0.8501555,0.76923925,0.47553584,0.8345018,0.84698284
441,8.82,0.4307693,0.31068078,0.77257067,0.47575983,0.37342876,0.819036,0.43291745,0.37602285,0.88741434,0.43017867,0.45526043,0.679637,0.40033615,0.43166888,0.7704046,0.43741348,0.38378862,0.42348424,0.43246517,0.38051224,0.5995605,0.49140432,0.5620746,0.89003533,0.45922628,0.56550604,0.89303356,0.4791805,0.71557593,0.7873789,0.4585048,0.7104876,0.9018112,0.49252424,0.8536317,0.6311427,0.4745574,0.83405393,0.8208738
442,8.84,0.43151423,0.31014934,0.73880965,0.47584757,0.3692673,0.8083062,0.43530354,0.3728852,0.8610732,0.42988327,0.4507107,0.61814255,0.399262,0.42557815,0.8037416,0.43669218,0.37945694,0.43729022,0.43437594,0.37553874,0.61664367,0.49004215,0.56210756,0.88220036,0.45959982,0.5643184,0.8559966,0.4802319,0.7150189,0.7865455,0.45874226,0.705747,0.9173946,0.49310982,0.85481364,0.7446138,0.4741029,0.8320056,0.73264676
443,8.86,0.4328403,0.30844304,0.78578,0.47829926,0.3692636,0.8774091,0.4356008,0.3715499,0.81637,0.43099752,0.44705823,0.6128141,0.40003553,0.4239621,0.69425493,0.43822268,0.37605533,0.3789211,0.43520716,0.37131494,0.640304,0.4895189,0.5619822,0.87769014,0.45852762,0.56475425,0.8626829,0.48084557,0.7120901,0.7912982,0.4594536,0.70426714,0.9026808,0.4932767,0.85188216,0.7789137,0.4743342,0.8344766,0.75154036
444,8.88,0.43339455,0.30864647,0.7455914,0.47945955,0.36746183,0.823614,0.43700066,0.37078297,0.885336,0.43053153,0.4438468,0.60489076,0.39943942,0.41908082,0.74233156,0.43841967,0.37389842,0.38799253,0.43531868,0.36953717,0.6489648,0.4879064,0.5619543,0.8760626,0.4573384,0.5640391,0.84215105,0.481506,0.71239495,0.8052897,0.45957336,0.7037437,0.8734364,0.49320042,0.8499812,0.7462847,0.47462028,0.83505005,0.65845937
445,8.9,0.43428403,0.3051425,0.47478923,0.47964427,0.3671387,0.8346368,0.43701917,0.3695841,0.88653743,0.4313331,0.4422248,0.5734266,0.3997776,0.41610295,0.78739977,0.4413621,0.37252572,0.39955,0.43657163,0.3671784,0.5341397,0.4864292,0.56461036,0.89487,0.45602056,0.56640875,0.8553074,0.48276407,0.7122108,0.8639984,0.46049932,0.7055325,0.81072575,0.49467024,0.849611,0.78551346,0.47501558,0.83442056,0.7299479
446,8.92,0.435754,0.30498987,0.6558,0.48084164,0.3645961,0.8212896,0.43842393,0.36878738,0.8638022,0.43146876,0.4401582,0.5522614,0.40108585,0.41680947,0.558522,0.442046,0.36987886,0.33371764,0.4368004,0.3649437,0.6100483,0.48601493,0.5637466,0.86259377,0.4552554,0.56522304,0.8044644,0.483911,0.71318674,0.79073393,0.46052372,0.7066188,0.8790017,0.49440673,0.84652644,0.82109606,0.4742117,0.83422905,0.787325
447,8.94,0.43615124,0.30645344,0.74960494,0.4832711,0.3660394,0.8273422,0.43803772,0.36789194,0.86593246,0.43241662,0.440328,0.46171176,0.40126118,0.41455778,0.6553815,0.44630465,0.3682789,0.38136294,0.4405326,0.36382598,0.512369,0.4854908,0.5649916,0.89008784,0.45476878,0.56727815,0.85835737,0.4842097,0.7136244,0.8400552,0.46078452,0.70726216,0.896193,0.4941574,0.8474145,0.87626064,0.47367948,0.83413935,0.85034215
448,8.96,0.4372842,0.30491638,0.5797905,0.48180714,0.3654376,0.7198735,0.43870726,0.36900693,0.8743762,0.43217367,0.43607554,0.44333774,0.40174758,0.41242206,0.6847221,0.4461083,0.36860904,0.41427866,0.43914884,0.36574522,0.41539115,0.4846795,0.5667065,0.88371927,0.45407692,0.56800264,0.83699006,0.48516333,0.71275544,0.8864388,0.45978352,0.701886,0.89226174,0.496078,0.8469931,0.8118551,0.4738067,0.8363239,0.8547581
449,8.98,0.43723062,0.30500692,0.71598804,0.4823921,0.36540285,0.79085517,0.43849143,0.36800426,0.8582326,0.43152374,0.43685636,0.50094044,0.40083346,0.41171467,0.667983,0.44575545,0.36598969,0.41321978,0.44060832,0.36167556,0.409473,0.4838604,0.5668633,0.8853,0.45316738,0.5683359,0.83083147,0.48511532,0.71634513,0.8830526,0.46048313,0.7053156,0.87941545,0.497371,0.85000813,0.8359245,0.47778267,0.8334666,0.8142999
450,9.0,0.4381632,0.305409,0.76169074,0.48245808,0.36436966,0.8245695,0.4391144,0.3686683,0.8472646,0.43147865,0.43252325,0.54113567,0.40328857,0.40965372,0.5742181,0.44515464,0.36526617,0.44060966,0.43930528,0.3610333,0.5407498,0.48358634,0.56564695,0.86635756,0.45211297,0.56667346,0.8078766,0.48512688,0.71335304,0.7445982,0.45958647,0.705587,0.8579592,0.49700582,0.8497961,0.821201,0.47719225,0.8340013,0.7973532
451,9.02,0.43969676,0.3082234,0.7697756,0.4841959,0.3648534,0.8604628,0.4390564,0.36805308,0.7984037,0.43191966,0.43099174,0.5452649,0.40390015,0.40935832,0.61112016,0.44609243,0.36448073,0.35300887,0.4414612,0.3589475,0.4320162,0.4825814,0.5670804,0.8863658,0.45161635,0.56711227,0.8285179,0.48452088,0.71626234,0.67174,0.45979923,0.7064267,0.8567626,0.49720472,0.84911776,0.8102366,0.47544882,0.8354603,0.79913914
452,9.04,0.43981507,0.30780253,0.7099678,0.4855066,0.36591682,0.83064425,0.44008204,0.3693234,0.82049584,0.43224558,0.42987084,0.52866185,0.4039733,0.40886462,0.638904,0.44613984,0.36723378,0.3543487,0.44240725,0.3629887,0.4313007,0.48219544,0.56652844,0.87492913,0.45170274,0.5665859,0.8082347,0.48416898,0.7141648,0.77555734,0.46053258,0.70705795,0.85376436,0.4945512,0.84739786,0.72916895,0.47631195,0.8345633,0.85590035
453,9.06,0.43964273,0.30807796,0.6890882,0.48604256,0.36390862,0.71212834,0.44110405,0.37023762,0.8211353,0.4322829,0.4290168,0.47928524,0.4047554,0.41040668,0.6304921,0.44868964,0.36462814,0.4536288,0.4413447,0.36313137,0.45024368,0.48190957,0.56666857,0.8866792,0.45047864,0.56698996,0.83676213,0.48399284,0.7153369,0.71707946,0.45957908,0.7077456,0.83298284,0.4957948,0.8464934,0.86202633,0.4750019,0.8337647,0.8236887
454,9.08,0.4399861,0.30915484,0.7016233,0.486682,0.36436123,0.5453188,0.44232604,0.36894974,0.82076436,0.43508226,0.43198487,0.35405067,0.40635547,0.40999243,0.60493445,0.44835556,0.36459386,0.4215753,0.44320005,0.3617381,0.35835695,0.4820951,0.56545264,0.87882406,0.4510802,0.56518537,0.79476285,0.48361722,0.7141848,0.7754431,0.46041545,0.7068575,0.8861284,0.49591514,0.84616053,0.7717716,0.47712266,0.83345956,0.7513977
455,9.1,0.44047254,0.31051883,0.6874094,0.48682743,0.36486283,0.7957932,0.44219157,0.3696695,0.7737976,0.43301538,0.42695174,0.43014753,0.40758717,0.40934762,0.59518605,0.44877225,0.36336002,0.451017,0.44403127,0.36070496,0.3191987,0.4818849,0.5652702,0.8842381,0.45000154,0.5650971,0.8137447,0.4838669,0.71758,0.87986743,0.4608014,0.7105871,0.8375346,0.49354336,0.8433378,0.76393425,0.4745078,0.8318451,0.81312376
