movement,phase,aspect_id,aspect_name,video_id,aspect_deviation
2a_1,f1,1,Fötterna rakt framför höftlederna,028,0.0
2a_1,f1,1,Fötterna rakt framför höftlederna,030,0.0
2a_1,f1,1,Fötterna rakt framför höftlederna,045,0.4017
2a_1,f1,1,Fötterna rakt framför höftlederna,047,0.2352
2a_1,f1,1,Fötterna rakt framför höftlederna,059,0.4998
2a_1,f1,1,Fötterna rakt framför höftlederna,061,0.3179
2a_1,f1,1,Fötterna rakt framför höftlederna,074,1.0
2a_1,f1,1,Fötterna rakt framför höftlederna,076,0.1502
2a_1,f1,1,Fötterna rakt framför höftlederna,091,0.3721
2a_1,f1,1,Fötterna rakt framför höftlederna,093,1.0
2a_1,f1,2,Knä flex >90gr,028,0.0
2a_1,f1,2,Knä flex >90gr,030,0.0
2a_1,f1,2,Knä flex >90gr,045,0.4017
2a_1,f1,2,Knä flex >90gr,047,0.2352
2a_1,f1,2,Knä flex >90gr,059,0.4998
2a_1,f1,2,Knä flex >90gr,061,0.3179
2a_1,f1,2,Knä flex >90gr,074,1.0
2a_1,f1,2,Knä flex >90gr,076,0.1502
2a_1,f1,2,Knä flex >90gr,091,0.3721
2a_1,f1,2,Knä flex >90gr,093,1.0
2a_1,f1,3,Knäskålarna riktade rakt fram,028,0.0
2a_1,f1,3,Knäskålarna riktade rakt fram,030,0.0
2a_1,f1,3,Knäskålarna riktade rakt fram,045,0.4688
2a_1,f1,3,Knäskålarna riktade rakt fram,047,0.8054
2a_1,f1,3,Knäskålarna riktade rakt fram,059,0.9661
2a_1,f1,3,Knäskålarna riktade rakt fram,061,1.0
2a_1,f1,3,Knäskålarna riktade rakt fram,074,0.803
2a_1,f1,3,Knäskålarna riktade rakt fram,076,0.5204
2a_1,f1,3,Knäskålarna riktade rakt fram,091,0.6082
2a_1,f1,3,Knäskålarna riktade rakt fram,093,0.4846
2a_1,f1,4,Bäcken i neutralposition (lätt framåttippat),028,0.0
2a_1,f1,4,Bäcken i neutralposition (lätt framåttippat),030,0.0
2a_1,f1,4,Bäcken i neutralposition (lätt framåttippat),045,0.4243
2a_1,f1,4,Bäcken i neutralposition (lätt framåttippat),047,0.7134
2a_1,f1,4,Bäcken i neutralposition (lätt framåttippat),059,0.5148
2a_1,f1,4,Bäcken i neutralposition (lätt framåttippat),061,0.3558
2a_1,f1,4,Bäcken i neutralposition (lätt framåttippat),074,0.6847
2a_1,f1,4,Bäcken i neutralposition (lätt framåttippat),076,0.6069
2a_1,f1,4,Bäcken i neutralposition (lätt framåttippat),091,0.5711
2a_1,f1,4,Bäcken i neutralposition (lätt framåttippat),093,1.0
2a_1,f1,6,Ländrygg i neutral ländlordos,028,0.0
2a_1,f1,6,Ländrygg i neutral ländlordos,030,0.0
2a_1,f1,6,Ländrygg i neutral ländlordos,045,0.4243
2a_1,f1,6,Ländrygg i neutral ländlordos,047,0.7134
2a_1,f1,6,Ländrygg i neutral ländlordos,059,0.5148
2a_1,f1,6,Ländrygg i neutral ländlordos,061,0.3558
2a_1,f1,6,Ländrygg i neutral ländlordos,074,0.6847
2a_1,f1,6,Ländrygg i neutral ländlordos,076,0.6069
2a_1,f1,6,Ländrygg i neutral ländlordos,091,0.5711
2a_1,f1,6,Ländrygg i neutral ländlordos,093,1.0
2a_1,f1,7,Bröstrygg i neutral thorakalkyfos,028,0.0
2a_1,f1,7,Bröstrygg i neutral thorakalkyfos,030,0.0
2a_1,f1,7,Bröstrygg i neutral thorakalkyfos,045,0.4792
2a_1,f1,7,Bröstrygg i neutral thorakalkyfos,047,0.6988
2a_1,f1,7,Bröstrygg i neutral thorakalkyfos,059,0.9309
2a_1,f1,7,Bröstrygg i neutral thorakalkyfos,061,0.7952
2a_1,f1,7,Bröstrygg i neutral thorakalkyfos,074,0.4314
2a_1,f1,7,Bröstrygg i neutral thorakalkyfos,076,0.6202
2a_1,f1,7,Bröstrygg i neutral thorakalkyfos,091,0.834
2a_1,f1,7,Bröstrygg i neutral thorakalkyfos,093,0.8204
2a_1,f1,8,Hela bålen strax framför sittbensknölarna,028,0.0
2a_1,f1,8,Hela bålen strax framför sittbensknölarna,030,0.0
2a_1,f1,8,Hela bålen strax framför sittbensknölarna,045,0.3189
2a_1,f1,8,Hela bålen strax framför sittbensknölarna,047,0.0273
2a_1,f1,8,Hela bålen strax framför sittbensknölarna,059,0.301
2a_1,f1,8,Hela bålen strax framför sittbensknölarna,061,0.2848
2a_1,f1,8,Hela bålen strax framför sittbensknölarna,074,0.1542
2a_1,f1,8,Hela bålen strax framför sittbensknölarna,076,0.2692
2a_1,f1,8,Hela bålen strax framför sittbensknölarna,091,1.0
2a_1,f1,8,Hela bålen strax framför sittbensknölarna,093,1.0
2a_1,f1,9,Överarmar neutralt längs med bålen utan rotation,028,0.0
2a_1,f1,9,Överarmar neutralt längs med bålen utan rotation,030,0.0
2a_1,f1,9,Överarmar neutralt längs med bålen utan rotation,045,1.0
2a_1,f1,9,Överarmar neutralt längs med bålen utan rotation,047,0.1618
2a_1,f1,9,Överarmar neutralt längs med bålen utan rotation,059,0.0553
2a_1,f1,9,Överarmar neutralt längs med bålen utan rotation,061,0.2885
2a_1,f1,9,Överarmar neutralt längs med bålen utan rotation,074,0.6421
2a_1,f1,9,Överarmar neutralt längs med bålen utan rotation,076,1.0
2a_1,f1,9,Överarmar neutralt längs med bålen utan rotation,091,0.7494
2a_1,f1,9,Överarmar neutralt längs med bålen utan rotation,093,0.3405
2a_1,f1,10,Huvudet positionerat över bålen,028,0.0
2a_1,f1,10,Huvudet positionerat över bålen,030,0.0
2a_1,f1,10,Huvudet positionerat över bålen,045,0.7208
2a_1,f1,10,Huvudet positionerat över bålen,047,0.7723
2a_1,f1,10,Huvudet positionerat över bålen,059,1.0
2a_1,f1,10,Huvudet positionerat över bålen,061,1.0
2a_1,f1,10,Huvudet positionerat över bålen,074,0.4934
2a_1,f1,10,Huvudet positionerat över bålen,076,0.7232
2a_1,f1,10,Huvudet positionerat över bålen,091,0.6679
2a_1,f1,10,Huvudet positionerat över bålen,093,0.6409
2a_1,f1,11,Nacke i neutral cervikallordos,028,0.0
2a_1,f1,11,Nacke i neutral cervikallordos,030,0.0
2a_1,f1,11,Nacke i neutral cervikallordos,045,0.7208
2a_1,f1,11,Nacke i neutral cervikallordos,047,0.7723
2a_1,f1,11,Nacke i neutral cervikallordos,059,1.0
2a_1,f1,11,Nacke i neutral cervikallordos,061,1.0
2a_1,f1,11,Nacke i neutral cervikallordos,074,0.4934
2a_1,f1,11,Nacke i neutral cervikallordos,076,0.7232
2a_1,f1,11,Nacke i neutral cervikallordos,091,0.6679
2a_1,f1,11,Nacke i neutral cervikallordos,093,0.6409
2a_1,f3,1,Rörelsen utförs med jämt flöde (fluid och smooth),028,0.0
2a_1,f3,1,Rörelsen utförs med jämt flöde (fluid och smooth),030,0.0
2a_1,f3,1,Rörelsen utförs med jämt flöde (fluid och smooth),045,0.7115
2a_1,f3,1,Rörelsen utförs med jämt flöde (fluid och smooth),047,0.735
2a_1,f3,1,Rörelsen utförs med jämt flöde (fluid och smooth),059,0.7411
2a_1,f3,1,Rörelsen utförs med jämt flöde (fluid och smooth),061,0.6976
2a_1,f3,1,Rörelsen utförs med jämt flöde (fluid och smooth),074,1.0
2a_1,f3,1,Rörelsen utförs med jämt flöde (fluid och smooth),076,1.0
2a_1,f3,1,Rörelsen utförs med jämt flöde (fluid och smooth),091,0.8712
2a_1,f3,1,Rörelsen utförs med jämt flöde (fluid och smooth),093,0.8196
2a_1,f3,3,Bäckenet fortsätter framåt tillsammans med bålen (flexion momentum),028,0.0
2a_1,f3,3,Bäckenet fortsätter framåt tillsammans med bålen (flexion momentum),030,0.0
2a_1,f3,3,Bäckenet fortsätter framåt tillsammans med bålen (flexion momentum),045,0.5307
2a_1,f3,3,Bäckenet fortsätter framåt tillsammans med bålen (flexion momentum),047,0.4846
2a_1,f3,3,Bäckenet fortsätter framåt tillsammans med bålen (flexion momentum),059,0.4759
2a_1,f3,3,Bäckenet fortsätter framåt tillsammans med bålen (flexion momentum),061,0.4066
2a_1,f3,3,Bäckenet fortsätter framåt tillsammans med bålen (flexion momentum),074,1.0
2a_1,f3,3,Bäckenet fortsätter framåt tillsammans med bålen (flexion momentum),076,0.468
2a_1,f3,3,Bäckenet fortsätter framåt tillsammans med bålen (flexion momentum),091,0.7979
2a_1,f3,3,Bäckenet fortsätter framåt tillsammans med bålen (flexion momentum),093,1.0
2a_1,f3,4,Huvudet följer i linje med bålens längsaxel,028,0.0
2a_1,f3,4,Huvudet följer i linje med bålens längsaxel,030,0.0
2a_1,f3,4,Huvudet följer i linje med bålens längsaxel,045,0.6265
2a_1,f3,4,Huvudet följer i linje med bålens längsaxel,047,0.8714
2a_1,f3,4,Huvudet följer i linje med bålens längsaxel,059,1.0
2a_1,f3,4,Huvudet följer i linje med bålens längsaxel,061,1.0
2a_1,f3,4,Huvudet följer i linje med bålens längsaxel,074,0.7762
2a_1,f3,4,Huvudet följer i linje med bålens längsaxel,076,0.9888
2a_1,f3,4,Huvudet följer i linje med bålens längsaxel,091,0.6399
2a_1,f3,4,Huvudet följer i linje med bålens längsaxel,093,0.1288
2a_1,f3,5,Händer och armar följer avslappnat med i rörelsen utan aktivt tryck/drag/pendling,028,0.0
2a_1,f3,5,Händer och armar följer avslappnat med i rörelsen utan aktivt tryck/drag/pendling,030,0.0
2a_1,f3,5,Händer och armar följer avslappnat med i rörelsen utan aktivt tryck/drag/pendling,045,0.5
2a_1,f3,5,Händer och armar följer avslappnat med i rörelsen utan aktivt tryck/drag/pendling,047,0.6667
2a_1,f3,5,Händer och armar följer avslappnat med i rörelsen utan aktivt tryck/drag/pendling,059,0.5
2a_1,f3,5,Händer och armar följer avslappnat med i rörelsen utan aktivt tryck/drag/pendling,061,1.0
2a_1,f3,5,Händer och armar följer avslappnat med i rörelsen utan aktivt tryck/drag/pendling,074,1.0
2a_1,f3,5,Händer och armar följer avslappnat med i rörelsen utan aktivt tryck/drag/pendling,076,0.3333
2a_1,f3,5,Händer och armar följer avslappnat med i rörelsen utan aktivt tryck/drag/pendling,091,0.5
2a_1,f3,5,Händer och armar följer avslappnat med i rörelsen utan aktivt tryck/drag/pendling,093,0.6667
2a_1,f3,6,Bålen förflyttas ytterligare framåt med tillräcklig hastighet,028,0.0
2a_1,f3,6,Bålen förflyttas ytterligare framåt med tillräcklig hastighet,030,0.0
2a_1,f3,6,Bålen förflyttas ytterligare framåt med tillräcklig hastighet,045,0.6101
2a_1,f3,6,Bålen förflyttas ytterligare framåt med tillräcklig hastighet,047,0.5728
2a_1,f3,6,Bålen förflyttas ytterligare framåt med tillräcklig hastighet,059,0.7408
2a_1,f3,6,Bålen förflyttas ytterligare framåt med tillräcklig hastighet,061,0.6621
2a_1,f3,6,Bålen förflyttas ytterligare framåt med tillräcklig hastighet,074,0.8854
2a_1,f3,6,Bålen förflyttas ytterligare framåt med tillräcklig hastighet,076,0.4326
2a_1,f3,6,Bålen förflyttas ytterligare framåt med tillräcklig hastighet,091,0.9292
2a_1,f3,6,Bålen förflyttas ytterligare framåt med tillräcklig hastighet,093,0.94
2a_1,f3,8,Knät och underbenets proximala del förflyttas rakt framåt (dorsalflexion i fotlederna),028,0.0
2a_1,f3,8,Knät och underbenets proximala del förflyttas rakt framåt (dorsalflexion i fotlederna),030,0.0
2a_1,f3,8,Knät och underbenets proximala del förflyttas rakt framåt (dorsalflexion i fotlederna),045,0.125
2a_1,f3,8,Knät och underbenets proximala del förflyttas rakt framåt (dorsalflexion i fotlederna),047,0.1669
2a_1,f3,8,Knät och underbenets proximala del förflyttas rakt framåt (dorsalflexion i fotlederna),059,0.3566
2a_1,f3,8,Knät och underbenets proximala del förflyttas rakt framåt (dorsalflexion i fotlederna),061,0.5281
2a_1,f3,8,Knät och underbenets proximala del förflyttas rakt framåt (dorsalflexion i fotlederna),074,0.9376
2a_1,f3,8,Knät och underbenets proximala del förflyttas rakt framåt (dorsalflexion i fotlederna),076,0.2169
2a_1,f3,8,Knät och underbenets proximala del förflyttas rakt framåt (dorsalflexion i fotlederna),091,0.4048
2a_1,f3,8,Knät och underbenets proximala del förflyttas rakt framåt (dorsalflexion i fotlederna),093,0.7069
2a_1,f3,9,Sträcker knä- och höftleder till neutralläge för stående,028,0.0
2a_1,f3,9,Sträcker knä- och höftleder till neutralläge för stående,030,0.0
2a_1,f3,9,Sträcker knä- och höftleder till neutralläge för stående,045,0.5006
2a_1,f3,9,Sträcker knä- och höftleder till neutralläge för stående,047,0.0833
2a_1,f3,9,Sträcker knä- och höftleder till neutralläge för stående,059,0.171
2a_1,f3,9,Sträcker knä- och höftleder till neutralläge för stående,061,1.0
2a_1,f3,9,Sträcker knä- och höftleder till neutralläge för stående,074,1.0
2a_1,f3,9,Sträcker knä- och höftleder till neutralläge för stående,076,0.1202
2a_1,f3,9,Sträcker knä- och höftleder till neutralläge för stående,091,0.1901
2a_1,f3,9,Sträcker knä- och höftleder till neutralläge för stående,093,0.4095
2a_1,f3,10,Bålen vinklas upp till neutral stående utgångsposition,028,0.0
2a_1,f3,10,Bålen vinklas upp till neutral stående utgångsposition,030,0.0
2a_1,f3,10,Bålen vinklas upp till neutral stående utgångsposition,045,1.0
2a_1,f3,10,Bålen vinklas upp till neutral stående utgångsposition,047,0.047
2a_1,f3,10,Bålen vinklas upp till neutral stående utgångsposition,059,0.4949
2a_1,f3,10,Bålen vinklas upp till neutral stående utgångsposition,061,0.179
2a_1,f3,10,Bålen vinklas upp till neutral stående utgångsposition,074,0.97
2a_1,f3,10,Bålen vinklas upp till neutral stående utgångsposition,076,0.2016
2a_1,f3,10,Bålen vinklas upp till neutral stående utgångsposition,091,0.9781
2a_1,f3,10,Bålen vinklas upp till neutral stående utgångsposition,093,1.0
2a_1,f3,11,Nacke och skuldror följer hela bålens rörelse.,028,0.0
2a_1,f3,11,Nacke och skuldror följer hela bålens rörelse.,030,0.0
2a_1,f3,11,Nacke och skuldror följer hela bålens rörelse.,045,0.6265
2a_1,f3,11,Nacke och skuldror följer hela bålens rörelse.,047,0.8714
2a_1,f3,11,Nacke och skuldror följer hela bålens rörelse.,059,1.0
2a_1,f3,11,Nacke och skuldror följer hela bålens rörelse.,061,1.0
2a_1,f3,11,Nacke och skuldror följer hela bålens rörelse.,074,0.7762
2a_1,f3,11,Nacke och skuldror följer hela bålens rörelse.,076,0.9888
2a_1,f3,11,Nacke och skuldror följer hela bålens rörelse.,091,0.6399
2a_1,f3,11,Nacke och skuldror följer hela bålens rörelse.,093,0.1288
2a_1,f3,12,Händer och armar följer avslappnat med i rörelsen utan aktivt tryck/drag/pendling,028,0.0
2a_1,f3,12,Händer och armar följer avslappnat med i rörelsen utan aktivt tryck/drag/pendling,030,0.0
2a_1,f3,12,Händer och armar följer avslappnat med i rörelsen utan aktivt tryck/drag/pendling,045,0.5
2a_1,f3,12,Händer och armar följer avslappnat med i rörelsen utan aktivt tryck/drag/pendling,047,0.6667
2a_1,f3,12,Händer och armar följer avslappnat med i rörelsen utan aktivt tryck/drag/pendling,059,0.5
2a_1,f3,12,Händer och armar följer avslappnat med i rörelsen utan aktivt tryck/drag/pendling,061,1.0
2a_1,f3,12,Händer och armar följer avslappnat med i rörelsen utan aktivt tryck/drag/pendling,074,1.0
2a_1,f3,12,Händer och armar följer avslappnat med i rörelsen utan aktivt tryck/drag/pendling,076,0.3333
2a_1,f3,12,Händer och armar följer avslappnat med i rörelsen utan aktivt tryck/drag/pendling,091,0.5
2a_1,f3,12,Händer och armar följer avslappnat med i rörelsen utan aktivt tryck/drag/pendling,093,0.6667
2a_2,f1,1,"Står med fötterna parallellt, riktade rakt fram",028,0.0
2a_2,f1,1,"Står med fötterna parallellt, riktade rakt fram",030,0.0
2a_2,f1,1,"Står med fötterna parallellt, riktade rakt fram",045,0.722
2a_2,f1,1,"Står med fötterna parallellt, riktade rakt fram",047,0.4212
2a_2,f1,1,"Står med fötterna parallellt, riktade rakt fram",059,1.0
2a_2,f1,1,"Står med fötterna parallellt, riktade rakt fram",061,0.8236
2a_2,f1,1,"Står med fötterna parallellt, riktade rakt fram",074,0.318
2a_2,f1,1,"Står med fötterna parallellt, riktade rakt fram",076,1.0
2a_2,f1,1,"Står med fötterna parallellt, riktade rakt fram",091,0.1546
2a_2,f1,1,"Står med fötterna parallellt, riktade rakt fram",093,0.4471
2a_2,f1,2,Står med fötterna rakt under höftlederna,028,0.0
2a_2,f1,2,Står med fötterna rakt under höftlederna,030,0.0
2a_2,f1,2,Står med fötterna rakt under höftlederna,045,0.3793
2a_2,f1,2,Står med fötterna rakt under höftlederna,047,0.4054
2a_2,f1,2,Står med fötterna rakt under höftlederna,059,1.0
2a_2,f1,2,Står med fötterna rakt under höftlederna,061,0.721
2a_2,f1,2,Står med fötterna rakt under höftlederna,074,0.5446
2a_2,f1,2,Står med fötterna rakt under höftlederna,076,0.9182
2a_2,f1,2,Står med fötterna rakt under höftlederna,091,0.3532
2a_2,f1,2,Står med fötterna rakt under höftlederna,093,0.7236
2a_2,f1,4,Knäskålarna riktade mot mellersta tån,028,0.0
2a_2,f1,4,Knäskålarna riktade mot mellersta tån,030,0.0
2a_2,f1,4,Knäskålarna riktade mot mellersta tån,045,0.692
2a_2,f1,4,Knäskålarna riktade mot mellersta tån,047,0.4094
2a_2,f1,4,Knäskålarna riktade mot mellersta tån,059,0.2981
2a_2,f1,4,Knäskålarna riktade mot mellersta tån,061,0.6525
2a_2,f1,4,Knäskålarna riktade mot mellersta tån,074,0.6734
2a_2,f1,4,Knäskålarna riktade mot mellersta tån,076,0.6709
2a_2,f1,4,Knäskålarna riktade mot mellersta tån,091,0.4648
2a_2,f1,4,Knäskålarna riktade mot mellersta tån,093,0.3716
2a_2,f1,5,Knäna neutralt semiflekterade,028,0.0
2a_2,f1,5,Knäna neutralt semiflekterade,030,0.0
2a_2,f1,5,Knäna neutralt semiflekterade,045,0.5483
2a_2,f1,5,Knäna neutralt semiflekterade,047,0.4494
2a_2,f1,5,Knäna neutralt semiflekterade,059,0.1814
2a_2,f1,5,Knäna neutralt semiflekterade,061,1.0
2a_2,f1,5,Knäna neutralt semiflekterade,074,0.4014
2a_2,f1,5,Knäna neutralt semiflekterade,076,0.2656
2a_2,f1,5,Knäna neutralt semiflekterade,091,0.7517
2a_2,f1,5,Knäna neutralt semiflekterade,093,0.3073
2a_2,f1,6,Bäckenet neutralt framåttippat i sagittalplan,028,0.0
2a_2,f1,6,Bäckenet neutralt framåttippat i sagittalplan,030,0.0
2a_2,f1,6,Bäckenet neutralt framåttippat i sagittalplan,045,0.9369
2a_2,f1,6,Bäckenet neutralt framåttippat i sagittalplan,047,0.2625
2a_2,f1,6,Bäckenet neutralt framåttippat i sagittalplan,059,0.5528
2a_2,f1,6,Bäckenet neutralt framåttippat i sagittalplan,061,0.7228
2a_2,f1,6,Bäckenet neutralt framåttippat i sagittalplan,074,0.4943
2a_2,f1,6,Bäckenet neutralt framåttippat i sagittalplan,076,0.789
2a_2,f1,6,Bäckenet neutralt framåttippat i sagittalplan,091,0.4496
2a_2,f1,6,Bäckenet neutralt framåttippat i sagittalplan,093,0.5117
2a_2,f1,9,Thorakalrygg i neutral kyfos i sagittalplan,028,0.0
2a_2,f1,9,Thorakalrygg i neutral kyfos i sagittalplan,030,0.0
2a_2,f1,9,Thorakalrygg i neutral kyfos i sagittalplan,045,0.628
2a_2,f1,9,Thorakalrygg i neutral kyfos i sagittalplan,047,0.2061
2a_2,f1,9,Thorakalrygg i neutral kyfos i sagittalplan,059,0.105
2a_2,f1,9,Thorakalrygg i neutral kyfos i sagittalplan,061,0.7228
2a_2,f1,9,Thorakalrygg i neutral kyfos i sagittalplan,074,0.6048
2a_2,f1,9,Thorakalrygg i neutral kyfos i sagittalplan,076,0.6058
2a_2,f1,9,Thorakalrygg i neutral kyfos i sagittalplan,091,0.3122
2a_2,f1,9,Thorakalrygg i neutral kyfos i sagittalplan,093,0.8813
2a_2,f1,11,Huvudet symmetrisk position rakt ovanför bålen,028,0.0
2a_2,f1,11,Huvudet symmetrisk position rakt ovanför bålen,030,0.0
2a_2,f1,11,Huvudet symmetrisk position rakt ovanför bålen,045,0.256
2a_2,f1,11,Huvudet symmetrisk position rakt ovanför bålen,047,0.2526
2a_2,f1,11,Huvudet symmetrisk position rakt ovanför bålen,059,0.1044
2a_2,f1,11,Huvudet symmetrisk position rakt ovanför bålen,061,1.0
2a_2,f1,11,Huvudet symmetrisk position rakt ovanför bålen,074,1.0
2a_2,f1,11,Huvudet symmetrisk position rakt ovanför bålen,076,0.2648
2a_2,f1,11,Huvudet symmetrisk position rakt ovanför bålen,091,0.0475
2a_2,f1,11,Huvudet symmetrisk position rakt ovanför bålen,093,0.7626
2a_2,f1,12,Cervikalrygg i neutral lordos i sagittalplan,028,0.0
2a_2,f1,12,Cervikalrygg i neutral lordos i sagittalplan,030,0.0
2a_2,f1,12,Cervikalrygg i neutral lordos i sagittalplan,045,0.256
2a_2,f1,12,Cervikalrygg i neutral lordos i sagittalplan,047,0.2526
2a_2,f1,12,Cervikalrygg i neutral lordos i sagittalplan,059,0.1044
2a_2,f1,12,Cervikalrygg i neutral lordos i sagittalplan,061,1.0
2a_2,f1,12,Cervikalrygg i neutral lordos i sagittalplan,074,1.0
2a_2,f1,12,Cervikalrygg i neutral lordos i sagittalplan,076,0.2648
2a_2,f1,12,Cervikalrygg i neutral lordos i sagittalplan,091,0.0475
2a_2,f1,12,Cervikalrygg i neutral lordos i sagittalplan,093,0.7626
2a_2,f1,13,Axlarna symmetriska och i samma nivå,028,0.0
2a_2,f1,13,Axlarna symmetriska och i samma nivå,030,0.0
2a_2,f1,13,Axlarna symmetriska och i samma nivå,045,0.4878
2a_2,f1,13,Axlarna symmetriska och i samma nivå,047,1.0
2a_2,f1,13,Axlarna symmetriska och i samma nivå,059,1.0
2a_2,f1,13,Axlarna symmetriska och i samma nivå,061,0.0478
2a_2,f1,13,Axlarna symmetriska och i samma nivå,074,0.8902
2a_2,f1,13,Axlarna symmetriska och i samma nivå,076,0.2551
2a_2,f1,13,Axlarna symmetriska och i samma nivå,091,0.1159
2a_2,f1,13,Axlarna symmetriska och i samma nivå,093,0.4692
2a_2,f1,14,Överarmarna längs med bålen,028,0.0
2a_2,f1,14,Överarmarna längs med bålen,030,0.0
2a_2,f1,14,Överarmarna längs med bålen,045,0.46
2a_2,f1,14,Överarmarna längs med bålen,047,0.8005
2a_2,f1,14,Överarmarna längs med bålen,059,0.2557
2a_2,f1,14,Överarmarna längs med bålen,061,0.756
2a_2,f1,14,Överarmarna längs med bålen,074,0.0319
2a_2,f1,14,Överarmarna längs med bålen,076,0.0952
2a_2,f1,14,Överarmarna längs med bålen,091,1.0
2a_2,f1,14,Överarmarna längs med bålen,093,1.0
2a_2,f1,15,Bålen placerad rakt över bäckenet i sagittalplan,028,0.0
2a_2,f1,15,Bålen placerad rakt över bäckenet i sagittalplan,030,0.0
2a_2,f1,15,Bålen placerad rakt över bäckenet i sagittalplan,045,0.9369
2a_2,f1,15,Bålen placerad rakt över bäckenet i sagittalplan,047,0.2625
2a_2,f1,15,Bålen placerad rakt över bäckenet i sagittalplan,059,0.5528
2a_2,f1,15,Bålen placerad rakt över bäckenet i sagittalplan,061,0.7228
2a_2,f1,15,Bålen placerad rakt över bäckenet i sagittalplan,074,0.4943
2a_2,f1,15,Bålen placerad rakt över bäckenet i sagittalplan,076,0.789
2a_2,f1,15,Bålen placerad rakt över bäckenet i sagittalplan,091,0.4496
2a_2,f1,15,Bålen placerad rakt över bäckenet i sagittalplan,093,0.5117
2a_2,f3,3,Knäna fortsätter böjas och rör sig framåt initialt.,028,0.0
2a_2,f3,3,Knäna fortsätter böjas och rör sig framåt initialt.,030,0.0
2a_2,f3,3,Knäna fortsätter böjas och rör sig framåt initialt.,045,1.0
2a_2,f3,3,Knäna fortsätter böjas och rör sig framåt initialt.,047,1.0
2a_2,f3,3,Knäna fortsätter böjas och rör sig framåt initialt.,059,0.2954
2a_2,f3,3,Knäna fortsätter böjas och rör sig framåt initialt.,061,0.0571
2a_2,f3,3,Knäna fortsätter böjas och rör sig framåt initialt.,074,0.2553
2a_2,f3,3,Knäna fortsätter böjas och rör sig framåt initialt.,076,0.4571
2a_2,f3,3,Knäna fortsätter böjas och rör sig framåt initialt.,091,0.9219
2a_2,f3,3,Knäna fortsätter böjas och rör sig framåt initialt.,093,0.9357
2a_2,f3,4,Knäna bibehålls riktade mot mellersta tån,028,0.0
2a_2,f3,4,Knäna bibehålls riktade mot mellersta tån,030,0.0
2a_2,f3,4,Knäna bibehålls riktade mot mellersta tån,045,0.3103
2a_2,f3,4,Knäna bibehålls riktade mot mellersta tån,047,0.6903
2a_2,f3,4,Knäna bibehålls riktade mot mellersta tån,059,0.9898
2a_2,f3,4,Knäna bibehålls riktade mot mellersta tån,061,0.4575
2a_2,f3,4,Knäna bibehålls riktade mot mellersta tån,074,0.5796
2a_2,f3,4,Knäna bibehålls riktade mot mellersta tån,076,0.4672
2a_2,f3,4,Knäna bibehålls riktade mot mellersta tån,091,0.4659
2a_2,f3,4,Knäna bibehålls riktade mot mellersta tån,093,0.99
2a_2,f3,5,Kontrollerad sänkning av kroppen,028,0.0
2a_2,f3,5,Kontrollerad sänkning av kroppen,030,0.0
2a_2,f3,5,Kontrollerad sänkning av kroppen,045,1.0
2a_2,f3,5,Kontrollerad sänkning av kroppen,047,0.4112
2a_2,f3,5,Kontrollerad sänkning av kroppen,059,0.9583
2a_2,f3,5,Kontrollerad sänkning av kroppen,061,1.0
2a_2,f3,5,Kontrollerad sänkning av kroppen,074,0.5143
2a_2,f3,5,Kontrollerad sänkning av kroppen,076,0.2475
2a_2,f3,5,Kontrollerad sänkning av kroppen,091,0.4354
2a_2,f3,5,Kontrollerad sänkning av kroppen,093,0.5249
2a_2,f3,7,Förflyttar bäckenet bakåt/nedåt kontrollerat och symmetriskt,028,0.0
2a_2,f3,7,Förflyttar bäckenet bakåt/nedåt kontrollerat och symmetriskt,030,0.0
2a_2,f3,7,Förflyttar bäckenet bakåt/nedåt kontrollerat och symmetriskt,045,0.5747
2a_2,f3,7,Förflyttar bäckenet bakåt/nedåt kontrollerat och symmetriskt,047,0.3844
2a_2,f3,7,Förflyttar bäckenet bakåt/nedåt kontrollerat och symmetriskt,059,0.3292
2a_2,f3,7,Förflyttar bäckenet bakåt/nedåt kontrollerat och symmetriskt,061,0.4818
2a_2,f3,7,Förflyttar bäckenet bakåt/nedåt kontrollerat och symmetriskt,074,0.5983
2a_2,f3,7,Förflyttar bäckenet bakåt/nedåt kontrollerat och symmetriskt,076,0.4895
2a_2,f3,7,Förflyttar bäckenet bakåt/nedåt kontrollerat och symmetriskt,091,0.5933
2a_2,f3,7,Förflyttar bäckenet bakåt/nedåt kontrollerat och symmetriskt,093,0.9841
2a_2,f3,8,Knäna bibehålls riktade mot mellersta tån,028,0.0
2a_2,f3,8,Knäna bibehålls riktade mot mellersta tån,030,0.0
2a_2,f3,8,Knäna bibehålls riktade mot mellersta tån,045,0.3934
2a_2,f3,8,Knäna bibehålls riktade mot mellersta tån,047,0.014
2a_2,f3,8,Knäna bibehålls riktade mot mellersta tån,059,0.5676
2a_2,f3,8,Knäna bibehålls riktade mot mellersta tån,061,1.0
2a_2,f3,8,Knäna bibehålls riktade mot mellersta tån,074,1.0
2a_2,f3,8,Knäna bibehålls riktade mot mellersta tån,076,0.2063
2a_2,f3,8,Knäna bibehålls riktade mot mellersta tån,091,0.961
2a_2,f3,8,Knäna bibehålls riktade mot mellersta tån,093,0.9353
2a_2,f3,9,Händer/armar följer med i rörelsen utan aktivt mothåll mot armstöd/sits,028,0.0
2a_2,f3,9,Händer/armar följer med i rörelsen utan aktivt mothåll mot armstöd/sits,030,0.0
2a_2,f3,9,Händer/armar följer med i rörelsen utan aktivt mothåll mot armstöd/sits,045,0.46
2a_2,f3,9,Händer/armar följer med i rörelsen utan aktivt mothåll mot armstöd/sits,047,0.8005
2a_2,f3,9,Händer/armar följer med i rörelsen utan aktivt mothåll mot armstöd/sits,059,0.2557
2a_2,f3,9,Händer/armar följer med i rörelsen utan aktivt mothåll mot armstöd/sits,061,0.756
2a_2,f3,9,Händer/armar följer med i rörelsen utan aktivt mothåll mot armstöd/sits,074,0.0319
2a_2,f3,9,Händer/armar följer med i rörelsen utan aktivt mothåll mot armstöd/sits,076,0.0952
2a_2,f3,9,Händer/armar följer med i rörelsen utan aktivt mothåll mot armstöd/sits,091,1.0
2a_2,f3,9,Händer/armar följer med i rörelsen utan aktivt mothåll mot armstöd/sits,093,1.0
