frame,time,left_shoulder_x,left_shoulder_y,left_shoulder_z,left_shoulder_visibility,left_shoulder_presence,right_shoulder_x,right_shoulder_y,right_shoulder_z,right_shoulder_visibility,right_shoulder_presence,left_elbow_x,left_elbow_y,left_elbow_z,left_elbow_visibility,left_elbow_presence,right_elbow_x,right_elbow_y,right_elbow_z,right_elbow_visibility,right_elbow_presence,left_wrist_x,left_wrist_y,left_wrist_z,left_wrist_visibility,left_wrist_presence,right_wrist_x,right_wrist_y,right_wrist_z,right_wrist_visibility,right_wrist_presence,left_hip_x,left_hip_y,left_hip_z,left_hip_visibility,left_hip_presence,right_hip_x,right_hip_y,right_hip_z,right_hip_visibility,right_hip_presence,left_knee_x,left_knee_y,left_knee_z,left_knee_visibility,left_knee_presence,right_knee_x,right_knee_y,right_knee_z,right_knee_visibility,right_knee_presence,left_ankle_x,left_ankle_y,left_ankle_z,left_ankle_visibility,left_ankle_presence,right_ankle_x,right_ankle_y,right_ankle_z,right_ankle_visibility,right_ankle_presence,left_shoulder_interpolated,right_shoulder_interpolated,left_elbow_interpolated,right_elbow_interpolated,left_wrist_interpolated,right_wrist_interpolated,left_hip_interpolated,right_hip_interpolated,left_knee_interpolated,right_knee_interpolated,left_ankle_interpolated,right_ankle_interpolated,left_shoulder_source,right_shoulder_source,left_elbow_source,right_elbow_source,left_wrist_source,right_wrist_source,left_hip_source,right_hip_source,left_knee_source,right_knee_source,left_ankle_source,right_ankle_source
304,6.08,0.59409099817276,0.5519315004348755,-0.0158592127263546,0.9997737407684326,0.999947428703308,0.5576758980751038,0.5417956113815308,0.128584936261177,0.9996477365493774,0.9999710321426392,0.5480874305260752,0.5907116163491414,,0.4359763860702514,0.999766767024994,0.5279608202782778,0.5792894130287954,,0.2799422144889831,0.999901533126831,0.5866806091382979,0.5211216589453527,,0.1509828716516494,0.9999806880950928,0.56993675,0.5358221,,0.186157152056694,0.999990701675415,0.5615320801734924,0.6862360239028931,-0.0552135184407234,0.9999547600746156,0.999997854232788,0.5398877859115601,0.6771878600120544,0.0551290996372699,0.9999770522117616,0.9999994039535522,0.4920117557048797,0.733596682548523,-0.0967762768268585,0.7180694341659546,0.9999696016311646,0.4725346,0.7213109,,0.2507971525192261,0.999987006187439,0.5121412873268127,0.8610650300979614,-0.0887604057788848,0.7727483510971069,0.999756634235382,0.49225304,0.8453179,,0.3448712825775146,0.9999642372131348,False,False,False,False,False,False,False,False,False,False,False,False,mediapipe,mediapipe,gpr,gpr,gpr,movenet,mediapipe,mediapipe,mediapipe,movenet,mediapipe,movenet
305,6.1,0.5940917730331421,0.551912784576416,-0.0160921290516853,0.9997702240943908,0.9999339580535888,0.5576377511024475,0.5417951941490173,0.1285547912120819,0.9996374249458312,0.999952793121338,0.547411284905352,0.591771480944562,,0.43428635597229,0.9997538924217224,0.5293094690057067,0.5799726700830515,,0.2766383588314056,0.9998711347579956,0.5868094910440317,0.5219537910073033,,0.1492901593446731,0.9999783039093018,0.5698726,0.5359908,,0.1817635297775268,0.9999847412109376,0.5615321397781372,0.6862354874610901,-0.0552132315933704,0.9999544620513916,0.9999972581863404,0.5398315191268921,0.6772065758705139,0.0551288016140461,0.9999768137931824,0.9999992847442628,0.492004245519638,0.7334519624710083,-0.0977467000484466,0.7146533727645874,0.9999655485153198,0.4725119,0.7215766,,0.2473441958427429,0.9999833106994628,0.5121416449546814,0.8609915375709534,-0.090865284204483,0.7696895003318787,0.9996932744979858,0.49176967,0.8460162,,0.3410718441009521,0.999954342842102,False,False,False,False,False,False,False,False,False,False,False,False,mediapipe,mediapipe,gpr,gpr,gpr,movenet,mediapipe,mediapipe,mediapipe,movenet,mediapipe,movenet
306,6.12,0.5941046476364136,0.5519210696220398,-0.0164384134113788,0.999772310256958,0.9999490976333618,0.5576326847076416,0.5417836308479309,0.1275062263011932,0.9996395707130432,0.9999669790267944,0.5467142833085665,0.5924852682123418,,0.4385582506656647,0.999790370464325,0.5305082497615405,0.5804313346850825,,0.2787117660045624,0.9998935461044312,0.586694523345444,0.5227406032338977,,0.1517526656389236,0.9999827146530152,0.5691178544777638,0.536732350474365,,0.1824455857276916,0.9999885559082032,0.5615258812904358,0.6862345933914185,-0.0550860315561294,0.9999547004699708,0.9999974966049194,0.5398213267326355,0.677187979221344,0.0550020486116409,0.9999768733978271,0.9999992847442628,0.492009162902832,0.73344486951828,-0.0972824096679687,0.7153105735778809,0.999968409538269,0.47284043,0.7207979,,0.2479724735021591,0.9999853372573853,0.5121415853500366,0.8608178496360779,-0.0903892964124679,0.77064049243927,0.999729335308075,0.49179488,0.84530693,,0.3415373265743255,0.999959111213684,False,False,False,False,False,False,False,False,False,False,False,False,mediapipe,mediapipe,gpr,gpr,gpr,gpr,mediapipe,mediapipe,mediapipe,movenet,mediapipe,movenet
307,6.14,0.5941165089607239,0.5519126653671265,-0.0168064795434474,0.9997747540473938,0.9999548196792604,0.5576164722442627,0.5417720079421997,0.1275434345006942,0.9996360540390016,0.9999630451202391,0.5461113366982197,0.5928411737956021,,0.4407004117965698,0.9998185038566588,0.5315304140621943,0.5806528255562694,,0.2759866714477539,0.9998836517333984,0.5863319859235661,0.5234769913154225,,0.1539399325847625,0.999985694885254,0.5694039,0.5365911,,0.17794831097126,0.9999853372573853,0.5616554617881775,0.6862376928329468,-0.0551777146756649,0.999954640865326,0.9999974966049194,0.5399029850959778,0.677319347858429,0.0550932437181472,0.9999766945838928,0.9999992847442628,0.4919729828834533,0.7333773374557495,-0.0980493277311325,0.7141504883766174,0.9999713897705078,0.47331333,0.7207813,,0.244926169514656,0.999984860420227,0.5121446847915649,0.8606919050216675,-0.0922751128673553,0.7688519954681396,0.9997171759605408,0.49167335,0.8463726,,0.3390146791934967,0.9999560117721558,False,False,False,False,False,False,False,False,False,False,False,False,mediapipe,mediapipe,gpr,gpr,gpr,movenet,mediapipe,mediapipe,mediapipe,movenet,mediapipe,movenet
308,6.16,0.5941150784492493,0.5519135594367981,-0.0168749801814556,0.9997706413269044,0.9999395608901978,0.5576243996620178,0.5417575240135193,0.1271774768829345,0.9996338486671448,0.9999648332595824,0.5456809888089735,0.5928508860621274,,0.4322456419467926,0.999749481678009,0.5323482032144203,0.5806397771534284,,0.2750735282897949,0.9998838901519777,0.5857199090216918,0.5241603605917806,,0.1513880044221878,0.9999768733978271,0.5692713,0.53630424,,0.178040862083435,0.9999901056289672,0.5617709755897522,0.6862555742263794,-0.0550323128700256,0.9999542832374572,0.99999737739563,0.5399062037467957,0.6774794459342957,0.0549503602087497,0.9999765753746032,0.9999992847442628,0.492000550031662,0.7334756255149841,-0.0961402505636215,0.7104297280311584,0.9999700784683228,0.474052,0.7199552,,0.2447613775730133,0.9999878406524658,0.512144923210144,0.8606918454170227,-0.0868729427456855,0.7671977281570435,0.9997419714927672,0.49142233,0.8467297,,0.3374893069267273,0.999962329864502,False,False,False,False,False,False,False,False,False,False,False,False,mediapipe,mediapipe,gpr,gpr,gpr,movenet,mediapipe,mediapipe,mediapipe,movenet,mediapipe,movenet
309,6.18,0.594114363193512,0.5519313812255859,-0.0191993489861488,0.999766170978546,0.9999316930770874,0.5576582551002502,0.5417361259460449,0.1238013952970504,0.9996309280395508,0.9999604225158693,0.5454523232399157,0.5925502778701732,,0.4305184483528137,0.9997133612632751,0.5329343261993521,0.5804112924118264,,0.2769303321838379,0.9998655319213868,0.5848581375440152,0.5247910654583152,,0.1527768671512603,0.9999781847000122,0.5687948,0.5369598,,0.1809758245944976,0.9999899864196776,0.5617735981941223,0.6862863898277283,-0.0548819713294506,0.9999536275863647,0.999996781349182,0.5398783087730408,0.6775420308113098,0.0548031777143478,0.9999762773513794,0.9999991655349731,0.492032378911972,0.7335641384124756,-0.0950274318456649,0.7106644511222839,0.9999654293060304,0.47326505,0.7195716,,0.2493275552988052,0.9999864101409912,0.5120945572853088,0.8607005476951599,-0.0831702649593353,0.7688741683959961,0.9997294545173644,0.4908713,0.84674174,,0.341683566570282,0.9999608993530272,False,False,False,False,False,False,False,False,False,False,False,False,mediapipe,mediapipe,gpr,gpr,gpr,movenet,mediapipe,mediapipe,mediapipe,movenet,mediapipe,movenet
310,6.2,0.5941113233566284,0.5519282221794128,-0.018640024587512,0.9997691512107848,0.9999544620513916,0.557659387588501,0.5417346954345703,0.1262813508510589,0.999631404876709,0.9999673366546632,0.5453991516265114,0.5919982975222234,,0.430427223443985,0.999818742275238,0.533263813420438,0.5800027767254617,,0.2747288346290588,0.9998961687088012,0.5837483758032512,0.525372765543417,,0.1530635505914688,0.9999833106994628,0.5685028,0.5375237,,0.1782653778791427,0.9999887943267822,0.5617731809616089,0.6863084435462952,-0.0548889227211475,0.9999537467956544,0.999997854232788,0.5399126410484314,0.6775394678115845,0.0548099279403686,0.9999762773513794,0.9999994039535522,0.4920295476913452,0.7335697412490845,-0.0948574095964431,0.7070104479789734,0.9999710321426392,0.47405785,0.7203368,,0.2463236898183822,0.9999865293502808,0.5120886564254761,0.8606999516487122,-0.0838193371891975,0.765381932258606,0.999755561351776,0.49108845,0.8462346,,0.3372943997383117,0.999961256980896,False,False,False,False,False,False,False,False,False,False,False,False,mediapipe,mediapipe,gpr,gpr,gpr,movenet,mediapipe,mediapipe,mediapipe,movenet,mediapipe,movenet
311,6.22,0.594115674495697,0.5519300103187561,-0.0187374167144298,0.9997659921646118,0.9999353885650636,0.5576585531234741,0.5416867733001709,0.1258289366960525,0.999631643295288,0.9999651908874512,0.5449435,0.5908382,,0.4281848669052124,0.9997363686561584,0.5333160906881612,0.5794642234931929,,0.2758620977401733,0.999882698059082,0.5823942114028088,0.5259126674085501,,0.1527097970247268,0.9999774694442748,0.5693718,0.53640586,,0.181186556816101,0.9999905824661256,0.5617815256118774,0.686319887638092,-0.054835133254528,0.9999532103538512,0.9999969005584716,0.5398626327514648,0.6776006817817688,0.0547569394111633,0.9999760985374452,0.9999991655349731,0.4920298755168915,0.7335480451583862,-0.094891220331192,0.7077369093894958,0.9999661445617676,0.47380075,0.71859926,,0.2466766238212585,0.9999862909317015,0.5120079517364502,0.8606929779052734,-0.0842640548944473,0.7673664093017578,0.999731719493866,0.49060002,0.846619,,0.337873250246048,0.9999587535858154,False,False,False,False,False,False,False,False,False,False,False,False,mediapipe,mediapipe,movenet,gpr,gpr,movenet,mediapipe,mediapipe,mediapipe,movenet,mediapipe,movenet
312,6.24,0.5941014885902405,0.5519288778305054,-0.0214674528688192,0.9997604489326476,0.9999260902404784,0.5576781630516052,0.5416845083236694,0.1228976026177406,0.9996246099472046,0.9999548196792604,0.5454655171175887,0.5904719287407041,,0.4242525398731231,0.999747097492218,0.5330770603447393,0.5788570034282602,,0.2763110697269439,0.9998738765716552,0.5808011172144357,0.5264216219012359,,0.151307612657547,0.9999767541885376,0.5697392,0.53593934,,0.1801068037748336,0.9999879598617554,0.5617629289627075,0.6863632202148438,-0.0548272915184497,0.9999524354934692,0.999996781349182,0.5398617386817932,0.6777447462081909,0.0547493249177932,0.9999757409095764,0.9999991655349731,0.4920565187931061,0.7331709265708923,-0.0949596688151359,0.7023283243179321,0.9999635219573976,0.47394416,0.7191621,,0.2435625344514846,0.9999842643737792,0.5119103789329529,0.8606933951377869,-0.0860801413655281,0.7646297216415405,0.9996917247772216,0.49133456,0.84633905,,0.3350358605384826,0.9999520778656006,False,False,False,False,False,False,False,False,False,False,False,False,mediapipe,mediapipe,gpr,gpr,gpr,movenet,mediapipe,mediapipe,mediapipe,movenet,mediapipe,movenet
313,6.26,0.5941022634506226,0.5517854690551758,-0.0204255580902099,0.9997652173042296,0.9999585151672364,0.5576779842376709,0.5416742563247681,0.1258636265993118,0.9996299743652344,0.9999738931655884,0.54523635,0.59040856,,0.4258147478103637,0.999831199645996,0.5325409389251788,0.5782494075342679,,0.2775024175643921,0.9999130964279176,0.578976430717107,0.5269140505705715,,0.1521071046590805,0.9999837875366212,0.56974167,0.53581077,,0.1821601092815399,0.9999921321868896,0.561961829662323,0.6863895058631897,-0.0548712350428104,0.999952793121338,0.9999979734420776,0.5401142239570618,0.6777588725090027,0.0547924637794494,0.9999759793281556,0.9999995231628418,0.4921643137931824,0.7328164577484131,-0.0947852358222007,0.6990140080451965,0.9999717473983764,0.4738353,0.7172027,,0.2422806471586227,0.9999887943267822,0.5118669867515564,0.8605665564537048,-0.0841881930828094,0.7594682574272156,0.9997785687446594,0.4905461,0.8428289,,0.332616925239563,0.9999656677246094,False,False,False,False,False,False,False,False,False,False,False,False,mediapipe,mediapipe,movenet,gpr,gpr,movenet,mediapipe,mediapipe,mediapipe,movenet,mediapipe,movenet
314,6.28,0.5939953923225403,0.5517967343330383,-0.029776893556118,0.999764084815979,0.9999356269836426,0.5577200651168823,0.5417097210884094,0.1145307943224906,0.9996218681335448,0.9999505281448364,0.5448934473890421,0.5890518436994294,,0.4315680563449859,0.99977046251297,0.5317115913930208,0.577711378451819,,0.2787794768810272,0.999842882156372,0.5769293102926544,0.5274076798117461,,0.1566209495067596,0.9999847412109376,0.56941354,0.53524464,,0.1783736497163772,0.999983549118042,0.5621135830879211,0.6869901418685913,-0.0548068396747112,0.9999529719352722,0.9999970197677612,0.5402235388755798,0.6785803437232971,0.0547324754297733,0.9999759793281556,0.9999991655349731,0.4921623766422272,0.7324273586273193,-0.0940717458724975,0.6978829503059387,0.9999701976776124,0.47354996,0.71781987,,0.242580696940422,0.999985933303833,0.5113351941108704,0.8596698045730591,-0.0758984833955764,0.7586166262626648,0.9997435212135316,0.4908505,0.84496313,,0.3324232995510101,0.9999594688415528,False,False,False,False,False,False,False,False,False,False,False,False,mediapipe,mediapipe,gpr,gpr,gpr,movenet,mediapipe,mediapipe,mediapipe,movenet,mediapipe,movenet
315,6.3,0.5938534140586853,0.5512834191322327,-0.0319153927266597,0.9997601509094238,0.9999160766601562,0.5576974749565125,0.5419301986694336,0.1110140159726142,0.9996134638786316,0.9999387264251708,0.5440567517454038,0.5886405310985122,,0.4259028136730194,0.999764621257782,0.5306031260603461,0.5773090058215922,,0.2765178382396698,0.9998372793197632,0.5746706684231109,0.5279230686043034,,0.1540571600198745,0.9999792575836182,0.56886125,0.5346217,,0.1764630079269409,0.9999864101409912,0.5621122717857361,0.6872013211250305,-0.0544608831405639,0.99995219707489,0.9999970197677612,0.5401723384857178,0.6791888475418091,0.0543930493295192,0.9999755024909972,0.9999991655349731,0.492279976606369,0.7310839891433716,-0.0930890515446662,0.6777611970901489,0.9999573230743408,0.47478005,0.71683085,,0.2328125238418579,0.9999808073043824,0.5109145045280457,0.8586249351501465,-0.0713690444827079,0.7411623597145081,0.9997144341468812,0.49094105,0.8451704,,0.3187012076377868,0.9999467134475708,False,False,False,False,False,False,False,False,False,False,False,False,mediapipe,mediapipe,gpr,gpr,gpr,movenet,mediapipe,mediapipe,mediapipe,movenet,mediapipe,movenet
316,6.32,0.5932009220123291,0.5502690672874451,-0.0363858006894588,0.9997618198394777,0.999935746192932,0.5577089786529541,0.5423092842102051,0.1125995963811874,0.9996027946472168,0.9999436140060424,0.5427600545490489,0.5885498958854132,,0.428966760635376,0.9997777342796326,0.5292395730187232,0.5770994303903324,,0.2659092843532562,0.9998145699501038,0.5722130820978961,0.5284829246834305,,0.1513411998748779,0.999977707862854,0.56645864,0.53554475,,0.1670289933681488,0.9999759197235109,0.5621055364608765,0.6874216794967651,-0.0545802265405654,0.9999520778656006,0.9999970197677612,0.5401721596717834,0.6795551180839539,0.054514892399311,0.9999752044677734,0.9999990463256836,0.4922384321689605,0.7300878167152405,-0.091816209256649,0.673450231552124,0.9999569654464722,0.47421634,0.7136754,,0.2223595678806305,0.9999786615371704,0.5104726552963257,0.8581629991531372,-0.0748113244771957,0.7393702268600464,0.99970942735672,0.4908038,0.8426591,,0.3093193471431732,0.9999393224716188,False,False,False,False,False,False,False,False,False,False,False,False,mediapipe,mediapipe,gpr,gpr,gpr,movenet,mediapipe,mediapipe,mediapipe,movenet,mediapipe,movenet
317,6.34,0.5916433930397034,0.5500022172927856,-0.0331617631018161,0.9997578263282776,0.9999210834503174,0.5576037764549255,0.5430876612663269,0.111749842762947,0.9995845556259156,0.9999350309371948,0.5410087863393511,0.5888487025059143,,0.4172031879425049,0.999726951122284,0.5276535587419185,0.57712677922705,,0.2569694519042969,0.9998008608818054,0.5695706811096372,0.5291112144344597,,0.1434803307056427,0.9999676942825316,0.5655464,0.53667253,,0.1567031592130661,0.999970555305481,0.5621722340583801,0.687488853931427,-0.054202415049076,0.9999515414237976,0.9999969005584716,0.5401764512062073,0.6799286603927612,0.0541375391185283,0.9999749660491944,0.9999991655349731,0.4922555088996887,0.7285439372062683,-0.0911314859986305,0.65682452917099,0.9999516010284424,0.47439903,0.7124494,,0.2111992239952087,0.9999791383743286,0.5099572539329529,0.8573490381240845,-0.0749789327383041,0.7258196473121643,0.9996616840362548,0.4910253,0.84159446,,0.2979514598846435,0.999929428100586,False,False,False,False,False,False,False,False,False,False,False,False,mediapipe,mediapipe,gpr,gpr,gpr,movenet,mediapipe,mediapipe,mediapipe,movenet,mediapipe,movenet
318,6.36,0.5903745889663696,0.5494025945663452,-0.0319343619048595,0.9997644424438475,0.9999537467956544,0.5569078922271729,0.5436450839042664,0.1116708219051361,0.9995876550674438,0.9999605417251588,0.5388736905574286,0.5895814465215679,,0.4164743721485138,0.9997989535331726,0.5258840021545839,0.5774196342140827,,0.2516090869903564,0.9998446702957152,0.5667590152885873,0.5298320832962631,,0.1409310847520828,0.999981164932251,0.5630555819515705,0.5368532354187305,,0.1498157232999801,0.999980330467224,0.562207818031311,0.6877892017364502,-0.0541350394487381,0.9999515414237976,0.99999737739563,0.5401270985603333,0.680655300617218,0.0540703162550926,0.9999749660491944,0.9999992847442628,0.4922942817211151,0.727515697479248,-0.0907640159130096,0.6446136236190796,0.9999630451202391,0.47509184,0.7114805,,0.2005651295185089,0.9999842643737792,0.509705126285553,0.8562988042831421,-0.0757147818803787,0.7145219445228577,0.9997175335884094,0.49052572,0.84170115,,0.2870555520057678,0.9999442100524902,False,False,False,False,False,False,False,False,False,False,False,False,mediapipe,mediapipe,gpr,gpr,gpr,gpr,mediapipe,mediapipe,mediapipe,movenet,mediapipe,movenet
319,6.38,0.5881117582321167,0.5490956902503967,-0.033458549529314,0.9997555017471312,0.999897599220276,0.5556619763374329,0.5446599721908569,0.1112063229084014,0.9995684623718262,0.999929428100586,0.5364818614014715,0.5907651990805757,,0.4086673855781555,0.9996612071990968,0.5239729804592175,0.577990327699821,,0.2422070354223251,0.999768078327179,0.5637949020902951,0.5306686154482756,,0.1354235857725143,0.999959111213684,0.56353545,0.5363961,,0.1416536122560501,0.9999698400497437,0.5622299909591675,0.6877351403236389,-0.0541367381811142,0.9999505877494812,0.999996304512024,0.5402811169624329,0.6806944012641907,0.054072119295597,0.999974489212036,0.9999990463256836,0.4925345480442047,0.7250002026557922,-0.0907254889607429,0.6377615332603455,0.9999504089355468,0.47609565,0.71045643,,0.1934722065925598,0.9999802112579346,0.5094567537307739,0.855651319026947,-0.0797071158885955,0.710906982421875,0.9996756315231324,0.49006042,0.84264565,,0.2836889326572418,0.9999240636825562,False,False,False,False,False,False,False,False,False,False,False,False,mediapipe,mediapipe,gpr,gpr,gpr,movenet,mediapipe,mediapipe,mediapipe,movenet,mediapipe,movenet
320,6.4,0.5851702094078064,0.5491102933883667,-0.0367892123758792,0.999761164188385,0.9999490976333618,0.5541983246803284,0.5450341701507568,0.1076543629169464,0.999570608139038,0.9999566078186036,0.5352948,0.5927143,,0.4091916084289551,0.9998089671134948,0.5219620311795301,0.5788360891730608,,0.2357192188501358,0.9998120665550232,0.5606962563022306,0.5316414733908584,,0.1344231963157653,0.9999821186065674,0.56090254,0.53924394,,0.1338240057229995,0.9999759197235109,0.5623822808265686,0.6876736879348755,-0.0541275590658187,0.9999508261680604,0.9999970197677612,0.5403966903686523,0.6810253858566284,0.0540633350610733,0.9999745488166808,0.9999991655349731,0.4933617413043976,0.7228912711143494,-0.0936880260705947,0.6310359239578247,0.9999651908874512,0.4765106,0.70926267,,0.1835494190454483,0.9999840259552002,0.5094711184501648,0.8547133803367615,-0.0898555368185043,0.7073628306388855,0.9997658133506776,0.49007434,0.8428162,,0.2749674916267395,0.9999339580535888,False,False,False,False,False,False,False,False,False,False,False,False,mediapipe,mediapipe,movenet,gpr,gpr,movenet,mediapipe,mediapipe,mediapipe,movenet,mediapipe,movenet
321,6.42,0.5830090045928955,0.5491291284561157,-0.0403890125453472,0.9997648000717164,0.999941349029541,0.5521889925003052,0.5456411242485046,0.1023994535207748,0.9995689392089844,0.9999569654464722,0.5303452,0.59412426,,0.4126159846782684,0.9998291730880736,0.5198882541445492,0.5799417752435696,,0.2314970046281814,0.9998366832733154,0.557481903965044,0.5327674689975362,,0.1352587342262268,0.9999825954437256,0.5515556,0.5391717,,0.1267082095146179,0.9999778270721436,0.5637472867965698,0.6878591179847717,-0.0541269406676292,0.9999507665634156,0.999996304512024,0.541326642036438,0.6825655698776245,0.0540631487965583,0.999974489212036,0.9999990463256836,0.4936015903949737,0.7193149924278259,-0.0939067974686622,0.627252995967865,0.9999706745147704,0.47722396,0.70729584,,0.1743085384368896,0.9999865293502808,0.5094988346099854,0.8539090752601624,-0.0958012714982032,0.709898829460144,0.9998237490653992,0.4898105,0.8428351,,0.268243134021759,0.9999405145645142,False,False,False,False,False,False,False,False,False,False,False,False,mediapipe,mediapipe,movenet,gpr,gpr,movenet,mediapipe,mediapipe,mediapipe,movenet,mediapipe,movenet
322,6.44,0.5802295804023743,0.5494893789291382,-0.0444656647741794,0.9997748732566832,0.9999589920043944,0.5504456162452698,0.5459014773368835,0.105023980140686,0.9995823502540588,0.9999673366546632,0.5294282929648362,0.5967779031841469,,0.4364985823631286,0.9998563528060912,0.5177806387511761,0.5812836505028305,,0.225117415189743,0.9998276233673096,0.5541713829065806,0.5340581269842818,,0.1498260498046875,0.9999901056289672,0.54767907,0.5392607,,0.1201645284891128,0.9999817609786988,0.5639386773109436,0.6879178881645203,-0.0549809522926807,0.9999525547027588,0.9999974966049194,0.5415672659873962,0.6835750341415405,0.0549286752939224,0.9999752044677734,0.9999992847442628,0.4944552779197693,0.7196826934814453,-0.1055942326784133,0.6455720067024231,0.9999858140945436,0.47748134,0.704239,,0.1733147203922271,0.999991536140442,0.509526252746582,0.8536967635154724,-0.1192287653684616,0.729641318321228,0.9998893737792968,0.4888977,0.8426798,,0.2780011594295501,0.999959111213684,False,False,False,False,False,False,False,False,False,False,False,False,mediapipe,mediapipe,gpr,gpr,gpr,movenet,mediapipe,mediapipe,mediapipe,movenet,mediapipe,movenet
323,6.46,0.5789175629615784,0.5499899387359619,-0.0531659536063671,0.9997894167900084,0.9999758005142212,0.5480358004570007,0.5462207794189453,0.0998701304197311,0.999607264995575,0.9999768733978271,0.5276077016234791,0.5994017848991174,,0.4691421389579773,0.9998823404312134,0.51670945,0.58300686,,0.2218306064605713,0.999825656414032,0.5507847325543606,0.5355183087917045,,0.1768841594457626,0.9999936819076538,0.5484135,0.538599,,0.1157493665814399,0.9999780654907228,0.5639181733131409,0.6884239912033081,-0.0551924146711826,0.9999547600746156,0.99999737739563,0.5415409207344055,0.6854547262191772,0.055147036910057,0.9999762177467346,0.9999991655349731,0.495371401309967,0.718197226524353,-0.1260578781366348,0.6670683026313782,0.9999881982803344,0.47821662,0.7024155,,0.1783522218465805,0.999991536140442,0.5095793604850769,0.8533183336257935,-0.1301839649677276,0.7479942440986633,0.9998890161514282,0.4889559,0.84160966,,0.2935513257980346,0.9999467134475708,False,False,False,False,False,False,False,False,False,False,False,False,mediapipe,mediapipe,gpr,movenet,gpr,movenet,mediapipe,mediapipe,mediapipe,movenet,mediapipe,movenet
324,6.48,0.5763458609580994,0.5502573251724243,-0.0538490004837513,0.9998048543930054,0.9999841451644896,0.5451621413230896,0.5461865663528442,0.101801723241806,0.9996339082717896,0.9999847412109376,0.52506894,0.60142684,,0.5030981302261353,0.9999033212661744,0.5131599,0.5827773,,0.2222265899181366,0.9998562335968018,0.5473422759194656,0.5371449689689872,,0.2081080973148346,0.9999957084655762,0.544874,0.540671,,0.114494688808918,0.999987244606018,0.5638906955718994,0.6889364719390869,-0.0557914637029171,0.9999570846557616,0.999997615814209,0.5416231751441956,0.6857601404190063,0.0557569824159145,0.9999772906303406,0.9999992847442628,0.49571293592453,0.7171258926391602,-0.1300952583551406,0.6905546188354492,0.9999903440475464,0.47625437,0.7025411,,0.1863390207290649,0.9999933242797852,0.5095992088317871,0.8521305322647095,-0.1305988132953643,0.7668050527572632,0.9999141693115234,0.48951957,0.840492,,0.3108350932598114,0.9999570846557616,False,False,False,False,False,False,False,False,False,False,False,False,mediapipe,mediapipe,movenet,movenet,gpr,movenet,mediapipe,mediapipe,mediapipe,movenet,mediapipe,movenet
325,6.5,0.5745018124580383,0.5505234003067017,-0.0545081496238708,0.9998170733451844,0.99997878074646,0.5419397354125977,0.546132504940033,0.1009487062692642,0.9996584057807922,0.999983549118042,0.52540165,0.6041882,,0.5304749011993408,0.9998892545700072,0.5113676250947219,0.5864424984318762,,0.2225414961576461,0.9998377561569214,0.5438643968259245,0.5389261167632328,,0.2294074147939682,0.9999943971633912,0.5410189,0.5443313,,0.1134322434663772,0.9999874830245972,0.5638751983642578,0.6890894770622253,-0.0559154786169528,0.999958872795105,0.99999737739563,0.5414538979530334,0.6857049465179443,0.0558813326060771,0.9999781847000122,0.9999991655349731,0.4961055815219879,0.7147507071495056,-0.1390498131513595,0.709102988243103,0.9999895095825196,0.47697452,0.7026569,,0.1928950697183609,0.999993085861206,0.5095641016960144,0.8506273031234741,-0.1393785923719406,0.7822549939155579,0.9999055862426758,0.48939928,0.8383593,,0.3273772895336151,0.999948024749756,False,False,False,False,False,False,False,False,False,False,False,False,mediapipe,mediapipe,movenet,gpr,gpr,movenet,mediapipe,mediapipe,mediapipe,movenet,mediapipe,movenet
326,6.52,0.5715634822845459,0.5507882237434387,-0.0564251132309436,0.9998281598091124,0.9999788999557496,0.5392406582832336,0.546104907989502,0.1008573323488235,0.9996808767318726,0.9999822378158568,0.5242259,0.6062453,,0.5583702921867371,0.9998831748962402,0.50831807,0.5899936,,0.2212538570165634,0.9997918009757996,0.5403713155899994,0.540840052400766,,0.2548492848873138,0.9999945163726808,0.5403312,0.54432076,,0.1130097806453704,0.9999884366989136,0.5634324550628662,0.6892836689949036,-0.0562565512955188,0.9999602437019348,0.999996542930603,0.5408669114112854,0.6856836080551147,0.0562210045754909,0.99997878074646,0.9999988079071044,0.4967316687107086,0.71356600522995,-0.148314893245697,0.7299208641052246,0.9999889135360718,0.47794363,0.70126885,,0.2029744088649749,0.9999918937683104,0.509570837020874,0.8500558137893677,-0.1524134129285812,0.7991703748703003,0.999897599220276,0.4893033,0.83828413,,0.3511660695075989,0.9999346733093262,False,False,False,False,False,False,False,False,False,False,False,False,mediapipe,mediapipe,movenet,movenet,gpr,movenet,mediapipe,mediapipe,mediapipe,movenet,mediapipe,movenet
327,6.54,0.5687086582183838,0.5511059761047363,-0.0606959797441959,0.999837338924408,0.9999756813049316,0.5364887118339539,0.5460699200630188,0.0988713502883911,0.9996988773345948,0.9999769926071168,0.5235598533651873,0.6106296461254885,,0.5792996883392334,0.9998810291290284,0.50601906,0.59283423,,0.2177407294511795,0.9997383952140808,0.5368828664299687,0.5428549403487158,,0.2703870832920074,0.9999934434890748,0.5413679,0.54496676,,0.1101679876446724,0.9999822378158568,0.5629240870475769,0.6898950934410095,-0.0563810095191001,0.9999614357948304,0.999996781349182,0.5406474471092224,0.6863124966621399,0.0563464164733886,0.9999793171882628,0.9999988079071044,0.4966869056224823,0.7128187417984009,-0.1533486992120742,0.7450206875801086,0.9999892711639404,0.47817695,0.70251155,,0.2079573571681976,0.9999921321868896,0.5095694661140442,0.8494666218757629,-0.1499844491481781,0.8110882043838501,0.9999079704284668,0.48928672,0.8386203,,0.36363485455513,0.99992835521698,False,False,False,False,False,False,False,False,False,False,False,False,mediapipe,mediapipe,gpr,movenet,gpr,movenet,mediapipe,mediapipe,mediapipe,movenet,mediapipe,movenet
328,6.56,0.5672652125358582,0.5512602925300598,-0.0691310092806816,0.9998440742492676,0.9999666213989258,0.5325466990470886,0.5456133484840393,0.0854977592825889,0.9997166395187378,0.9999810457229614,0.523860514163971,0.6147356033325195,-0.0405150279402732,0.604965329170227,0.999811589717865,0.5044956,0.5916176,,0.2280836552381515,0.99976247549057,0.5334182799058208,0.5449287707477694,,0.2996140420436859,0.9999933242797852,0.53416675,0.5436693,,0.1197116449475288,0.999992847442627,0.5625740885734558,0.6902039647102356,-0.0563693307340145,0.9999621510505676,0.9999951124191284,0.5398363471031189,0.6866471171379089,0.0563389137387275,0.999979555606842,0.9999984502792358,0.4966651797294616,0.7123863697052002,-0.1551011651754379,0.7662079930305481,0.9999911785125732,0.47790185,0.7033922,,0.2307666838169098,0.999994158744812,0.5095797777175903,0.8492500185966492,-0.14734847843647,0.8275481462478638,0.9999328851699828,0.48893082,0.8392498,,0.3972311615943908,0.9999516010284424,False,False,False,False,False,False,False,False,False,False,False,False,mediapipe,mediapipe,mediapipe,movenet,gpr,movenet,mediapipe,mediapipe,mediapipe,movenet,mediapipe,movenet
329,6.58,0.5645033121109009,0.5514019131660461,-0.0729955062270164,0.9998510479927064,0.999969244003296,0.5298319458961487,0.545403778553009,0.0804509073495864,0.9997311234474182,0.99997878074646,0.5222662687301636,0.6166632771492004,-0.0478279031813144,0.6305068135261536,0.9997900128364564,0.50203425,0.5942585,,0.229309931397438,0.9996531009674072,0.5299959736489058,0.5470097455361185,,0.3347181975841522,0.9999949932098388,0.5313256,0.54219663,,0.1223667711019516,0.9999902248382568,0.5622959733009338,0.6902596950531006,-0.0562938675284385,0.9999621510505676,0.9999936819076538,0.5394992232322693,0.6867238879203796,0.0562692657113075,0.9999792575836182,0.999997854232788,0.4965796768665313,0.7125136852264404,-0.1478418260812759,0.7856981754302979,0.999991774559021,0.47843865,0.70332885,,0.2522370219230652,0.9999938011169434,0.5095884203910828,0.8490649461746216,-0.1407244205474853,0.8429308533668518,0.9999449253082277,0.4889522,0.83790463,,0.4282355904579162,0.9999570846557616,False,False,False,False,False,False,False,False,False,False,False,False,mediapipe,mediapipe,mediapipe,movenet,gpr,movenet,mediapipe,mediapipe,mediapipe,movenet,mediapipe,movenet
330,6.6,0.561546266078949,0.5515692234039307,-0.087376020848751,0.9998560547828674,0.999970555305481,0.5268721580505371,0.545055091381073,0.0670349150896072,0.9997459053993224,0.9999825954437256,0.5194079875946045,0.6187348961830139,-0.0566226094961166,0.6494771242141724,0.9998650550842284,0.49990046,0.5957569,,0.2303882241249084,0.99972003698349,0.5266333545428451,0.5490371081065107,,0.3657167553901672,0.9999957084655762,0.5304923,0.544036,,0.1281431466341018,0.9999951124191284,0.5617697834968567,0.6905927062034607,-0.0562946237623691,0.9999598264694214,0.9999905824661256,0.5386151671409607,0.6868777871131897,0.0562699288129806,0.9999774694442748,0.9999966621398926,0.4966228306293487,0.7117080092430115,-0.1649746745824813,0.7998657822608948,0.9999892711639404,0.4775147,0.7033568,,0.2565684020519256,0.9999918937683104,0.509663462638855,0.8492347598075867,-0.1573982834815979,0.8549914956092834,0.9999165534973145,0.48895338,0.83802533,,0.4407815039157867,0.9999353885650636,False,False,False,False,False,False,False,False,False,False,False,False,mediapipe,mediapipe,mediapipe,movenet,gpr,movenet,mediapipe,mediapipe,mediapipe,movenet,mediapipe,movenet
331,6.62,0.5584400296211243,0.55159592628479,-0.0892185643315315,0.9998565316200256,0.999958038330078,0.5233935713768005,0.5449075698852539,0.0711695030331611,0.9997560381889344,0.9999780654907228,0.5174798369407654,0.6206181645393372,-0.06330206990242,0.6670533418655396,0.9998310804367064,0.49704263,0.5997053,,0.2316084802150726,0.999722421169281,0.5233466353606556,0.5509424154393806,,0.3900962769985199,0.9999953508377076,0.5261705,0.5427271,,0.1298238784074783,0.9999943971633912,0.5613418817520142,0.6906681656837463,-0.0569084137678146,0.9999567270278932,0.9999884366989136,0.5376054644584656,0.6868674755096436,0.0568863227963447,0.9999752640724182,0.9999960660934448,0.496595561504364,0.7106900215148926,-0.1719810962677002,0.8127760887145996,0.9999911785125732,0.47672457,0.7059982,,0.2599673569202423,0.9999938011169434,0.509680986404419,0.8494911193847656,-0.1726718842983245,0.8660896420478821,0.9999209642410278,0.48957837,0.83986825,,0.4506164789199829,0.9999423027038574,False,False,False,False,False,False,False,False,False,False,False,False,mediapipe,mediapipe,mediapipe,movenet,gpr,movenet,mediapipe,mediapipe,mediapipe,movenet,mediapipe,movenet
332,6.64,0.5551366209983826,0.5516214966773987,-0.0892915651202201,0.9998583793640136,0.9999673366546632,0.5201616287231445,0.5447864532470703,0.0703753679990768,0.9997702836990356,0.9999887943267822,0.5151170492172241,0.6217293739318848,-0.0627566128969192,0.6854779124259949,0.9998453855514526,0.49350682,0.602169,,0.2465062886476516,0.9998325109481812,0.520150668650491,0.5526512305051208,,0.4208205044269562,0.9999959468841552,0.5238429,0.54694325,,0.1486619561910629,0.9999977350234984,0.5610074400901794,0.6906448602676392,-0.0572720877826213,0.999954342842102,0.9999891519546508,0.5369585752487183,0.6868239045143127,0.0572494603693485,0.9999738931655884,0.9999971389770508,0.4967034161090851,0.7113492488861084,-0.1745087802410125,0.8269709348678589,0.9999910593032836,0.47683913,0.7069277,,0.2746315896511078,0.9999953508377076,0.5101920962333679,0.8504338264465332,-0.1741885393857956,0.877170741558075,0.99992573261261,0.49021843,0.84111804,,0.4741785824298858,0.9999558925628662,False,False,False,False,False,False,False,False,False,False,False,False,mediapipe,mediapipe,mediapipe,movenet,gpr,movenet,mediapipe,mediapipe,mediapipe,movenet,mediapipe,movenet
333,6.66,0.552425742149353,0.5516180992126465,-0.0919242352247238,0.999858558177948,0.9999628067016602,0.5163377523422241,0.5445759296417236,0.0634677559137344,0.9997847080230712,0.999990701675415,0.5134144425392151,0.6219093799591064,-0.0630503594875335,0.6965661644935608,0.9998340606689452,0.4901738,0.60345566,,0.2624928653240204,0.9998457431793212,0.5170588003973169,0.5540851914294049,,0.4418832957744598,0.9999943971633912,0.51986516,0.5487701,,0.1685889959335327,0.999997854232788,0.5604025721549988,0.6898154616355896,-0.0572818666696548,0.9999520778656006,0.9999898672103882,0.5361486077308655,0.6861677169799805,0.057256281375885,0.9999727606773376,0.9999974966049194,0.496686190366745,0.711645781993866,-0.174162358045578,0.8384942412376404,0.9999896287918092,0.47589263,0.7075303,,0.2822087407112121,0.9999948740005492,0.5108844041824341,0.8523873686790466,-0.1724514961242675,0.8865828514099121,0.9999167919158936,0.4908722,0.84329504,,0.4899992942810058,0.9999498128890992,False,False,False,False,False,False,False,False,False,False,False,False,mediapipe,mediapipe,mediapipe,movenet,gpr,movenet,mediapipe,mediapipe,mediapipe,movenet,mediapipe,movenet
334,6.68,0.5490559339523315,0.5515129566192627,-0.0940834581851959,0.9998599290847778,0.9999667406082152,0.5133155584335327,0.5445594787597656,0.0593507029116153,0.9997984766960144,0.9999918937683104,0.5084937810897827,0.6216040253639221,-0.0648178160190582,0.7085679173469543,0.9998151659965516,0.48613033,0.604037,,0.2758127450942993,0.9998283386230468,0.5140827456746142,0.5551643936369843,,0.4641824066638946,0.9999933242797852,0.51761757208536,0.5473612428018121,,0.1911346316337585,0.9999982118606568,0.5595893263816833,0.6894005537033081,-0.0572478845715522,0.9999488592147828,0.9999871253967284,0.5352256894111633,0.6856429576873779,0.0572208501398563,0.9999710321426392,0.999996781349182,0.4966304004192352,0.7146578431129456,-0.1701505929231643,0.8494493365287781,0.9999847412109376,0.4747338,0.7110691,,0.2893140316009521,0.999992847442627,0.511528730392456,0.8545370697975159,-0.1621744334697723,0.8951601386070251,0.9998900890350342,0.49110988,0.84304583,,0.5073346495628357,0.9999364614486694,False,False,False,False,False,False,False,False,False,False,False,False,mediapipe,mediapipe,mediapipe,movenet,gpr,gpr,mediapipe,mediapipe,mediapipe,movenet,mediapipe,movenet
335,6.7,0.5452518463134766,0.5514466166496277,-0.0967406332492828,0.9998642802238464,0.9999756813049316,0.5096258521080017,0.5444284677505493,0.0536770336329937,0.999811351299286,0.9999927282333374,0.5052897334098816,0.6208693385124207,-0.0661509484052658,0.7240381836891174,0.9998077750205994,0.48347858,0.6061657,,0.2944228947162628,0.9998131394386292,0.5112324881444047,0.5558100030985076,,0.4942625164985657,0.999994158744812,0.514083095201202,0.5476539030888684,,0.2137273699045181,0.9999977350234984,0.5585542321205139,0.6884787678718567,-0.057219885289669,0.9999467730522156,0.9999877214431764,0.5334678888320923,0.6846112012863159,0.0571919754147529,0.9999695420265198,0.999996781349182,0.4966274797916412,0.7196040749549866,-0.1703328192234039,0.8624528050422668,0.9999881982803344,0.4740633,0.7145015,,0.3110165596008301,0.999993085861206,0.5124400854110718,0.8561818599700928,-0.1587051302194595,0.9043514132499696,0.9999147653579712,0.49098304,0.842584,,0.534770131111145,0.9999510049819946,False,False,False,False,False,False,False,False,False,False,False,False,mediapipe,mediapipe,mediapipe,movenet,gpr,gpr,mediapipe,mediapipe,mediapipe,movenet,mediapipe,movenet
336,6.72,0.5414140224456787,0.5513388514518738,-0.0998499616980552,0.9998669624328612,0.9999685287475586,0.5072561502456665,0.5441920161247253,0.0468311458826065,0.9998238682746888,0.9999932050704956,0.5015146732330322,0.6206840872764587,-0.0754911080002784,0.7359684109687805,0.9997346997261048,0.47817004,0.6066899,,0.3199642598628998,0.9998120665550232,0.50851620487189,0.5559470039908131,,0.525609016418457,0.9999927282333374,0.5103716928530354,0.5476701482830302,,0.2516370415687561,0.9999985694885254,0.557499885559082,0.6884064078330994,-0.0570905916392803,0.9999423027038574,0.999980092048645,0.5329362154006958,0.6837824583053589,0.0570599101483821,0.9999670386314392,0.9999953508377076,0.4966092705726623,0.7247148752212524,-0.1642160266637802,0.8738186955451965,0.9999796152114868,0.4732359,0.71615344,,0.3311638236045837,0.9999895095825196,0.5126941800117493,0.8580866456031799,-0.1537529379129409,0.9127457737922668,0.999890685081482,0.49075773,0.84307116,,0.5616650581359863,0.9999361038208008,False,False,False,False,False,False,False,False,False,False,False,False,mediapipe,mediapipe,mediapipe,movenet,gpr,gpr,mediapipe,mediapipe,mediapipe,movenet,mediapipe,movenet
337,6.74,0.5376313328742981,0.5510887503623962,-0.1090089976787567,0.9998732805252076,0.999984860420227,0.5043941140174866,0.5438860058784485,0.0424697957932949,0.9998342394828796,0.9999933242797852,0.4978872835636139,0.6209774017333984,-0.0789428725838661,0.7495675683021545,0.999847173690796,0.47430885,0.6065086,,0.3260366022586822,0.9997377991676332,0.5059402175003065,0.5555069734832248,,0.5583042502403259,0.9999948740005492,0.50611013,0.54765254,,0.2629351615905761,0.9999970197677612,0.5562843084335327,0.6877970695495605,-0.0572743341326713,0.9999406933784484,0.9999877214431764,0.5320000052452087,0.6831424236297607,0.0572402253746986,0.999964952468872,0.9999959468841552,0.4960345327854156,0.7276490330696106,-0.1651575416326522,0.8852576613426208,0.9999879598617554,0.47241542,0.7169872,,0.3513952195644378,0.9999898672103882,0.512719452381134,0.8587383031845093,-0.1516899168491363,0.9208901524543762,0.9999169111251832,0.49062163,0.83932996,,0.5885782837867737,0.9999500513076782,False,False,False,False,False,False,False,False,False,False,False,False,mediapipe,mediapipe,mediapipe,movenet,gpr,movenet,mediapipe,mediapipe,mediapipe,movenet,mediapipe,movenet
338,6.76,0.5341115593910217,0.5508341193199158,-0.1158536374568939,0.9998828172683716,0.9999943971633912,0.5029280781745911,0.54366534948349,0.0429564043879509,0.999847173690796,0.9999974966049194,0.4930631518363952,0.620755136013031,-0.086641177535057,0.7686244249343872,0.9999157190322876,0.47129005,0.6053113,,0.3319509029388428,0.9998654127120972,0.5035089703901049,0.5544307707053209,,0.5965991020202637,0.9999977350234984,0.5040068,0.54589856,,0.2896583676338196,0.9999990463256836,0.5545986294746399,0.6868226528167725,-0.0579034499824047,0.9999417066574096,0.999992847442627,0.5305293202400208,0.6818949580192566,0.0578715838491916,0.9999644160270692,0.99999737739563,0.4953433871269226,0.7302834391593933,-0.1634617745876312,0.8962540626525879,0.9999938011169434,0.47215638,0.7177703,,0.3760661780834198,0.9999940395355223,0.5126538872718811,0.860909104347229,-0.1501480787992477,0.928591787815094,0.9999676942825316,0.4894596040248871,0.8374685645103455,0.0148108163848519,0.6170949339866638,0.9999775886535645,False,False,False,False,False,False,False,False,False,False,False,False,mediapipe,mediapipe,mediapipe,movenet,gpr,movenet,mediapipe,mediapipe,mediapipe,movenet,mediapipe,mediapipe
339,6.78,0.5307758450508118,0.5498515963554382,-0.1262195259332656,0.9998914003372192,0.9999943971633912,0.5007903575897217,0.5419946312904358,0.0308983568102121,0.999859094619751,0.999997854232788,0.4900112748146057,0.6203295588493347,-0.0970504730939865,0.7865090370178223,0.9999048709869384,0.46793127,0.6024621,,0.3406687080860138,0.9998821020126344,0.5006310343742371,0.5507656335830688,-0.0030704413075,0.6307286024093628,0.9999964237213136,0.50044227,0.5441294,,0.3165540993213653,0.999998927116394,0.5516439080238342,0.6857767105102539,-0.0581962317228317,0.9999424815177916,0.9999918937683104,0.5283143520355225,0.6799741983413696,0.0581647567451,0.9999639391899108,0.9999971389770508,0.4939905107021332,0.7322056293487549,-0.165748044848442,0.9063504934310912,0.9999929666519164,0.4724829,0.71868265,,0.4037039279937744,0.9999935626983644,0.5125453472137451,0.8620425462722778,-0.1501789838075637,0.9356114864349364,0.9999639987945556,0.4894400835037231,0.8380115628242493,0.0242833811789751,0.6463143825531006,0.999975323677063,False,False,False,False,False,False,False,False,False,False,False,False,mediapipe,mediapipe,mediapipe,movenet,mediapipe,movenet,mediapipe,mediapipe,mediapipe,movenet,mediapipe,mediapipe
340,6.8,0.5279681086540222,0.5479400753974915,-0.1301578730344772,0.9998997449874878,0.9999958276748656,0.498715192079544,0.5399335622787476,0.0326591655611991,0.9998700618743896,0.9999977350234984,0.4875758588314056,0.6199117302894592,-0.1079410463571548,0.8052899241447449,0.9999227523803712,0.46611813,0.60106486,,0.3527865707874298,0.9998792409896852,0.4995881021022796,0.5506135821342468,-0.0224698539823293,0.6648179888725281,0.999997854232788,0.4954560615807484,0.5427161985059107,,0.3426164984703064,0.9999988079071044,0.5479892492294312,0.6851514577865601,-0.0586073547601699,0.9999449849128724,0.9999945163726808,0.5254366993904114,0.6792201399803162,0.0585828609764575,0.999964714050293,0.999997615814209,0.4923067092895508,0.7333539724349976,-0.1700055748224258,0.915617287158966,0.9999969005584716,0.47004378,0.7203568,,0.4485537409782409,0.9999966621398926,0.5125009417533875,0.8622074127197266,-0.1494042128324508,0.9420061707496644,0.9999840259552002,0.4894047975540161,0.8398559093475342,0.0264200028032064,0.6783798933029175,0.9999868869781494,False,False,False,False,False,False,False,False,False,False,False,False,mediapipe,mediapipe,mediapipe,movenet,mediapipe,gpr,mediapipe,mediapipe,mediapipe,movenet,mediapipe,mediapipe
341,6.82,0.5248687267303467,0.5453415513038635,-0.1409394294023513,0.9999077320098876,0.999996542930603,0.497156023979187,0.5351641774177551,0.0257567055523395,0.9998810291290284,0.9999988079071044,0.4858388602733612,0.6190007328987122,-0.1144580617547035,0.8229499459266663,0.9999032020568848,0.4624277,0.59815496,,0.3695435225963592,0.999903440475464,0.4983811378479004,0.5483728051185608,-0.0242385752499103,0.6967145800590515,0.9999983310699464,0.4911229,0.54090387,,0.3817046284675598,0.9999991655349731,0.5474488139152527,0.6809039115905762,-0.0598309189081192,0.999946117401123,0.9999911785125732,0.5251706838607788,0.6724202036857605,0.0598204396665096,0.999964952468872,0.9999972581863404,0.4911504983901977,0.7355652451515198,-0.1531863212585449,0.9239462614059448,0.9999920129776,0.4699665801562619,0.7220551784588842,,0.4875922799110412,0.9999934434890748,0.512597382068634,0.8627079129219055,-0.1178988218307495,0.9477613568305968,0.9999661445617676,0.4892555177211761,0.8398335576057434,0.048333927989006,0.7070591449737549,0.9999790191650392,False,False,False,False,False,False,False,False,False,False,False,False,mediapipe,mediapipe,mediapipe,movenet,mediapipe,movenet,mediapipe,mediapipe,mediapipe,gpr,mediapipe,mediapipe
342,6.84,0.5224630236625671,0.5401126146316528,-0.1496154218912124,0.9999153017997742,0.99999737739563,0.4944475293159485,0.5321808457374573,0.0174831952899694,0.9998913407325744,0.9999990463256836,0.4836171865463257,0.6150637865066528,-0.1247795596718788,0.8393725156784058,0.9999473094940186,0.4602284,0.5950316,,0.392973929643631,0.9999158382415771,0.4949399530887604,0.5451520681381226,-0.0416195169091224,0.7262777090072632,0.9999984502792358,0.48833275,0.5364675,,0.4286274015903473,0.9999994039535522,0.5454269051551819,0.6763021945953369,-0.0604058243334293,0.9999477863311768,0.9999927282333374,0.523193895816803,0.6674339175224304,0.0603925436735153,0.9999653697013856,0.9999972581863404,0.4879946112632751,0.7349920272827148,-0.1532002389430999,0.9314735531806946,0.9999932050704956,0.4694464994011026,0.7230669112096088,,0.5262401700019836,0.9999934434890748,0.512543797492981,0.8626659512519836,-0.1253308802843094,0.9529603123664856,0.9999669790267944,0.4891132414340973,0.8398341536521912,0.0439385548233985,0.734041154384613,0.999980092048645,False,False,False,False,False,False,False,False,False,False,False,False,mediapipe,mediapipe,mediapipe,movenet,mediapipe,movenet,mediapipe,mediapipe,mediapipe,gpr,mediapipe,mediapipe
343,6.86,0.5199038982391357,0.5336670875549316,-0.1433483213186264,0.9999227523803712,0.9999986886978148,0.4934137463569641,0.5274197459220886,0.0324479825794696,0.9999012351036072,0.9999996423721312,0.4824320077896118,0.6089989542961121,-0.1192441135644912,0.8544477224349976,0.999944806098938,0.4601282,0.58971953,,0.4036455750465393,0.9999567270278932,0.4930814504623413,0.5398456454277039,-0.0298300310969352,0.7528045773506165,0.999998927116394,0.48621923,0.5313207,,0.4705540835857391,0.9999997615814208,0.5445272326469421,0.6694687008857727,-0.0638661608099937,0.999950110912323,0.9999947547912598,0.5231710076332092,0.6604873538017273,0.0638652816414833,0.9999668598175048,0.9999986886978148,0.4860460162162781,0.735961377620697,-0.1219770461320877,0.9382484555244446,0.9999945163726808,0.46871465,0.72599953,,0.5613356828689575,0.9999966621398926,0.5125359892845154,0.8630707859992981,-0.1038799956440925,0.9576472043991088,0.9999713897705078,0.4891106784343719,0.8402177691459656,0.0502436645328998,0.7587406635284424,0.999990463256836,False,False,False,False,False,False,False,False,False,False,False,False,mediapipe,mediapipe,mediapipe,movenet,mediapipe,movenet,mediapipe,mediapipe,mediapipe,movenet,mediapipe,mediapipe
344,6.88,0.5183812379837036,0.5267936587333679,-0.1479831039905548,0.999929130077362,0.9999980926513672,0.4906997084617615,0.52305006980896,0.0240549761801958,0.9999096989631652,0.9999992847442628,0.4809698164463043,0.6028817892074585,-0.1204965859651565,0.8679847121238708,0.9999514818191528,0.4575869,0.5823576,,0.4163733124732971,0.9999250173568726,0.4914911687374115,0.5331401228904724,-0.0309204179793596,0.7768498063087463,0.9999990463256836,0.4855034,0.5242739,,0.5074090361595154,0.9999996423721312,0.5434632897377014,0.6655842661857605,-0.0637941733002662,0.9999517798423768,0.9999940395355223,0.5212185382843018,0.6577098965644836,0.0637895986437797,0.9999675750732422,0.9999979734420776,0.4863172471523285,0.73662269115448,-0.1154047027230262,0.9443082809448242,0.999992847442627,0.46714875,0.72867745,,0.5882963538169861,0.9999938011169434,0.5123533010482788,0.8634237051010132,-0.0927853435277938,0.9618614315986632,0.9999713897705078,0.4889507889747619,0.840390145778656,0.0652712434530258,0.7806695103645325,0.9999862909317015,False,False,False,False,False,False,False,False,False,False,False,False,mediapipe,mediapipe,mediapipe,movenet,mediapipe,movenet,mediapipe,mediapipe,mediapipe,movenet,mediapipe,mediapipe
345,6.9,0.5173175930976868,0.5196946263313293,-0.1464481502771377,0.9999348521232604,0.999997854232788,0.4885036051273346,0.5165071487426758,0.025264523923397,0.9999172687530518,0.9999991655349731,0.4799942970275879,0.5962066650390625,-0.1177617684006691,0.8800102472305298,0.9999470710754396,0.45534268,0.5772218,,0.4319152534008026,0.9999222755432128,0.490023523569107,0.5270308256149292,-0.0258704479783773,0.7983999252319336,0.9999990463256836,0.48332542,0.5178003,,0.5392308235168457,0.9999995231628418,0.542674720287323,0.6606208682060242,-0.0640341714024543,0.9999526739120485,0.9999927282333374,0.5203341245651245,0.6528268456459045,0.0640282779932022,0.9999678134918212,0.999997615814209,0.4849083125591278,0.7361939549446106,-0.1149884313344955,0.9497383236885072,0.9999921321868896,0.470761626958847,0.7222791314125061,0.0230364296585321,0.6128895282745361,0.999992847442627,0.5123024582862854,0.8638758659362793,-0.0926832184195518,0.9656477570533752,0.9999669790267944,0.4888049364089966,0.8410488963127136,0.0693182274699211,0.7998045682907104,0.9999843835830688,False,False,False,False,False,False,False,False,False,False,False,False,mediapipe,mediapipe,mediapipe,movenet,mediapipe,movenet,mediapipe,mediapipe,mediapipe,mediapipe,mediapipe,mediapipe
346,6.92,0.5164072513580322,0.5126590728759766,-0.1483266055583953,0.9999399781227112,0.999997854232788,0.4866121709346771,0.5107986330986023,0.020282169803977,0.9999241232872008,0.9999992847442628,0.4794053137302398,0.5899553894996643,-0.1174059584736824,0.8902356028556824,0.9999414682388306,0.45521718,0.5706854,,0.4445993304252624,0.999919295310974,0.4884024560451507,0.5217052698135376,-0.0282901916652917,0.8172735571861267,0.9999988079071044,0.48225707,0.50839436,,0.559287965297699,0.9999991655349731,0.5420455932617188,0.657111644744873,-0.063819445669651,0.9999538660049438,0.9999948740005492,0.5183614492416382,0.6502594947814941,0.0638134032487869,0.9999685883522034,0.9999984502792358,0.4854044616222381,0.7387324571609497,-0.0997793227434158,0.954495131969452,0.999991536140442,0.4705727398395538,0.724749743938446,0.0260916911065578,0.6309758424758911,0.9999939203262328,0.5120391249656677,0.8640308976173401,-0.054871454834938,0.9690023064613342,0.9999611377716064,0.4887606203556061,0.8417201638221741,0.0905490145087242,0.8144640326499939,0.999987006187439,False,False,False,False,False,False,False,False,False,False,False,False,mediapipe,mediapipe,mediapipe,movenet,mediapipe,movenet,mediapipe,mediapipe,mediapipe,mediapipe,mediapipe,mediapipe
347,6.94,0.5158947110176086,0.5052095055580139,-0.1399399638175964,0.9999439120292664,0.9999953508377076,0.4848631024360657,0.5036171674728394,0.0221377592533826,0.999929130077362,0.9999979734420776,0.4783065915107727,0.5824395418167114,-0.1130799576640129,0.8987369537353516,0.9999159574508668,0.4550646,0.5638095,,0.4562863707542419,0.9998538494110109,0.4874517321586609,0.5116804838180542,-0.0343930721282959,0.8341100811958313,0.9999982118606568,0.4814300394718246,0.5013770894298621,,0.572358250617981,0.9999983310699464,0.5414130091667175,0.6522706151008606,-0.0634552091360092,0.9999539852142334,0.9999924898147584,0.5172098278999329,0.6469075679779053,0.0634460672736167,0.9999683499336244,0.9999974966049194,0.4859574735164642,0.7397817373275757,-0.0972580909729003,0.9586142897605896,0.9999889135360718,0.470549613237381,0.7261561751365662,0.0279037673026323,0.6433746218681335,0.999990940093994,0.5120256543159485,0.8638401031494141,-0.0561643466353416,0.9719732403755188,0.9999585151672364,0.4887492060661316,0.8423887491226196,0.0915958508849144,0.8263867497444153,0.9999810457229614,False,False,False,False,False,False,False,False,False,False,False,False,mediapipe,mediapipe,mediapipe,movenet,mediapipe,gpr,mediapipe,mediapipe,mediapipe,mediapipe,mediapipe,mediapipe
348,6.96,0.515395998954773,0.4976702034473419,-0.1335838139057159,0.9999464750289916,0.9999929666519164,0.4840315878391266,0.4972769916057586,0.0271652340888977,0.9999327659606934,0.99999737739563,0.4782797992229461,0.5736144185066223,-0.1097555309534072,0.9031981825828552,0.9998767375946044,0.45369384,0.5561943,,0.4526365399360657,0.9998481273651124,0.4880846738815307,0.5014263391494751,-0.0237871725112199,0.8458918929100037,0.9999969005584716,0.4809296096881543,0.4920262269015032,,0.5661168098449707,0.999997854232788,0.5411548614501953,0.6451868414878845,-0.0635455995798111,0.9999533891677856,0.9999918937683104,0.5162587761878967,0.6419323682785034,0.0635308399796485,0.9999679327011108,0.9999977350234984,0.4863941967487335,0.7398545145988464,-0.0998823195695877,0.9619339108467102,0.9999849796295166,0.4704802334308624,0.7265177965164185,0.0275141168385744,0.6400080919265747,0.99998939037323,0.5120147466659546,0.8641380071640015,-0.0718626976013183,0.9745612740516664,0.9999347925186156,0.488711416721344,0.8430279493331909,0.0850183218717575,0.8313962817192078,0.9999781847000122,False,False,False,False,False,False,False,False,False,False,False,False,mediapipe,mediapipe,mediapipe,movenet,mediapipe,gpr,mediapipe,mediapipe,mediapipe,mediapipe,mediapipe,mediapipe
349,6.98,0.5148969888687134,0.489833116531372,-0.1350587755441665,0.9999464154243468,0.9999849796295166,0.48341104388237,0.4878909587860107,0.0222554802894592,0.9999353289604188,0.9999961853027344,0.478958398103714,0.5651571750640869,-0.1065094098448753,0.8990033864974976,0.9997997879981996,0.45483455,0.54728305,,0.4570912420749664,0.9998366832733154,0.4863569438457489,0.4993512332439422,-0.0169686190783977,0.848537266254425,0.999992847442627,0.48063292874734564,0.48214442677722724,,0.5713426470756531,0.9999986886978148,0.5408465266227722,0.6385088562965393,-0.0633266046643257,0.9999516010284424,0.999990701675415,0.5149957537651062,0.6350550055503845,0.0633114874362945,0.9999672174453736,0.9999977350234984,0.4879726469516754,0.7396056056022644,-0.0929502621293068,0.9638780355453492,0.9999775886535645,0.4706172049045563,0.7266325950622559,0.0285861603915691,0.6269932389259338,0.99998939037323,0.5120035409927368,0.8639879822731018,-0.0613796450197696,0.9767426252365112,0.9999359846115112,0.488680362701416,0.8429652452468872,0.0940658822655677,0.833228349685669,0.9999799728393556,False,False,False,False,False,False,False,False,False,False,False,False,mediapipe,mediapipe,mediapipe,movenet,mediapipe,gpr,mediapipe,mediapipe,mediapipe,mediapipe,mediapipe,mediapipe
350,7.0,0.5141226053237915,0.4805696308612823,-0.1334858238697052,0.9999470114707948,0.999986171722412,0.4831019043922424,0.4780952632427215,0.0252367034554481,0.9999383091926576,0.999996781349182,0.4786139726638794,0.5566980838775635,-0.104614220559597,0.898377001285553,0.9998213648796082,0.4542006,0.5382799,,0.4649842083454132,0.9998691082000732,0.4848186373710632,0.4927438795566559,-0.0147835938259959,0.8552006483078003,0.9999942779541016,0.480462139487522,0.4719202043682017,,0.5872405171394348,0.9999991655349731,0.5402117371559143,0.6302599906921387,-0.0633010566234588,0.9999491572380066,0.9999887943267822,0.5141032338142395,0.6271313428878784,0.0632790699601173,0.9999662041664124,0.99999737739563,0.4882456362247467,0.7389527559280396,-0.0926240012049675,0.9655073285102844,0.9999693632125854,0.4707101881504059,0.7258729934692383,0.0265750922262668,0.6143231391906738,0.9999858140945436,0.5119946599006653,0.8639132380485535,-0.0674501359462738,0.9787079691886902,0.9999138116836548,0.4886387288570404,0.8428515195846558,0.0855912119150161,0.833605170249939,0.9999747276306152,False,False,False,False,False,False,False,False,False,False,False,False,mediapipe,mediapipe,mediapipe,movenet,mediapipe,gpr,mediapipe,mediapipe,mediapipe,mediapipe,mediapipe,mediapipe
351,7.02,0.5141291618347168,0.4686120152473449,-0.1290230602025985,0.9999477863311768,0.9999880790710448,0.483346939086914,0.4706254601478576,0.035744309425354,0.9999402761459352,0.999996304512024,0.4784342646598816,0.5463385581970215,-0.0964624509215354,0.8977277874946594,0.999859094619751,0.45621794,0.5293065,,0.4668019711971283,0.999869465827942,0.4843375384807586,0.4857767224311828,-0.0011759821791201,0.857647180557251,0.9999938011169434,0.4803489900105873,0.46156076588230555,,0.5867772102355957,0.9999985694885254,0.5387769341468811,0.6231095194816589,-0.0634439215064048,0.9999499917030334,0.9999936819076538,0.5121067762374878,0.6216347217559814,0.0634187683463096,0.9999668598175048,0.9999983310699464,0.4889389276504516,0.7384583353996277,-0.0916186273097992,0.967516541481018,0.9999804496765136,0.4707942306995392,0.7254929542541504,0.0279537569731473,0.6114348769187927,0.999990701675415,0.5119859576225281,0.8638262152671814,-0.0698281452059745,0.9805392622947692,0.9999200105667114,0.4886631667613983,0.8427664637565613,0.0845076292753219,0.836451530456543,0.9999781847000122,False,False,False,False,False,False,False,False,False,False,False,False,mediapipe,mediapipe,mediapipe,movenet,mediapipe,gpr,mediapipe,mediapipe,mediapipe,mediapipe,mediapipe,mediapipe
352,7.04,0.5138585567474365,0.4577403962612152,-0.1245791018009185,0.9999488592147828,0.9999898672103882,0.4837565422058105,0.4606486856937408,0.0517506748437881,0.9999396800994872,0.9999935626983644,0.4778471887111664,0.536794900894165,-0.0919897481799125,0.8989951014518738,0.9998956918716432,0.45640954,0.5204608,,0.4590755105018616,0.9998552799224854,0.4839626550674438,0.4735084474086761,0.0055322959087789,0.8587231636047363,0.9999953508377076,0.4802415196275899,0.4512838610039048,,0.5617944002151489,0.999996542930603,0.537246584892273,0.6148415207862854,-0.0642285123467445,0.9999523758888244,0.9999964237213136,0.5108039975166321,0.6127559542655945,0.0642108619213104,0.9999682307243348,0.999998927116394,0.4913182854652405,0.7370070815086365,-0.087931640446186,0.9696506261825562,0.9999908208847046,0.4708717167377472,0.7252358794212341,0.0311600565910339,0.6110277771949768,0.9999948740005492,0.5117756724357605,0.8637059926986694,-0.0657464489340782,0.9822369813919068,0.999951958656311,0.4889429211616516,0.8427038788795471,0.0888677313923835,0.8400004506111145,0.9999858140945436,False,False,False,False,False,False,False,False,False,False,False,False,mediapipe,mediapipe,mediapipe,movenet,mediapipe,gpr,mediapipe,mediapipe,mediapipe,mediapipe,mediapipe,mediapipe
353,7.06,0.5142731666564941,0.4472928941249847,-0.1083512678742408,0.9999494552612304,0.9999873638153076,0.4835928678512573,0.4510053992271423,0.0735810548067092,0.999935269355774,0.99998676776886,0.4785142838954925,0.5254939794540405,-0.0752424672245979,0.9005546569824219,0.9999141693115234,0.455151,0.51173854,,0.4459468424320221,0.9998390674591064,0.4832852780818939,0.4644134938716888,0.0271077826619148,0.8562737107276917,0.9999945163726808,0.48010864969823164,0.44130925432176404,,0.5310754776000977,0.9999938011169434,0.5348190069198608,0.6077123284339905,-0.0652058199048042,0.9999536871910096,0.9999948740005492,0.5081913471221924,0.6061928272247314,0.0651920661330223,0.9999685883522034,0.9999980926513672,0.4913415908813476,0.7347621321678162,-0.0894810259342193,0.9701049327850342,0.9999855756759644,0.46818277,0.7199732,,0.5904083847999573,0.9999910593032836,0.5117092132568359,0.863718569278717,-0.0685825422406196,0.9833121299743652,0.9998968839645386,0.4889480173587799,0.8424739241600037,0.0895668938755989,0.8307297825813293,0.999969244003296,False,False,False,False,False,False,False,False,False,False,False,False,mediapipe,mediapipe,mediapipe,movenet,mediapipe,gpr,mediapipe,mediapipe,mediapipe,movenet,mediapipe,mediapipe
354,7.08,0.5141428112983704,0.438245952129364,-0.1023139208555221,0.9999496936798096,0.9999860525131226,0.483666330575943,0.4423354566097259,0.0840064063668251,0.9999308586120604,0.9999854564666748,0.4781795740127563,0.515330970287323,-0.0668323934078216,0.9022126793861388,0.9999064207077026,0.45699462,0.5034949,,0.430911123752594,0.9998401403427124,0.4814996421337127,0.4573673903942108,0.0422141067683696,0.8534302115440369,0.9999938011169434,0.47994230466428833,0.43185028803453973,,0.5063216090202332,0.9999942779541016,0.5336836576461792,0.6007622480392456,-0.0666461065411567,0.999954342842102,0.9999939203262328,0.5076107382774353,0.6002137064933777,0.0666317790746688,0.9999685287475586,0.999997854232788,0.4915345311164856,0.73051917552948,-0.0890486687421798,0.970189332962036,0.999984622001648,0.47019672,0.7203592,,0.5696831345558167,0.999992609024048,0.5116143822669983,0.8635640740394592,-0.0722553879022598,0.98415869474411,0.9999209642410278,0.4892705976963043,0.8428600430488586,0.083739586174488,0.8271609544754028,0.999972939491272,False,False,False,False,False,False,False,False,False,False,False,False,mediapipe,mediapipe,mediapipe,movenet,mediapipe,gpr,mediapipe,mediapipe,mediapipe,movenet,mediapipe,mediapipe
355,7.1,0.514211118221283,0.4294690489768982,-0.0930090993642807,0.9999489188194276,0.9999827146530152,0.4835351705551147,0.4343366622924804,0.0943778976798057,0.9999222755432128,0.9999752044677734,0.4779143929481506,0.5054308772087097,-0.0571116246283054,0.899420440196991,0.9999022483825684,0.45519322,0.4935409,,0.4150095582008362,0.9997797608375548,0.480071872472763,0.4511789381504059,0.0541600435972213,0.8411335945129395,0.9999910593032836,0.4797569763345172,0.42310597398476685,,0.4800474643707275,0.9999927282333374,0.5323333144187927,0.5928664207458496,-0.0670258253812789,0.9999552369117736,0.9999947547912598,0.5066426992416382,0.5932464599609375,0.0670034363865852,0.9999685287475586,0.999997854232788,0.4920779764652252,0.7263793349266052,-0.0866708531975746,0.9689472913742064,0.999983549118042,0.47302866,0.719072,,0.5501614809036255,0.9999921321868896,0.5114901065826416,0.8630179762840271,-0.0714440196752548,0.9845923185348512,0.9999232292175292,0.4895291328430176,0.8431294560432434,0.0825345814228057,0.8218845725059509,0.9999698400497437,False,False,False,False,False,False,False,False,False,False,False,False,mediapipe,mediapipe,mediapipe,movenet,mediapipe,gpr,mediapipe,mediapipe,mediapipe,movenet,mediapipe,mediapipe
356,7.12,0.5137954950332642,0.4218659698963165,-0.0921510756015777,0.999948501586914,0.9999833106994628,0.4836516678333282,0.424727588891983,0.098487414419651,0.9999136924743652,0.999964952468872,0.4765823781490326,0.496898740530014,-0.0544986091554164,0.894550085067749,0.999887228012085,0.45596611,0.48428616,,0.3990131318569183,0.999668836593628,0.4796621203422546,0.4486586451530456,0.0547634102404117,0.8285969495773315,0.9999890327453612,0.47958692389635293,0.41525399307282074,,0.4581671357154846,0.9999890327453612,0.5301746129989624,0.5886949300765991,-0.0684175416827201,0.9999565482139589,0.9999957084655762,0.5051900148391724,0.5878493189811707,0.0683761090040206,0.9999687075614928,0.999997854232788,0.4939133524894714,0.7246726751327515,-0.0872800126671791,0.9697661399841307,0.999990701675415,0.47384793,0.7168815,,0.5463202595710754,0.9999943971633912,0.5115274786949158,0.8629690408706665,-0.0696778744459152,0.9856092929840088,0.999964714050293,0.4895647764205932,0.8431023955345154,0.1135308369994163,0.8269157409667969,0.9999854564666748,False,False,False,False,False,False,False,False,False,False,False,False,mediapipe,mediapipe,mediapipe,movenet,mediapipe,gpr,mediapipe,mediapipe,mediapipe,movenet,mediapipe,mediapipe
357,7.14,0.5138739347457886,0.4139992892742157,-0.0935949087142944,0.999949276447296,0.999988317489624,0.4843020737171173,0.4168089032173157,0.1111780777573585,0.9999063014984132,0.9999715089797974,0.4759138524532318,0.4886888265609741,-0.0538930334150791,0.8956841230392456,0.9999316930770874,0.45439973,0.47478056,,0.3812717497348785,0.999782383441925,0.4783570468425751,0.4482247531414032,0.0696692541241645,0.8190938830375671,0.9999896287918092,0.47826317,0.40765026,,0.4338021874427795,0.9999898672103882,0.5284300446510315,0.5858327746391296,-0.0704681798815727,0.9999586939811708,0.999997615814209,0.5034417510032654,0.5847999453544617,0.0704293325543403,0.999969482421875,0.9999985694885254,0.4967596232891083,0.7225711941719055,-0.0870353281497955,0.9714806079864502,0.9999946355819702,0.47688589,0.7137737,,0.5494376420974731,0.9999971389770508,0.5117805600166321,0.8617642521858215,-0.0660552680492401,0.9866458177566528,0.9999827146530152,0.4896127879619598,0.8429253697395325,0.1257860958576202,0.8334930539131165,0.9999920129776,False,False,False,False,False,False,False,False,False,False,False,False,mediapipe,mediapipe,mediapipe,movenet,mediapipe,movenet,mediapipe,mediapipe,mediapipe,movenet,mediapipe,mediapipe
358,7.16,0.5133721232414246,0.4078348577022552,-0.0842359140515327,0.9999481439590454,0.9999840259552002,0.4851717352867126,0.4104160666465759,0.1189280077815055,0.9998852014541626,0.9999409914016724,0.4743760228157043,0.4800359010696411,-0.0449577644467353,0.8915515542030334,0.999881386756897,0.45346528,0.46592644,,0.3557675778865814,0.9995525479316713,0.4788629710674286,0.4368022084236145,0.0775299146771431,0.8003552556037903,0.9999831914901732,0.4794988047142219,0.40279775152824787,,0.4021609127521515,0.9999772310256958,0.5268757343292236,0.5828431844711304,-0.0710176900029182,0.9999604225158693,0.9999974966049194,0.5024557709693909,0.5824088454246521,0.0709716007113456,0.999969720840454,0.9999983310699464,0.5008162260055542,0.7230544090270996,-0.0864364877343177,0.9731560349464417,0.9999938011169434,0.47995082,0.70914793,,0.543557345867157,0.9999958276748656,0.511984646320343,0.8623049259185791,-0.0659272074699401,0.9876012206077576,0.999977707862854,0.4896291494369507,0.8430695533752441,0.1536837518215179,0.8380255699157715,0.9999885559082032,False,False,False,False,False,False,False,False,False,False,False,False,mediapipe,mediapipe,mediapipe,movenet,mediapipe,gpr,mediapipe,mediapipe,mediapipe,movenet,mediapipe,mediapipe
359,7.18,0.5131722092628479,0.4025898277759552,-0.0718025118112564,0.9999432563781738,0.9999696016311646,0.4855010211467743,0.4070666134357452,0.120292492210865,0.9998613595962524,0.9999096393585204,0.4732828438282013,0.474178671836853,-0.0323743037879467,0.8691180348396301,0.99980229139328,0.45630315,0.4589844,,0.3341396152973175,0.9993966817855836,0.4785913825035095,0.4310536384582519,0.0854953452944755,0.757085382938385,0.9999616146087646,0.4796995905390445,0.3983972459496159,,0.3765581846237182,0.9999781847000122,0.524311900138855,0.5743728876113892,-0.0703107193112373,0.999961256980896,0.9999972581863404,0.5007215738296509,0.5757923126220703,0.070261463522911,0.9999694228172302,0.9999982118606568,0.5034790635108948,0.7207507491111755,-0.0835892856121063,0.9729291200637816,0.9999916553497314,0.4804769,0.70646983,,0.5288125872612,0.9999953508377076,0.5121103525161743,0.8623151183128357,-0.068935178220272,0.988048791885376,0.9999765157699584,0.489839106798172,0.8426153659820557,0.1454145461320877,0.8379923701286316,0.9999887943267822,False,False,False,False,False,False,False,False,False,False,False,False,mediapipe,mediapipe,mediapipe,movenet,mediapipe,gpr,mediapipe,mediapipe,mediapipe,movenet,mediapipe,mediapipe
360,7.2,0.5125436186790466,0.3989207744598388,-0.0640287548303604,0.9999384880065918,0.9999675750732422,0.48551145195961,0.4038852751255035,0.1328499913215637,0.9998168349266052,0.9998427629470824,0.4715164005756378,0.4692928194999695,-0.0239562559872865,0.8593145608901978,0.999846577644348,0.45726604699343976,0.4566516080223695,,0.3112758994102478,0.9992901086807252,0.4772525727748871,0.4271460175514221,0.0990952253341674,0.7216246128082275,0.9999579191207886,0.48014010396005574,0.3952924428287029,,0.346051424741745,0.9999481439590454,0.5218706727027893,0.5714551210403442,-0.0698156282305717,0.9999621510505676,0.9999966621398926,0.4988450109958648,0.5741229057312012,0.0697650611400604,0.9999687671661376,0.9999972581863404,0.5072323083877563,0.7205261588096619,-0.0856376439332962,0.973645806312561,0.9999879598617554,0.4820629,0.7110123,,0.5217254161834717,0.9999934434890748,0.512529194355011,0.8617205023765564,-0.0707356408238411,0.9883772730827332,0.9999680519104004,0.4900978207588196,0.8431779742240906,0.1334772855043411,0.8401540517807007,0.9999794960021972,False,False,False,False,False,False,False,False,False,False,False,False,mediapipe,mediapipe,mediapipe,gpr,mediapipe,gpr,mediapipe,mediapipe,mediapipe,movenet,mediapipe,mediapipe
361,7.22,0.5124769806861877,0.3969224393367767,-0.0586131736636161,0.9999324679374696,0.9999645948410034,0.4856485724449157,0.4006246030330658,0.13361856341362,0.9997791647911072,0.9998544454574584,0.4707130789756775,0.4661757349967956,-0.0193794835358858,0.8432250022888184,0.9998083710670472,0.45878198739095627,0.4540397612358665,,0.2911131680011749,0.9993076324462892,0.4769882261753082,0.4218951165676117,0.1021141186356544,0.6835588812828064,0.9999483823776244,0.48086654519694794,0.3934969581239295,,0.3192958831787109,0.999956488609314,0.5192978382110596,0.5707913637161255,-0.0694578438997268,0.9999618530273438,0.9999957084655762,0.4971201717853546,0.5728362202644348,0.06940508633852,0.9999669194221495,0.999996781349182,0.5079086422920227,0.7207139134407043,-0.0834509804844856,0.9736608862876892,0.9999854564666748,0.48491160149477736,0.7101064694474872,,0.5072315335273743,0.9999920129776,0.5128709077835083,0.8617156147956848,-0.072547435760498,0.9884535670280457,0.9999536275863647,0.4901493191719055,0.8432451486587524,0.1413318812847137,0.8362874984741211,0.9999749660491944,False,False,False,False,False,False,False,False,False,False,False,False,mediapipe,mediapipe,mediapipe,gpr,mediapipe,gpr,mediapipe,mediapipe,mediapipe,gpr,mediapipe,mediapipe
362,7.24,0.5127022862434387,0.396406352519989,-0.0601499639451503,0.9999241828918456,0.9999520778656006,0.4854859113693237,0.4001539349555969,0.1249779090285301,0.9997389912605286,0.9998032450675964,0.4698770344257355,0.4622407853603363,-0.018845984712243,0.8286453485488892,0.9997873902320862,0.46167144,0.4546699,,0.2751153409481048,0.99909770488739,0.4770670235157013,0.4187110364437103,0.103038839995861,0.6481164693832397,0.9999270439147948,0.48191044719640264,0.39299053207707374,,0.2955316007137298,0.9999256134033204,0.5187581181526184,0.5696496963500977,-0.0687685757875442,0.999961793422699,0.9999954700469972,0.4960899353027344,0.5714858174324036,0.0686994865536689,0.9999659657478333,0.999996781349182,0.5078060626983643,0.7190417647361755,-0.0757351741194725,0.972871482372284,0.9999785423278807,0.48627535,0.7126616,,0.509498655796051,0.9999908208847046,0.5132336616516113,0.861262857913971,-0.0633518323302269,0.9880759119987488,0.9999312162399292,0.4901824593544006,0.8432797193527222,0.1261021792888641,0.838865339756012,0.9999691247940063,False,False,False,False,False,False,False,False,False,False,False,False,mediapipe,mediapipe,mediapipe,movenet,mediapipe,gpr,mediapipe,mediapipe,mediapipe,movenet,mediapipe,mediapipe
363,7.26,0.5129525661468506,0.3943431079387665,-0.0649857074022293,0.9999207854270936,0.9999645948410034,0.485646516084671,0.3988694250583648,0.1263140141963958,0.99969881772995,0.999790608882904,0.4703275263309479,0.4618554711341858,-0.023204855620861,0.8255188465118408,0.9998458623886108,0.46337075843457626,0.4551052393700841,,0.2622632682323456,0.9992050528526306,0.4738171398639679,0.4268262088298797,0.1022607386112213,0.630363404750824,0.9999533891677856,0.48328572555601057,0.39372177571359135,,0.2775205671787262,0.9999487400054932,0.5181470513343811,0.5706552863121033,-0.0685979947447776,0.9999616742134094,0.999995231628418,0.4957598745822906,0.5723304748535156,0.0685326755046844,0.9999642968177797,0.9999959468841552,0.508506178855896,0.719353437423706,-0.0720591023564338,0.9729141592979432,0.9999818801879884,0.48617783,0.71034056,,0.5036898851394653,0.9999899864196776,0.5132144689559937,0.8611789345741272,-0.0551430955529212,0.9881654977798462,0.999946355819702,0.4901938736438751,0.8432635068893433,0.136244311928749,0.8374052047729492,0.9999712705612184,False,False,False,False,False,False,False,False,False,False,False,False,mediapipe,mediapipe,mediapipe,gpr,mediapipe,gpr,mediapipe,mediapipe,mediapipe,movenet,mediapipe,mediapipe
