feature,rho,p
mean_left_hip_angle,-0.4787878787878787,0.16152292801745594
delta_knee_angle,-0.3939393939393939,0.25999776683488757
mean_trunk_angle,0.38181818181818183,0.2762553333854362
delta_hip_angle,-0.38181818181818183,0.2762553333854362
mean_left_knee_angle,-0.2121212121212121,0.5563057751029299
mean_head_trunk_angle,-0.19999999999999998,0.5795840000000002
mean_right_hip_angle,-0.18787878787878787,0.6032176100292089
mean_right_knee_angle,-0.1515151515151515,0.6760651759978539
delta_hip_height,0.07878787878787878,0.8287173946974606
