frame,time,nose_x,nose_y,nose_confidence,left_ear_x,left_ear_y,left_ear_confidence,left_shoulder_x,left_shoulder_y,left_shoulder_confidence,right_shoulder_x,right_shoulder_y,right_shoulder_confidence,left_elbow_x,left_elbow_y,left_elbow_confidence,right_elbow_x,right_elbow_y,right_elbow_confidence,left_wrist_x,left_wrist_y,left_wrist_confidence,right_wrist_x,right_wrist_y,right_wrist_confidence,left_hip_x,left_hip_y,left_hip_confidence,right_hip_x,right_hip_y,right_hip_confidence,left_knee_x,left_knee_y,left_knee_confidence,right_knee_x,right_knee_y,right_knee_confidence,left_ankle_x,left_ankle_y,left_ankle_confidence,right_ankle_x,right_ankle_y,right_ankle_confidence,nose_interpolated,left_ear_interpolated,left_shoulder_interpolated,right_shoulder_interpolated,left_elbow_interpolated,right_elbow_interpolated,left_wrist_interpolated,right_wrist_interpolated,left_hip_interpolated,right_hip_interpolated,left_knee_interpolated,right_knee_interpolated,left_ankle_interpolated,right_ankle_interpolated
414,8.28,0.4778249,0.3419534,0.6765557,,,0.58694667,0.51326305,0.3956987,0.8895819,0.47552478,0.40475684,0.86844414,0.5148445,0.5066349,0.798366,0.47249562,0.4992105,0.6284575,0.49835247,0.59789664,0.62959087,0.4602327,0.5743043,0.8328568,0.5034656,0.5742462,0.8147884,0.47211057,0.57576454,0.84258395,0.50899607,0.7219368,0.74392337,0.4898782,0.718802,0.7080223,0.5196407,0.85566056,0.84011215,0.49912772,0.83974826,0.7015426,False,False,False,False,False,False,False,False,False,False,False,False,False,False
415,8.3,0.47783393,0.34213275,0.69772357,,,0.5946582,0.51325095,0.39571682,0.8917901,0.47561884,0.40478805,0.8684997,0.5150012,0.5062594,0.81883216,0.4724447,0.49910843,0.6272681,0.4980288,0.59751505,0.6230671,0.46048704,0.5751446,0.84095573,0.5038022,0.5747363,0.82587093,0.47242105,0.57645714,0.8460885,0.5090858,0.72170013,0.7514874,0.48976162,0.71874523,0.68185884,0.519731,0.85529494,0.8509545,0.4988753,0.8403164,0.69070596,False,False,False,False,False,False,False,False,False,False,False,False,False,False
416,8.32,0.47753423,0.34197286,0.647578,0.5035762,0.3405933,0.65913564,0.513243,0.3959493,0.88328254,0.4760486,0.40516853,0.8627882,0.51430017,0.5070252,0.89388156,0.4737893,0.498667,0.6344646,0.49890697,0.59371996,0.660111,0.460694,0.57500756,0.8368404,0.5040345,0.57525873,0.83018094,0.47224542,0.57731634,0.8490047,0.50980544,0.72204095,0.74303705,0.49017993,0.7201262,0.68947893,0.51979285,0.8562032,0.67241096,0.498344,0.84052193,0.6833601,False,False,False,False,False,False,False,False,False,False,False,False,False,False
417,8.34,0.47773513,0.34229618,0.6678787,0.5038699,0.34094656,0.65774506,0.5132371,0.3963485,0.88477117,0.47562405,0.40559644,0.8522834,0.514468,0.507397,0.8970051,0.4726295,0.49979746,0.6204694,0.49915054,0.59456706,0.68184847,0.46054378,0.57530826,0.835441,0.5043328,0.5765373,0.8365072,0.472229,0.57839763,0.85135365,0.5102672,0.72315335,0.70545304,0.49041623,0.72117174,0.7038065,0.5209911,0.85540533,0.6425543,0.49840733,0.8409255,0.68461496,False,False,False,False,False,False,False,False,False,False,False,False,False,False
418,8.36,0.47799903,0.34267828,0.68397534,0.5038748,0.34084046,0.6399009,0.5134088,0.3959716,0.86518055,0.47584066,0.40542334,0.8663591,0.5150215,0.50644505,0.8936147,0.473051,0.4986145,0.6374051,0.49781963,0.59494996,0.70433664,0.46076405,0.5708307,0.8354086,0.5045388,0.57373536,0.7830248,0.47276798,0.57511854,0.79876196,0.5099584,0.72435397,0.8678192,0.4900628,0.72051793,0.6359558,0.5203348,0.8549263,0.7291689,0.4987233,0.8411597,0.88227755,False,False,False,False,False,False,False,False,False,False,False,False,False,False
419,8.38,0.478082415,0.342105715,0.5574935,0.5044204699999999,0.340535865,0.58076715,0.5132721,0.39634112,0.87345237,0.47562087,0.40556052,0.83611524,0.51496696,0.50665826,0.88893044,0.47296744,0.4986607,0.5778345,0.49901086,0.5973377,0.67472535,0.4612199,0.5758712,0.85033137,0.50404835,0.5739285,0.81337553,0.47259903,0.5756675,0.8511212,0.50925803,0.72335804,0.82503426,0.49043545,0.7216951,0.77502733,0.5197593,0.8556066,0.83686274,0.5002063,0.8410676,0.77149403,True,True,False,False,False,True,False,False,False,False,False,False,False,False
420,8.4,0.4781658,0.34153315,0.6115472,0.50496614,0.34023127,0.69704884,0.5136423,0.39611942,0.889222,0.47597414,0.40529248,0.8590291,0.5145935,0.5069596,0.89732695,0.47288388,0.4987069,0.6006926,0.49834812,0.5976372,0.65626425,0.46077183,0.57427925,0.83262444,0.50406456,0.5734008,0.8095534,0.4719686,0.57514566,0.8449244,0.5092776,0.722348,0.7960935,0.49019426,0.72034323,0.7395583,0.52005684,0.855727,0.84459025,0.498864,0.840531,0.6506161,False,False,False,False,False,False,False,False,False,False,False,False,False,False
421,8.42,0.4780447,0.3415867,0.62215084,0.50479865,0.340388,0.6866754,0.51382565,0.3955927,0.8977526,0.47559887,0.40538925,0.8567897,0.51505417,0.50630254,0.81645495,0.47199968,0.4994213,0.6187692,0.49872553,0.59796286,0.6597087,0.46059766,0.57389516,0.83831215,0.5038958,0.57334447,0.8080316,0.47232634,0.5751778,0.84833133,0.5093221,0.72332853,0.7988597,0.49024236,0.7206024,0.7647107,0.5200907,0.85644746,0.8474516,0.49930477,0.84016126,0.66770625,False,False,False,False,False,False,False,False,False,False,False,False,False,False
422,8.44,0.4783189,0.34261551,0.716604,0.5043213950000001,0.34010887,0.5762474,0.51379174,0.39551193,0.8993355,0.47569928,0.40495127,0.86280966,0.5152006,0.5066085,0.8152921,0.47258785,0.49898717,0.6444273,0.49854788,0.59750634,0.66068095,0.46045366,0.57329863,0.83237225,0.50414026,0.57413286,0.8233551,0.47240657,0.5756415,0.8485272,0.50947005,0.7233828,0.7870992,0.49020952,0.7201331,0.7656169,0.5199676,0.8563372,0.84069926,0.49895015,0.83996385,0.665854,False,True,False,False,False,False,False,False,False,False,False,False,False,False
423,8.46,0.478043,0.34237468,0.68270963,0.50384414,0.33982974,0.6020826,0.51378864,0.39563125,0.8921917,0.4757811,0.40499976,0.85966825,0.5154135,0.5065109,0.8018274,0.47248808,0.49915963,0.6317717,0.4981832,0.5971363,0.639676,0.46061358,0.5741798,0.8214621,0.50446486,0.5752159,0.8322599,0.472494,0.576845,0.8479867,0.5091144,0.72144157,0.76265854,0.48990065,0.7188538,0.7103488,0.5192184,0.8562195,0.8385878,0.49851868,0.8411805,0.63468295,False,False,False,False,False,False,False,False,False,False,False,False,False,False
424,8.48,0.47803554,0.3418895,0.66472787,0.50390524,0.34009486,0.6480834,0.51358676,0.3954452,0.86991006,0.47577408,0.4049737,0.8468155,0.51516956,0.50635207,0.8828174,0.47231618,0.49791905,0.6195268,0.4994282,0.5950743,0.6559235,0.46043962,0.5739405,0.82055604,0.5040049,0.5756057,0.81406224,0.47199538,0.57714796,0.8515225,0.5097984,0.7232599,0.7396023,0.4901511,0.7207745,0.71332604,0.5208982,0.8542927,0.6750309,0.49994653,0.8410092,0.8716065,False,False,False,False,False,False,False,False,False,False,False,False,False,False
425,8.5,0.47822767,0.34123376,0.7252887,0.5041426,0.3399184,0.60953206,0.51363254,0.39486203,0.8749881,0.47646177,0.4046841,0.8704247,0.5148445,0.5069294,0.89309263,0.472594,0.4985511,0.63681734,0.49838877,0.594149,0.64978755,0.46044526,0.5741816,0.82624763,0.50414795,0.57166046,0.7652525,0.47291267,0.57369447,0.7921158,0.51029706,0.7223637,0.86266434,0.4888134,0.7206656,0.8163812,0.5204943,0.8552115,0.69033474,0.4985155,0.8408941,0.88630867,False,False,False,False,False,False,False,False,False,False,False,False,False,False
426,8.52,0.4781314,0.34022376,0.62825394,0.50431585,0.33984634,0.63982844,0.51390827,0.39612767,0.9050748,0.47617292,0.40305275,0.7596724,0.51517016,0.5065233,0.89916587,0.47271885,0.49838355,0.5889809,0.49955526,0.59684944,0.6572748,0.46098214,0.5734471,0.83959395,0.5035761,0.57368743,0.8164386,0.4723168,0.5747771,0.848199,0.5084998,0.7213605,0.8416798,0.49025467,0.7202199,0.7900541,0.52102125,0.85651654,0.78513604,0.49992457,0.84197354,0.9005461,False,False,False,False,False,True,False,False,False,False,False,False,False,False
427,8.54,0.47852337,0.34264478,0.7316199,0.504493525,0.33992102,0.5138889,0.51400244,0.39510995,0.8939167,0.47645345,0.40434322,0.8726169,0.5153577,0.5069053,0.82554287,0.4728437,0.498216,0.58989155,0.4984633,0.5972839,0.63938737,0.46092567,0.5750247,0.85604423,0.50399315,0.5742534,0.82231486,0.47315344,0.57524323,0.8449447,0.5092779,0.7220726,0.7513921,0.49028376,0.71889985,0.7468428,0.5197157,0.8559353,0.8425135,0.4986299,0.84031004,0.67286277,False,True,False,False,False,True,False,False,False,False,False,False,False,False
428,8.56,0.47875124,0.3410754,0.70549285,0.5046712,0.3399957,0.61676055,0.5137955,0.3953399,0.8854151,0.47672427,0.4046706,0.8553302,0.5156119,0.50588393,0.79292494,0.47296855,0.49804845,0.6106769,0.49903172,0.5930155,0.65884143,0.461011,0.57403374,0.8286844,0.50479484,0.5720616,0.7961546,0.47306395,0.573687,0.83228725,0.5092403,0.72060823,0.76529396,0.48964226,0.7175155,0.6297797,0.5206991,0.85347706,0.65058136,0.5000784,0.84051836,0.8517388,False,False,False,False,False,False,False,False,False,False,False,False,False,False
429,8.58,0.47881562,0.3414088,0.6207091,0.5047555,0.34010587600000003,0.57920164,0.5139698,0.39544812,0.88346875,0.4766216,0.4041788,0.85568905,0.5153037,0.5065213,0.8880966,0.4731567525,0.4981137375,0.53829503,0.49963388,0.59621173,0.65494084,0.46161512,0.57478535,0.85747993,0.5042131,0.57133436,0.7829806,0.47259894,0.5725837,0.8339855,0.5084202,0.7207845,0.8491387,0.49042743,0.71974033,0.7737436,0.52080667,0.8546564,0.8006819,0.4997265,0.84052,0.90089107,False,True,False,False,False,True,False,False,False,False,False,False,False,False
430,8.6,0.4788069,0.34020808,0.69531214,0.5048398,0.340216052,0.5751008,0.514564,0.3953237,0.91394997,0.47693533,0.4032048,0.7968725,0.5160374,0.5060555,0.8208486,0.47334495499999996,0.498179025,0.5563499,0.4998881,0.59598607,0.64210236,0.46118635,0.572991,0.8486015,0.50410897,0.57343227,0.8265731,0.47315738,0.57391095,0.8414193,0.5088381,0.7201997,0.8252278,0.4903869,0.7185399,0.7801177,0.52079874,0.8561615,0.78921515,0.49961433,0.84194344,0.9056186,False,True,False,False,False,True,False,False,False,False,False,False,False,False
431,8.62,0.47888193,0.34159678,0.7053769,0.5049241,0.340326228,0.56806266,0.51423424,0.395332,0.8950319,0.47690642,0.405184,0.8500374,0.51588124,0.50610214,0.8240896,0.47353315749999997,0.4982443125,0.589228,0.4983563,0.59655786,0.6526887,0.46131903,0.5734621,0.8345992,0.5048302,0.5732969,0.8138275,0.4732067,0.57466274,0.84195787,0.509659,0.72148097,0.76602244,0.4909013,0.71871203,0.76965666,0.52015746,0.8549749,0.841278,0.49912083,0.84003735,0.6375552,False,True,False,False,False,True,False,False,False,False,False,False,False,False
432,8.64,0.47922662,0.34135854,0.6784177,0.5050083999999999,0.34043640399999997,0.556248,0.5142299,0.39462912,0.8823745,0.4768118,0.40501493,0.85506046,0.51558036,0.50550246,0.88885987,0.47372136,0.4983096,0.6051842,0.4995161,0.592197,0.6378407,0.4616891,0.5737393,0.8266377,0.50495225,0.57314706,0.8139527,0.47267926,0.5742034,0.8454447,0.50945556,0.7213675,0.7866409,0.49068725,0.71873593,0.730805,0.52071834,0.85530704,0.78118384,0.49927965,0.8398824,0.6478493,False,True,False,False,False,False,False,False,False,False,False,False,False,False
433,8.66,0.47889346,0.34012043,0.68775874,0.5050927,0.34054658,0.6148087,0.5142025,0.39473698,0.88234127,0.47636586,0.40472022,0.7850747,0.516543,0.505722,0.8331912,0.47349636888888885,0.49861129333333337,0.5768687,0.4984611,0.5960746,0.6412787,0.46165118,0.57364535,0.8356971,0.5049554,0.5717955,0.7969379,0.47305286,0.5723869,0.82792085,0.50949997,0.72022104,0.75514543,0.49070457,0.71748513,0.70600367,0.520678255,0.85563957,0.5823194,0.49955043,0.84089684,0.8151965,False,False,False,False,False,True,False,False,False,False,False,False,True,False
434,8.68,0.4795226,0.34134522,0.733595,0.5050752249999999,0.33956343,0.57575023,0.51492864,0.395023,0.8999619,0.47633743,0.4037382,0.84258384,0.51674795,0.5056832,0.8324875,0.4732713777777778,0.49891298666666667,0.5348262,0.5003522,0.5956914,0.63402987,0.46176195,0.5720722,0.827881,0.5044089,0.5703813,0.7684238,0.4729906,0.5712907,0.8249097,0.5085767,0.7203868,0.8349701,0.49049816,0.7194766,0.7892105,0.52063817,0.8559721,0.7647529,0.5002871,0.84098077,0.9082636,False,True,False,False,False,True,False,False,False,False,False,False,False,False
435,8.7,0.47909966,0.34138834,0.7439919,0.50505775,0.33858028,0.7251817,0.5148896,0.39338708,0.90951914,0.4774418,0.40129453,0.8164292,0.5175612,0.5050862,0.865613,0.47304638666666665,0.49921468,0.57982224,0.50034934,0.59578633,0.6259571,0.4619251,0.5723601,0.85626686,0.504534,0.5703791,0.7963987,0.47368234,0.5697743,0.8195578,0.5093085,0.722169,0.8422183,0.49059522,0.7190244,0.7875057,0.52129495,0.85595596,0.7894155,0.49972743,0.8418363,0.89807516,False,False,False,False,False,True,False,False,False,False,False,False,False,False
436,8.72,0.47896957,0.33991602,0.74023455,0.50559384,0.33858716,0.7729288,0.51577854,0.3927274,0.7248025,0.47637755,0.40137672,0.8072055,0.51751626,0.5051909,0.8244198,0.4728213955555555,0.4995163733333334,0.54529864,0.50045854,0.5951623,0.66179585,0.46202958,0.5727073,0.8711237,0.5052919,0.5708598,0.8168044,0.4738758,0.5710334,0.8384271,0.50941646,0.72114575,0.8482875,0.4909208,0.71946436,0.76985013,0.52121344,0.85577941,0.59934556,0.49892527,0.8395553,0.8700376,False,False,False,False,False,True,False,False,False,False,False,False,True,False
437,8.74,0.4798066,0.3405326,0.73817647,0.5059193,0.33894703,0.64766544,0.5154933,0.39443716,0.91137224,0.4763293,0.4027996,0.78542066,0.51770264,0.5055361,0.8295822,0.47259640444444445,0.49981806666666667,0.56178844,0.5007886,0.59497905,0.673458,0.4623825,0.5719922,0.8431045,0.505395,0.5719234,0.81447357,0.4738416,0.57216376,0.8426079,0.5093496,0.7216755,0.8513039,0.49060342,0.720127,0.78762573,0.52113193,0.85560286,0.82807225,0.4996622,0.8404361,0.91305625,False,False,False,False,False,True,False,False,False,False,False,False,False,False
438,8.76,0.47989395,0.3401188,0.71864164,0.50608104,0.33852375,0.6027112,0.5158666,0.39473176,0.9145651,0.47630298,0.4023946,0.76969004,0.5178811,0.50506395,0.83994347,0.4723714133333333,0.50011976,0.5820438,0.50033915,0.59468025,0.65665424,0.46250466,0.57278556,0.8448361,0.50665957,0.5717279,0.81037956,0.474439,0.57266515,0.8451223,0.5094652,0.7223409,0.84527844,0.4905828,0.7203299,0.7523588,0.5206264,0.8558859,0.8691156,0.49953455,0.8398826,0.8163519,False,False,False,False,False,True,False,False,False,False,False,False,False,False
439,8.78,0.47939116,0.3403994,0.6060303,0.50598794,0.3389182,0.69447476,0.51606685,0.39482096,0.89882755,0.47698492,0.40272528,0.8663093,0.5180961,0.5040213,0.81170386,0.4721464222222222,0.5004214533333333,0.5903166,0.50030303,0.5935966,0.6588906,0.46294415,0.57361424,0.8495123,0.5069937,0.57120115,0.795592,0.47452176,0.57160574,0.8306461,0.50826764,0.7249662,0.83222353,0.48794377,0.72115666,0.7359049,0.521161,0.85691303,0.8543112,0.4997771,0.8393509,0.8469228,False,False,False,False,False,True,False,False,False,False,False,False,False,False
440,8.8,0.47899252,0.34103847,0.63897634,0.50595194,0.33875358,0.7909143,0.51675236,0.39365047,0.67634684,0.47634894,0.40285265,0.8880464,0.51805294,0.50465804,0.8739263,0.4719214311111111,0.5007231466666667,0.4864095,0.4995863,0.59544724,0.7126047,0.46273014,0.57303804,0.8433582,0.50753313,0.5707977,0.8029237,0.474858,0.57154757,0.843072,0.50788385,0.72368234,0.7805248,0.48776695,0.71834624,0.6841855,0.52028775,0.85684913,0.88466495,0.49952114,0.83875304,0.8317816,False,False,False,False,False,True,False,False,False,False,False,False,False,False
441,8.82,0.47875362499999996,0.34183719999999995,0.59154665,0.5060206,0.33802733,0.78733736,0.51677334,0.3930342,0.6398134,0.47597784,0.40556633,0.8961371,0.5184354,0.50440276,0.8728589,0.47169644,0.50102484,0.63428366,0.50000846,0.59366477,0.7354138,0.4632536,0.5744256,0.8657322,0.5085868,0.5701564,0.77628297,0.4757234,0.571522,0.8352797,0.50655586,0.7192079,0.8647965,0.48733032,0.71599877,0.6511558,0.5200148,0.856492,0.89369863,0.4991192,0.83691067,0.8536636,True,False,False,False,False,False,False,False,False,False,False,False,False,False
442,8.84,0.47851473,0.34263593,0.7165801,0.505789,0.3388114,0.80836505,0.51640487,0.39307478,0.61274254,0.47565407,0.40786335,0.9056458,0.5186295,0.50273013,0.87266034,0.4712415,0.5006178,0.650696,0.49800548,0.59248513,0.74711376,0.46391582,0.5752333,0.84586394,0.50955015,0.57235163,0.822028,0.47607982,0.5741383,0.83207744,0.5059702,0.7227038,0.88425404,0.48786026,0.721044,0.7910823,0.51949245,0.857322,0.8711933,0.4985994,0.8384848,0.7806106,False,False,False,False,False,False,False,False,False,False,False,False,False,False
443,8.86,0.47826996,0.3431691,0.7586917,0.5052687333333333,0.33963535333333333,0.5000798,0.51626146,0.39423653,0.87497014,0.47631872,0.40914398,0.91326106,0.5192341,0.50344974,0.88065714,0.47158784,0.5024543,0.6650944,0.4988578,0.5946253,0.73957825,0.46435317,0.5766571,0.8420808,0.5094386,0.5718332,0.7744224,0.4773431,0.57320875,0.8183805,0.50539714,0.7230546,0.83956456,0.48626792,0.7204704,0.69011986,0.5209235,0.8531042,0.72453046,0.49868673,0.8387502,0.75932103,False,True,False,False,False,False,False,False,False,False,False,False,False,False
444,8.88,0.47851136,0.34304014,0.7550361,0.5047484666666667,0.34045930666666663,0.4615715,0.5160219,0.39489412,0.8918053,0.47628707,0.40893427,0.88697964,0.5193128,0.5040998,0.87547725,0.47225174,0.50275177,0.67387825,0.49827757,0.5942625,0.69777066,0.4633705,0.57728046,0.7156382,0.51002353,0.57581484,0.8110268,0.47835395,0.57636493,0.81718606,0.50520253,0.72462803,0.8629045,0.4859293,0.72190166,0.7368603,0.5213225,0.85462785,0.7143696,0.49882826,0.84209824,0.8897817,False,True,False,False,False,False,False,False,False,False,False,False,False,False
445,8.9,0.47808492,0.34334594,0.717448,0.5042282,0.34128326,0.69404703,0.5158227,0.3952086,0.91172236,0.47571737,0.41029522,0.8614113,0.5198631,0.5041755,0.85729903,0.47126675,0.505778,0.7213263,0.49959314,0.5928627,0.72235614,0.4648396,0.5778771,0.8174742,0.512642,0.57469666,0.78662676,0.48036766,0.57524914,0.71413034,0.50608057,0.7234408,0.7712446,0.48495406,0.719292,0.7580124,0.52208686,0.85335594,0.6331972,0.49753177,0.8384587,0.8871044,False,False,False,False,False,False,False,False,False,False,False,False,False,False
446,8.92,0.47741142,0.3457932,0.7501902,0.50476253,0.34187266,0.78902626,0.5158935,0.39739317,0.8986119,0.47533983,0.40976816,0.73158264,0.5206632,0.50374377,0.8561141,0.4732141,0.5045304,0.686079,0.4988098,0.5933185,0.75969136,0.4639569,0.57904494,0.89579093,0.51478225,0.57076335,0.69916797,0.48381004,0.57127875,0.6934767,0.5032675,0.7216863,0.79296863,0.48466244,0.71841997,0.84108555,0.52183264,0.85190874,0.6726148,0.49852937,0.8407695,0.82156247,False,False,False,False,False,False,False,False,False,False,False,False,False,False
447,8.94,0.47818285,0.34478658,0.7101399,0.5037202,0.3419301,0.70534366,0.5163039,0.39925385,0.70407003,0.47442812,0.41291812,0.8399854,0.52047056,0.50527817,0.9175935,0.47136924,0.5059794,0.810311,0.49721196,0.59387875,0.653153,0.46302015,0.58114994,0.70955443,0.51587963,0.5736224,0.8335936,0.48397854,0.57435256,0.7698571,0.502562,0.7254228,0.88036144,0.48388326,0.7193409,0.85542905,0.52217582,0.85523552,0.5528244,0.49911773,0.8419517,0.6620636,False,False,False,False,False,False,False,False,False,False,False,False,True,False
448,8.96,0.4781802,0.34591925,0.6749682,0.50398165,0.3450603,0.8084148,0.5166471,0.40264437,0.81498194,0.47409838,0.414635,0.6916672,0.51906097,0.50966763,0.8191051,0.4717364,0.5078638,0.79191566,0.4968553,0.5948143,0.6984829,0.46375415,0.583155,0.7088597,0.5160198,0.5779166,0.817809,0.48446044,0.58076453,0.68049544,0.5029412,0.7267421,0.6595981,0.48481548,0.72125924,0.8142096,0.522519,0.8585623,0.8497545,0.49889818,0.8425596,0.6273712,False,False,False,False,False,False,False,False,False,False,False,False,False,False
449,8.98,0.47735340000000004,0.34804155000000003,0.4447689,0.503038,0.34663036,0.74826384,0.51673764,0.40570912,0.8920205,0.4736716,0.41878706,0.748668,0.5195708,0.5110456,0.8893177,0.47191006,0.50786734,0.83857286,0.49637643,0.5945496,0.7585552,0.4637925,0.584337,0.66941464,0.5167695,0.5749199,0.749346,0.48697594,0.57679176,0.6864461,0.5023481,0.72704494,0.845924,0.4843345,0.7249229,0.83511627,0.52295476,0.8587212,0.6858627,0.49979317,0.84328645,0.63921183,True,False,False,False,False,False,False,False,False,False,False,False,False,False
450,9.0,0.4765266,0.35016385,0.6968611,0.50198597,0.34885445,0.7175937,0.51523894,0.40383714,0.77574223,0.47497705,0.41687018,0.82786393,0.5203815,0.5115059,0.8735333,0.4728753,0.50773114,0.8078931,0.49611005,0.5973826,0.75522107,0.46391243,0.5824248,0.88722724,0.51803994,0.5746891,0.77885896,0.4860354,0.57567805,0.7462752,0.5025922,0.7269142,0.8457143,0.48305517,0.72427726,0.8026375,0.5237205,0.85846007,0.7336135,0.49920893,0.8424703,0.89927036,False,False,False,False,False,False,False,False,False,False,False,False,False,False
451,9.02,0.4757014,0.3516879,0.7160591,0.50171304,0.35077435,0.6276944,0.51532286,0.40496472,0.8297254,0.47447154,0.4195169,0.8840945,0.52059406,0.5137186,0.8723179,0.4733828,0.5107458,0.7866272,0.49618253,0.5995431,0.7190156,0.46403703,0.5855884,0.6578187,0.51866114,0.58062774,0.8194325,0.48612124,0.5825713,0.6972295,0.5019027,0.7285355,0.8343536,0.48267785,0.7257325,0.83009875,0.5236229,0.8583755,0.75663996,0.49929568,0.842129,0.89993364,False,False,False,False,False,False,False,False,False,False,False,False,False,False
452,9.04,0.47505242,0.35614794,0.75948083,0.50179395,0.35167359,0.43267316,0.51600474,0.40707418,0.88913536,0.47520587,0.42026612,0.88281107,0.5205127,0.5139904,0.88646823,0.47368863,0.5081662,0.7726868,0.49697298,0.59784704,0.77097875,0.46449813,0.58539194,0.91015285,0.5197469,0.5777668,0.74173963,0.48768628,0.57814294,0.74266994,0.5011693,0.7291367,0.76609236,0.4820994,0.7233828,0.8106013,0.5220863,0.8591261,0.8125163,0.5002167,0.8399248,0.89769596,False,True,False,False,False,False,False,False,False,False,False,False,False,False
453,9.06,0.47499454,0.35537606,0.63202333,0.50187486,0.35257283,0.822965,0.51607996,0.40777248,0.7691074,0.4739142,0.42362136,0.85854214,0.52127945,0.51452035,0.8167939,0.4742777,0.51334107,0.7925145,0.49749038,0.60062337,0.734953,0.46504313,0.58964366,0.6450266,0.5221357,0.5762299,0.74658453,0.4890259,0.5760734,0.7736701,0.49937013,0.7285292,0.86983985,0.48225033,0.7235878,0.8595251,0.5236202,0.8605784,0.7935728,0.5005469,0.8382798,0.88293403,False,False,False,False,False,False,False,False,False,False,False,False,False,False
454,9.08,0.47405592,0.3582563,0.7972782,0.5018636,0.3531535,0.76184285,0.5164,0.4087018,0.72438645,0.4731282,0.42546377,0.8190279,0.52128315,0.516116,0.83849037,0.4748918,0.5168424,0.743801,0.49690494,0.5984608,0.62742424,0.46624914,0.5894268,0.86474675,0.52226627,0.57878137,0.84114504,0.48977342,0.5783524,0.753012,0.4986104,0.7287533,0.8407539,0.4821609,0.7237029,0.7616049,0.5222703,0.85797054,0.83298576,0.49843585,0.8402815,0.7639793,False,False,False,False,False,False,False,False,False,False,False,False,False,False
455,9.1,0.4747683,0.36020118,0.7010276,0.50198698,0.35687583333333334,0.47846016,0.5173776,0.4159136,0.7569496,0.47447354,0.42930943,0.75446814,0.52170557,0.51937485,0.8057343,0.47563228,0.518173,0.672874,0.497099785,0.60086772,0.53526556,0.46715477,0.5913557,0.8433597,0.52333355,0.5802462,0.80595344,0.4917326,0.57929415,0.72190356,0.4972545,0.73004794,0.7681681,0.48018378,0.7238633,0.6851487,0.5220314,0.8573344,0.71924514,0.49872908,0.8393866,0.74795973,False,True,False,False,False,False,True,False,False,False,False,False,False,False
456,9.12,0.47539774,0.36326045,0.77936304,0.50211036,0.36059816666666666,0.4311039,0.51740086,0.41846928,0.6606304,0.47530234,0.43245566,0.65845114,0.52265286,0.5216218,0.8064101,0.4770313,0.52074254,0.66864556,0.49729463,0.60327464,0.736651,0.46858883,0.5926712,0.82434076,0.5250562,0.5838207,0.8081752,0.494007,0.58207893,0.7147484,0.49686426,0.73039955,0.87805617,0.47963002,0.72354543,0.7960986,0.52079964,0.856253,0.8474793,0.49863103,0.83765924,0.87275076,False,True,False,False,False,False,False,False,False,False,False,False,False,False
457,9.14,0.47502857,0.366144865,0.57162046,0.50223374,0.3643205,0.7320011,0.51686233,0.41951412,0.8040046,0.4754012,0.43283165,0.80000216,0.523476,0.52470976,0.68864423,0.47695002,0.52163947,0.79057395,0.49679062,0.60377896,0.6527643,0.46904996,0.5923327,0.7255862,0.5267856,0.5849285,0.8282363,0.49469414,0.58675617,0.6551483,0.49453893,0.73195195,0.79809916,0.48005286,0.7247067,0.7501575,0.5206888,0.8568291,0.88471186,0.49792174,0.8392625,0.8105393,True,False,False,False,False,False,False,False,False,False,False,False,False,False
458,9.16,0.4746594,0.36902928,0.77804786,0.50253594,0.36642274,0.8331934,0.51796436,0.42077094,0.7623747,0.4747747,0.43619877,0.7759137,0.5243073,0.5281127,0.6871518,0.47746363,0.5233818,0.7640205,0.49665841,0.60719358,0.55318564,0.4698267,0.598212,0.67674863,0.5292694,0.5848114,0.7922189,0.49689302,0.58457345,0.7517728,0.4928998,0.7307878,0.84915787,0.477918,0.722428,0.8624131,0.5204185,0.8549142,0.72673786,0.49818313,0.83803815,0.87684745,False,False,False,False,False,False,True,False,False,False,False,False,False,False
459,9.18,0.47388953,0.37328935,0.6758311,0.5023185,0.37149104,0.6150998,0.51827246,0.42687333,0.77524495,0.4749052,0.44128823,0.89773554,0.52500224,0.5321127,0.8693392,0.47732526,0.52810127,0.9042161,0.4965262,0.6106082,0.76032674,0.46990067,0.60302985,0.5791855,0.5299099,0.5841901,0.8628629,0.4968769,0.58503646,0.7387609,0.49123853,0.7322601,0.7652415,0.4771609,0.7274524,0.7399241,0.52156526,0.85512066,0.8315525,0.4987159,0.83844113,0.8693129,False,False,False,False,False,False,False,True,False,False,False,False,False,False
460,9.2,0.47402555,0.37829012,0.6764507,0.50260544,0.37495127,0.78395957,0.5186966,0.43100405,0.67752814,0.47548848,0.44377628,0.8589719,0.52418524,0.53717315,0.8145806,0.47740358,0.5338909,0.88392156,0.49744895,0.6144415,0.7702906,0.46997464,0.6078477,0.8363062,0.5308279,0.5882982,0.84992975,0.49819538,0.5910476,0.74169606,0.49244815,0.7354779,0.87279636,0.47682303,0.72927105,0.7201978,0.5211588,0.8568553,0.83528745,0.49826744,0.83999,0.8546328,False,False,False,False,False,False,False,False,False,False,False,False,False,False
461,9.22,0.47380173,0.3852018,0.80279714,0.50305367,0.38161767,0.68621093,0.5188937,0.43449044,0.75801903,0.47618333,0.4491003,0.8953279,0.5238247,0.5436119,0.7629311,0.4785022,0.54030865,0.88930446,0.49510822,0.6249821,0.6475275,0.4704155,0.61214554,0.7666503,0.5323892,0.59457916,0.77727437,0.49999344,0.5980154,0.7260299,0.49170703,0.7400939,0.8778592,0.47668865,0.7342734,0.78708583,0.5212489,0.8575326,0.86518437,0.49843976,0.84216917,0.8421217,False,False,False,False,False,False,False,False,False,False,False,False,False,False
462,9.24,0.47392195,0.39147282,0.7802923,0.5029181,0.3901719,0.7577938,0.51861995,0.44204265,0.88599664,0.4780535,0.45162883,0.80698436,0.52399606,0.55308837,0.7023993,0.4791911,0.5427482,0.8504088,0.492862435,0.63151855,0.5881289,0.4692515,0.61916256,0.88789415,0.5330271,0.5994573,0.8832404,0.50287926,0.60062313,0.66386443,0.48923507,0.7389428,0.76411146,0.47471997,0.7297713,0.80745286,0.52107257,0.8622769,0.8322166,0.49881414,0.8446392,0.70868343,False,False,False,False,False,False,True,False,False,False,False,False,False,False
463,9.26,0.47422025,0.39915544,0.7156198,0.5028246,0.39589354,0.8238957,0.51685107,0.4521085,0.7086267,0.47773534,0.45913646,0.85202533,0.5247449,0.56158566,0.8369233,0.4794125,0.5496217,0.7400296,0.49061665,0.638055,0.5609659,0.46925363,0.624904,0.8856596,0.5365474,0.6051853,0.91241014,0.5089761,0.60747665,0.66505885,0.48766682,0.7367173,0.81446445,0.47329614,0.7308213,0.73259914,0.5214699,0.85909504,0.783713,0.4983192,0.8438231,0.7266646,False,False,False,False,False,False,True,False,False,False,False,False,False,False
464,9.28,0.4729768,0.40454176,0.78946745,0.50207716,0.40447426,0.7718117,0.516333,0.45847133,0.76990616,0.4763673,0.4698265,0.7843396,0.5233657,0.5689608,0.83623,0.47979444,0.56068444,0.75032,0.488370865,0.64459145,0.56469446,0.46922845,0.63378197,0.72389287,0.5384796,0.6105547,0.9049279,0.508302,0.6102424,0.81176674,0.4886975,0.7355546,0.7655233,0.471328795,0.7302029649999999,0.5438331,0.52201563,0.8600943,0.8179873,0.49838325,0.83901954,0.85622543,False,False,False,False,False,False,True,False,False,False,False,True,False,False
465,9.3,0.47346333,0.41155866,0.8017355,0.5016193,0.41317645,0.724712,0.516577,0.46512824,0.7711613,0.47739473,0.47503176,0.9065813,0.52214307,0.57671505,0.84476596,0.4801456,0.5641311,0.91398376,0.48612508,0.6511279,0.7427042,0.46838623,0.64034694,0.87876946,0.5396379,0.61743385,0.8780771,0.5088017,0.61552507,0.8143042,0.4879664,0.73776495,0.7535339,0.46936145,0.72958463,0.7555381,0.5220533,0.85967565,0.8904881,0.49791178,0.8387228,0.832214,False,False,False,False,False,False,False,False,False,False,False,False,False,False
466,9.32,0.4730793,0.41984865,0.70388067,0.5017455,0.42107788,0.87176466,0.51742524,0.4770627,0.64660525,0.47754955,0.48350665,0.8710633,0.52123165,0.5860825,0.74440664,0.4799113,0.571196,0.888001,0.48544517,0.662483615,0.57354414,0.46865356,0.6459207,0.8618912,0.54085433,0.62631893,0.8709824,0.5112293,0.6259127,0.7993199,0.48797804,0.7364439,0.8253386,0.4706181,0.73074716,0.6197355,0.52217233,0.8614655,0.89506733,0.49721333,0.83902407,0.76508075,False,False,False,False,False,False,True,False,False,False,False,False,False,False
467,9.34,0.4735045,0.42692238,0.80569434,0.5021086,0.42859802,0.84520876,0.5176143,0.48379675,0.8699203,0.47735536,0.49165148,0.6451088,0.5213883,0.5940858,0.85117936,0.47911018,0.58145714,0.6899704,0.48476526,0.67383933,0.6293345,0.46661717,0.6554029,0.8267498,0.54274327,0.63262063,0.8568331,0.5133022,0.6322916,0.758439,0.4873598,0.7358951,0.7361164,0.4685694,0.73186404,0.6082809,0.5226175,0.8600228,0.93454236,0.49752754,0.8384547,0.8315325,False,False,False,False,False,False,False,False,False,False,False,False,False,False
468,9.36,0.4731785,0.43471143,0.6842562,0.50147474,0.43538997,0.8529186,0.5176354,0.4916974,0.7872621,0.47803223,0.49990693,0.8000278,0.5208323,0.6026499,0.65733933,0.47861403,0.5904348,0.82950246,0.4830293,0.67910165,0.80093455,0.46717927,0.66316867,0.72865593,0.5443783,0.6379352,0.8677455,0.51263005,0.64015937,0.78399456,0.48768675,0.74010253,0.5900834,0.46986172,0.7317264,0.7032294,0.522024,0.8596116,0.83071536,0.4979129,0.8393384500000001,0.4888266,False,False,False,False,False,False,False,False,False,False,True,False,False,True
469,9.38,0.473888,0.44140628,0.79798234,0.502243,0.4426259,0.86928695,0.5182979,0.49863237,0.7685566,0.47675636,0.5063159,0.7292599,0.52059597,0.61078525,0.789186,0.479015,0.5967509,0.8337731,0.48239085,0.6857763,0.7616156,0.46781465499999997,0.670903985,0.58077383,0.5468271,0.6422611,0.94454235,0.51603365,0.643846,0.84005994,0.4880137,0.74430996,0.76322347,0.46995396,0.73152325,0.586979,0.5214678,0.86093,0.82157326,0.49829826,0.8402222,0.78152996,False,False,False,False,False,False,False,True,False,False,False,True,False,False
470,9.4,0.4750995,0.44666559,0.75458926,0.5033957,0.44852796,0.80652606,0.5193814,0.5049578,0.8525791,0.47764108,0.5129138,0.7592493,0.518653,0.6189368,0.88061917,0.479658,0.60225415,0.74832344,0.4819268,0.6900664,0.82526183,0.46845004,0.6786393,0.7536999,0.54782826,0.6472067,0.9114041,0.51740223,0.6492099,0.69422793,0.48768383,0.74181724,0.87228745,0.4700462,0.7313201,0.67303896,0.52022386,0.8587225,0.90938437,0.49620274,0.84196687,0.69617677,False,False,False,False,False,False,False,False,False,False,False,False,False,False
471,9.42,0.4758726,0.45235902,0.6204818,0.5037516,0.4551754,0.72688895,0.51991576,0.5112786,0.85167927,0.47753525,0.5191961,0.7206191,0.5177835,0.6246443,0.8560491,0.48055178,0.6083486,0.7695589,0.4810062,0.6935847,0.8460981,0.4690012,0.6834091,0.68587947,0.5493699,0.6491857,0.8720307,0.5191105,0.6525099,0.8098021,0.48962122,0.742388,0.85214037,0.47028905,0.7287142,0.718906,0.52040404,0.8579963,0.8735985,0.49773583,0.84143394,0.77657306,False,False,False,False,False,False,False,False,False,False,False,False,False,False
472,9.44,0.4771064,0.45752627,0.7967955,0.50479907,0.4613235,0.7468985,0.5213988,0.5151207,0.78036463,0.4783279,0.5244655,0.7824273,0.5179803,0.63055027,0.8537151,0.48102102,0.61243564,0.77125305,0.4814502,0.6962434,0.8117242,0.4685664,0.6915335,0.6107702,0.5501308,0.654579,0.8358566,0.519085,0.65868145,0.7676828,0.49009168,0.74064004,0.70279485,0.4697235,0.7274905,0.72572213,0.52140564,0.86132765,0.87676454,0.4975789,0.8429831,0.8396623,False,False,False,False,False,False,False,False,False,False,False,False,False,False
473,9.46,0.47833791999999997,0.46251412000000003,0.5818587,0.5058181,0.46690953,0.68345344,0.52159834,0.5208822,0.8467413,0.47865418,0.5283352,0.9162694,0.5173492,0.6354669,0.83910596,0.48222098,0.61612326,0.78958607,0.48079777,0.7004439,0.83786345,0.46956483,0.6938626,0.64152884,0.55253637,0.6576127,0.81319946,0.52229965,0.6609661,0.7556965,0.48959255,0.737539,0.65866625,0.47006226,0.727608,0.82238835,0.52028954,0.8630553,0.6961296,0.49789903,0.84540397,0.81361765,True,False,False,False,False,False,False,False,False,False,False,False,False,False
474,9.48,0.47956944,0.46750197,0.8179199,0.50686866,0.47252902,0.8113297,0.5226504,0.5264731,0.7467105,0.47965848,0.53006524,0.8473306,0.5161722,0.64118266,0.77844566,0.48288757,0.6187552,0.9123362,0.4812056,0.70115566,0.6588428,0.4709178,0.6948773,0.6730124,0.55188346,0.65607893,0.89998263,0.52087814,0.66061795,0.715816,0.49190193,0.7363158,0.769589,0.47107121500000004,0.726392,0.560575,0.52011013,0.86338127,0.8204758,0.498643,0.84431624,0.9139127,False,False,False,False,False,False,False,False,False,False,False,True,False,False
475,9.5,0.4809609,0.47220233,0.79915637,0.5081565,0.47652468,0.8647738,0.52346504,0.52938855,0.87834734,0.48213473,0.5321768,0.81313556,0.51690537,0.64358157,0.8598892,0.48366514,0.6225453,0.7222543,0.48080915,0.70381343,0.7302432,0.47121648666666666,0.6974139833333334,0.5417126,0.5527126,0.66349775,0.8133607,0.5229059,0.6649319,0.76125985,0.4915219,0.73490274,0.7233338,0.47208017,0.725176,0.7103191,0.5203677,0.8609992,0.9227138,0.496505,0.8428148,0.82243973,False,False,False,False,False,False,False,True,False,False,False,False,False,False
476,9.52,0.48288134,0.47618526,0.839794,0.5095399,0.4809605,0.6851408,0.52550626,0.53480303,0.84516734,0.48323116,0.53664845,0.8641497,0.5173689,0.6478304,0.849409,0.4848444,0.62438196,0.90287215,0.4808974,0.70428896,0.75380325,0.4715151733333333,0.6999506666666666,0.54016113,0.5537367,0.66572094,0.85365903,0.5245372,0.66611606,0.7967023,0.49242967,0.7351947,0.7810265,0.47299784,0.72372437,0.6575771,0.5198983,0.86308193,0.7947187,0.49758756,0.8440552,0.8416315,False,False,False,False,False,False,False,True,False,False,False,False,False,False
477,9.54,0.48431924,0.47754714,0.6805093,0.5110193,0.48318443,0.8911169,0.5267367,0.53881127,0.8161269,0.48379993,0.5377826,0.86529875,0.51735085,0.651216,0.8160116,0.4864834,0.6236657,0.753258,0.481590215,0.70510271,0.5446604,0.47181386,0.70248735,0.65660506,0.5545634,0.66855896,0.82301223,0.52569073,0.66815865,0.80234355,0.492683385,0.7364449,0.51468974,0.47196978,0.7231823,0.6538424,0.51897866,0.86297923,0.70207703,0.49826854,0.84279686,0.9265359,False,False,False,False,False,False,True,False,False,False,True,False,False,False
478,9.56,0.48638257,0.48139197,0.7774203,0.5125001,0.4848491,0.81837815,0.52851826,0.5417243,0.81998706,0.4859913,0.5389388,0.8970535,0.519009,0.65295625,0.83786404,0.48793498,0.62483114,0.67021567,0.48228303,0.70591646,0.69786966,0.47326672,0.7007483,0.6447229,0.55370915,0.66785824,0.9143815,0.52415025,0.6676612,0.7277012,0.4929371,0.7376951,0.758843,0.47232507,0.7215699149999999,0.5764699,0.5212772,0.8612458,0.94385695,0.49817637,0.8435871,0.9416791,False,False,False,False,False,False,False,False,False,False,False,True,False,False
479,9.58,0.487741425,0.48269266,0.54656714,0.51441014,0.48575875,0.83078283,0.529421,0.5443129,0.7666958,0.4879493,0.5394,0.9355626,0.5201429,0.6536404,0.88793397,0.48869982,0.62546784,0.80263406,0.4824296,0.7045462,0.61075723,0.47343788,0.69954175,0.67335737,0.5550147,0.67205507,0.80642384,0.5258964,0.6692134,0.7866114,0.49363034,0.736857175,0.51704973,0.47268036,0.71995753,0.70893914,0.51973355,0.86241806,0.8092217,0.4979923,0.8420956,0.9295498,True,False,False,False,False,False,False,False,False,False,True,False,False,False
480,9.6,0.48910028,0.48399335,0.7955792,0.5159736,0.48734814,0.9062069,0.5318738,0.54437876,0.79966176,0.4897594,0.5404664,0.87768215,0.5220762,0.65490776,0.78255475,0.49055043,0.6253454,0.89465445,0.48323557,0.70471543,0.60409784,0.47399307999999996,0.7000977399999999,0.5792006,0.5558314,0.6702925,0.8803579,0.5264239,0.670583865,0.57308817,0.49432358,0.73601925,0.6064438,0.47369608,0.72183436,0.70552105,0.5213578,0.85979617,0.84549975,0.49985534,0.84325135,0.7746437,False,False,False,False,False,False,False,True,False,True,False,False,False,False
481,9.62,0.49104443,0.48530048,0.80423295,0.51728535,0.48744932,0.8382162,0.5338541,0.5450235,0.86513674,0.49179718,0.54148394,0.90588605,0.5242553,0.6551513,0.8498231,0.49147555,0.62672144,0.79092944,0.4841021,0.70411736,0.6096963,0.47454828,0.70065373,0.6118021,0.55649865,0.6743164,0.87251985,0.5269514,0.67195433,0.82173574,0.494799,0.7374168,0.7808115,0.4742587,0.7210224,0.70469385,0.5221924,0.8606383,0.9398405,0.49955857,0.8444065,0.8399695,False,False,False,False,False,False,False,False,False,False,False,False,False,False
482,9.64,0.4930040533333333,0.4855174533333333,0.58610433,0.52009237,0.4862886,0.76560545,0.53611207,0.5447535,0.7985687,0.49357364,0.54122,0.9289526,0.5260139,0.65407413,0.90341,0.49251930499999996,0.62723792,0.59912115,0.48454446,0.7025775,0.63634396,0.4756697,0.69925696,0.6832671,0.5574114,0.6694528,0.849211,0.52612466,0.66820985,0.7549715,0.49446213,0.73442256,0.70829433,0.47471836,0.7244126,0.7423023,0.5217824,0.85962516,0.77965176,0.50019777,0.84415984,0.8155391,True,False,False,False,False,True,False,False,False,False,False,False,False,False
483,9.66,0.4949636766666667,0.48573442666666666,0.56656724,0.5218114,0.4864384,0.85956246,0.53734964,0.545405,0.77871037,0.49576676,0.5411753,0.938874,0.52695155,0.654074,0.7670103,0.49356306,0.6277544,0.8477785,0.4853708,0.70201313,0.61102885,0.47621673,0.6995369,0.6006292,0.5579853,0.67582047,0.829605,0.52640754,0.6728205,0.7589947,0.4952738,0.73523617,0.7645031,0.47559699499999997,0.7236881,0.5873171,0.52179664,0.86024475,0.9068394,0.49919182,0.8428956,0.9213159,True,False,False,False,False,False,False,False,False,False,False,True,False,False
484,9.68,0.4969233,0.4859514,0.7876297,0.52417916,0.48599288,0.6140827,0.5395304,0.54506856,0.9074827,0.4978399,0.5405334,0.9026019,0.52977455,0.6521522,0.898204,0.49462873,0.62864476,0.7663535,0.48620397,0.69962883,0.6429263,0.477667495,0.6977571149999999,0.5626396,0.56048834,0.6704931,0.916107,0.52993715,0.6716016,0.694915,0.49511683,0.7314243,0.7893935,0.47647563,0.7229636,0.8053972,0.5211498,0.85986423,0.87816095,0.49989617,0.84467095,0.88674104,False,False,False,False,False,False,False,True,False,False,False,False,False,False
485,9.7,0.49871913,0.48536387,0.79668206,0.5252409,0.48718205,0.8633721,0.5416409,0.5443199,0.8023009,0.5000446,0.5406649,0.86559165,0.5316461,0.6531066,0.79243165,0.4960661,0.6277589,0.83398294,0.4880748,0.69788706,0.65702987,0.47911826,0.69597733,0.6250414,0.5631649,0.67389053,0.9211952,0.5291106,0.67403054,0.77924603,0.49311578,0.72679746,0.7430785,0.4764991,0.72180957,0.75507665,0.52107084,0.85705644,0.8044769,0.49936363,0.8428976,0.9117773,False,False,False,False,False,False,False,False,False,False,False,False,False,False
486,9.72,0.5004518,0.4865222,0.8348318,0.52658087,0.48698443,0.8346298,0.54351604,0.5429255,0.918511,0.5019439,0.54192114,0.9282408,0.53376,0.6505256,0.90061927,0.4974373,0.62846285,0.6153758,0.48784125,0.69601876,0.6551788,0.47975226000000004,0.6946796625,0.5513955,0.5620824,0.671561,0.88492125,0.52963436,0.672157,0.7258046,0.4954445,0.7276323,0.7420799,0.47733575,0.72209346,0.82088286,0.5204405,0.8587866,0.74617124,0.4997699,0.844042,0.8947702,False,False,False,False,False,False,False,True,False,False,False,False,False,False
487,9.74,0.50212645,0.48534973000000003,0.52463305,0.529519,0.48460037,0.87722135,0.5461348,0.54336727,0.8912684,0.50364345,0.5407058,0.90050435,0.53496075,0.65069556,0.7948857,0.49857697,0.6284636,0.72066015,0.4903611,0.6956231,0.63562125,0.48038626,0.693381995,0.5817697,0.5641037,0.6720171,0.9356504,0.53063947,0.67204946,0.6727832,0.49516168,0.7247172,0.7185686,0.47635365,0.71773255,0.8454825,0.5208592,0.85767597,0.7569128,0.49944177,0.8431731,0.92560863,True,False,False,False,False,False,False,True,False,False,False,False,False,False
488,9.76,0.5038011,0.48417726,0.6514689,0.53112584,0.48489413,0.82882667,0.5478316,0.5428144,0.9054572,0.505469,0.54003483,0.9174816,0.53721863,0.6501272,0.83972114,0.499526,0.6269711,0.63996965,0.4908141,0.69433415,0.69832504,0.48102026,0.6920843274999999,0.52378285,0.56288743,0.67219406,0.90273744,0.53042567,0.6703639,0.7480861,0.49419293,0.72574306,0.69160897,0.47549778,0.7155429,0.8222944,0.52086633,0.8563241,0.88746506,0.49899578,0.8428583,0.92876804,False,False,False,False,False,False,False,True,False,False,False,False,False,False
489,9.78,0.5046044,0.4849949,0.8190534,0.5317736,0.48422924,0.7067206,0.5495355,0.5423604,0.82330793,0.5078008,0.5398235,0.9208817,0.53986603,0.6490268,0.7267406,0.5008233,0.6265838,0.76416624,0.49472767,0.69521475,0.6789977,0.48165426,0.69078666,0.7484501,0.56486714,0.67506665,0.90790564,0.53286964,0.6736207,0.8162491,0.49396312,0.72531456,0.67761827,0.475376,0.71674556,0.8658885,0.5206656,0.85601753,0.9075204,0.4991242,0.8424888,0.9402745,False,False,False,False,False,False,False,False,False,False,False,False,False,False
490,9.8,0.5064876,0.4857263,0.85072005,0.5335124,0.48434144,0.8052177,0.55134404,0.542085,0.7791496,0.50984323,0.5395736,0.91788805,0.5419509,0.64910114,0.92487586,0.50234985,0.62753344,0.8975572,0.49607095,0.6928632,0.7370199,0.48309007,0.68854564,0.6562399,0.5642053,0.6748922,0.9023137,0.5321943,0.6737606,0.7220836,0.49525017,0.72683954,0.6667561,0.47565207,0.72302914,0.80708534,0.52073056,0.85704464,0.8717427,0.49846345,0.84294575,0.83550316,False,False,False,False,False,False,False,False,False,False,False,False,False,False
491,9.82,0.5089654,0.48320752,0.76837975,0.5360952,0.48273122,0.80192673,0.5524713,0.5416225,0.86966014,0.5112126,0.53893876,0.86220276,0.5423115,0.6468598,0.87628585,0.5038698,0.62692875,0.8069103,0.49710095,0.6933315,0.7446834,0.48523533,0.68685144,0.6284871,0.56530887,0.6708896,0.9281923,0.5341571,0.67130363,0.7341865,0.49610153,0.7283174,0.73187745,0.47720498,0.7226674,0.8057425,0.5197148,0.85720307,0.93876517,0.4982509,0.843868,0.8954443,False,False,False,False,False,False,False,False,False,False,False,False,False,False
492,9.84,0.51036304,0.48263657,0.6265952,0.5374407,0.48336086,0.79726756,0.5543551,0.54117244,0.8964005,0.51217884,0.5389998,0.9321242,0.5449354,0.64714605,0.8691655,0.5045523,0.6253709,0.8982859,0.49868914,0.69219595,0.7690758,0.48453948,0.6876061,0.6608529,0.5649048,0.6708312,0.9001672,0.53247535,0.6707237,0.7904383,0.4962707,0.72845876,0.83785695,0.47630316,0.72103816,0.889925,0.51972175,0.85657585,0.9328604,0.49899486,0.84394836,0.9400815,False,False,False,False,False,False,False,False,False,False,False,False,False,False
493,9.86,0.5117327,0.4834398,0.7806148,0.5375614,0.48381686,0.81086165,0.5564086,0.54034567,0.827814,0.51309055,0.5396259,0.91706365,0.5470152,0.64620745,0.743244,0.5059146,0.62490064,0.8550568,0.500763,0.69136196,0.8199793,0.48569372,0.6849611,0.6815572,0.56553394,0.67303085,0.9044103,0.53401154,0.671933,0.82519865,0.49506146,0.72694886,0.69254094,0.4762933,0.71975154,0.8472147,0.5206824,0.857062,0.923647,0.49960813,0.8443034,0.925151,False,False,False,False,False,False,False,False,False,False,False,False,False,False
494,9.88,0.5131304866666667,0.48337208,0.5972021,0.5394548,0.48309427,0.7111205,0.557572,0.54065377,0.83075386,0.5142726,0.53972846,0.9109986,0.54833525,0.6461498,0.8672708,0.5066375,0.6257589,0.86194026,0.5015845,0.691772,0.68120843,0.48535988,0.683143,0.8156777,0.56508726,0.67188483,0.8869047,0.5340226,0.6717605,0.8069908,0.49527115,0.728845,0.69933075,0.47585657,0.72104484,0.85635436,0.5213676,0.85581166,0.9489996,0.49934566,0.84403133,0.95161974,True,False,False,False,False,False,False,False,False,False,False,False,False,False
495,9.9,0.5145282733333333,0.48330436,0.58450806,0.5409438,0.48326528,0.77676207,0.5585753,0.54017496,0.8926879,0.5147704,0.53912544,0.8991027,0.5507449,0.64576983,0.6350275,0.50735515,0.6229203,0.8701823,0.502955,0.69088334,0.7378591,0.48556545,0.684851,0.6247487,0.56575763,0.67065406,0.94617844,0.5347122,0.6705706,0.8014836,0.49545833,0.7279177,0.72880244,0.47665584,0.7212426,0.7873042,0.5210427,0.85638505,0.9491442,0.4991206,0.8423012,0.95324224,True,False,False,False,False,False,False,False,False,False,False,False,False,False
496,9.92,0.51592606,0.48323664,0.6992943,0.54204017,0.483022,0.7837628,0.5594713,0.54001135,0.91434604,0.5159632,0.5392792,0.91943353,0.55172145,0.6453676,0.67567974,0.5079009,0.6233845,0.8847002,0.5044559,0.689414,0.7901049,0.4865836,0.6813311,0.81585586,0.56650716,0.6713791,0.8878357,0.534988,0.6722466,0.84007925,0.49576074,0.72837085,0.7305473,0.47669947,0.7222126,0.80516946,0.5215361,0.85655254,0.92437893,0.5003507,0.8431444,0.9443227,False,False,False,False,False,False,False,False,False,False,False,False,False,False
497,9.94,0.5173005,0.4829136,0.7819456,0.54367703,0.4828089,0.8142303,0.56006414,0.5403083,0.91061264,0.516736,0.5391448,0.91441095,0.5529829,0.645344,0.72108805,0.5087223,0.6231706,0.90911186,0.5054871,0.6914568,0.83147204,0.487383,0.68015105,0.78671396,0.5669893,0.6718548,0.872653,0.5341154,0.6714647,0.7327752,0.4951325,0.7293684,0.64127105,0.47613093,0.7193065,0.87377316,0.5209337,0.85616153,0.9357164,0.4987109,0.84245527,0.9533139,False,False,False,False,False,False,False,False,False,False,False,False,False,False
498,9.96,0.5183009,0.48305687,0.7340179,0.54416746,0.48302397,0.7216601,0.5617153,0.5396941,0.7570395,0.51734877,0.5394787,0.9223118,0.5534879,0.6443981,0.85433376,0.50915843,0.6212073,0.89939624,0.50574476,0.69075876,0.66064245,0.48795953,0.67931026,0.7748191,0.56716156,0.6719453,0.87720823,0.5346161,0.6734513,0.8275098,0.4956892,0.7293511,0.6810439,0.4766536,0.7196951,0.87778896,0.52115226,0.85562724,0.9462872,0.49919176,0.8433046,0.9432131,False,False,False,False,False,False,False,False,False,False,False,False,False,False
499,9.98,0.5192512499999999,0.48213136,0.4871658,0.54527634,0.4833154,0.7381405,0.56271464,0.54006374,0.7828077,0.517801,0.53992736,0.8361784,0.55442536,0.6437263,0.86682093,0.50934166,0.6213284,0.8715685,0.5058702,0.69091886,0.60071576,0.48947334,0.679187,0.65665966,0.567629,0.671954,0.8477604,0.5346825,0.67323494,0.8127042,0.4959183,0.7300986,0.64004767,0.47618148,0.7223037,0.6635311,0.52144593,0.8548722,0.94358367,0.4995266,0.84290177,0.8419588,True,False,False,False,False,False,False,False,False,False,False,False,False,False
500,10.0,0.5202016,0.48120585,0.7065108,0.5466515,0.4826811,0.74780625,0.5636257,0.54007804,0.82862425,0.51814085,0.53960925,0.82263905,0.5543556,0.644874,0.88287485,0.5097012,0.62151283,0.88307875,0.5062378,0.69084656,0.61850935,0.48969045,0.6795823,0.67023134,0.56811625,0.6735169,0.8827775,0.5351427,0.67436004,0.83169216,0.4965288,0.7285709,0.6313516,0.47721574,0.7174543,0.86824673,0.52229875,0.8559617,0.9404258,0.4996496,0.8419617,0.9057869,False,False,False,False,False,False,False,False,False,False,False,False,False,False
501,10.02,0.52130926,0.48158017,0.66261,0.5471775,0.48213005,0.7291802,0.5640328,0.53997856,0.8147686,0.5193508,0.5396101,0.87116724,0.5551416,0.64460945,0.8563655,0.50991154,0.62259036,0.8915327,0.5071172,0.6883145,0.79721296,0.48998,0.6778968,0.8417357,0.5686291,0.67363465,0.85059106,0.5359231,0.6737811,0.7757213,0.4964121,0.72972405,0.6431017,0.4770218,0.7160269,0.85113263,0.5212811,0.8575551,0.90933883,0.49937928,0.8428565,0.9106162,False,False,False,False,False,False,False,False,False,False,False,False,False,False
502,10.04,0.5220544,0.48190346,0.67825675,0.5481252,0.48215604,0.7607017,0.5645054,0.539818,0.8055852,0.519703,0.5396042,0.85201925,0.55539286,0.64462763,0.8227523,0.51019347,0.62136596,0.8384654,0.5074421,0.6884031,0.76419026,0.49105597,0.67816454,0.6354116,0.56902826,0.674662,0.8827061,0.53608173,0.6739807,0.79320675,0.496861935,0.72926405,0.55153626,0.47616056,0.7175849,0.8741921,0.52167606,0.85673314,0.9230235,0.49936134,0.8419361,0.9353592,False,False,False,False,False,False,False,False,False,False,True,False,False,False
503,10.06,0.5224537,0.48238966,0.7266496,0.5490428,0.481814,0.70888793,0.56546474,0.5401534,0.84527844,0.51995575,0.53982073,0.8600473,0.5557884,0.6444123,0.8330781,0.51018345,0.62240463,0.86404026,0.50756174,0.68767273,0.7596368,0.490231,0.67817426,0.834425,0.5707192,0.67546463,0.86698556,0.53772235,0.67529815,0.8028248,0.49731177,0.72880405,0.6184453,0.47612363,0.71723443,0.68650013,0.52326876,0.8569472,0.9229912,0.49971095,0.84243166,0.90717036,False,False,False,False,False,False,False,False,False,False,False,False,False,False
504,10.08,0.52340525,0.4821479,0.6720587,0.5495213000000001,0.48201819,0.56439567,0.5660756,0.5395164,0.7461493,0.52029455,0.5392603,0.79233253,0.5557478,0.64524,0.6799586,0.5106466,0.62290347,0.8114441,0.5085657,0.6872291,0.69899356,0.49020606,0.67708206,0.69826555,0.5703924,0.6759725,0.8592789,0.5358282,0.67469436,0.7463741,0.49768155999999997,0.7279537,0.5978814,0.47741172,0.7157565,0.87540966,0.52271175,0.85750127,0.9558409,0.49870887,0.8404923,0.87244546,False,True,False,False,False,False,False,False,False,False,True,False,False,False
505,10.1,0.5235616,0.483334,0.8422415,0.5499998,0.48222238,0.8029197,0.56623805,0.53997904,0.83846563,0.5210077,0.5396771,0.8922518,0.55556625,0.6436697,0.7206322,0.5104371,0.6222157,0.93730736,0.50764525,0.6879366,0.7507673,0.49168795,0.6767824,0.82667094,0.57055587,0.67479664,0.9400132,0.5373551,0.6737724,0.7186978,0.49805135,0.72710335,0.62675166,0.4775394,0.7180463,0.71913546,0.5226242,0.85908294,0.94315106,0.49922568,0.842491,0.790042,False,False,False,False,False,False,False,False,False,False,False,False,False,False
506,10.12,0.5239272,0.48273066,0.7251551,0.55070555,0.48229942,0.71005654,0.56689847,0.54030335,0.8350007,0.5215776,0.53890526,0.85419047,0.5555077,0.6442459,0.69069374,0.5105221,0.62234265,0.9266819,0.5089207,0.688647,0.7890331,0.49070892,0.6767616,0.71786267,0.57075286,0.67499816,0.86608386,0.5370721,0.6741254,0.75619084,0.4981184,0.72973514,0.6185215,0.47794867,0.7152855,0.86755943,0.52250284,0.8573013,0.93868625,0.4987494,0.84167075,0.88219947,False,False,False,False,False,False,False,False,False,False,False,False,False,False
507,10.14,0.5248149,0.483939,0.8505943,0.55090237,0.48264408,0.8445424,0.56712586,0.539581,0.8439801,0.5218527,0.5394833,0.88945633,0.5554672,0.6435788,0.6743647,0.51085943,0.62164825,0.80184364,0.5087176,0.6875856,0.72474504,0.49089307,0.6781616,0.8415087,0.57095486,0.67487746,0.8444181,0.53760356,0.6745245,0.7501615,0.4979421,0.7291867,0.63563335,0.47743,0.7174574,0.71082634,0.52281696,0.85821736,0.9425163,0.49904725,0.8405458,0.8787631,False,False,False,False,False,False,False,False,False,False,False,False,False,False
508,10.16,0.524882,0.4836767,0.8200225,0.55124706,0.48222855,0.7370233,0.56727004,0.54009527,0.82357115,0.5223498,0.5392972,0.8776508,0.55537603,0.64359452,0.5674412,0.5109844,0.62184155,0.91731995,0.50897324,0.6873429,0.692444,0.49130154,0.67776567,0.82105035,0.5709454,0.6759333,0.8559979,0.5373816,0.67447025,0.73980576,0.49750075,0.731756,0.60268503,0.47846538,0.7171925,0.87701577,0.522504,0.85757095,0.94847643,0.49944785,0.84214646,0.9170601,False,False,False,False,True,False,False,False,False,False,False,False,False,False
509,10.18,0.5260199,0.48466757,0.78467363,0.5515852,0.4829375,0.83036196,0.56763875,0.53931123,0.85330606,0.5223457,0.53878146,0.88808405,0.55528486,0.64361024,0.8718776,0.5105635,0.62228614,0.92286634,0.50840896,0.6876708,0.70985204,0.4914397,0.67799026,0.83833224,0.5710768,0.67616767,0.94345033,0.5375671,0.6752498,0.7508471,0.49764767,0.7307178,0.62237525,0.4774515,0.7185484,0.6892295,0.5229651,0.85689926,0.9511457,0.49909967,0.84006643,0.9005618,False,False,False,False,False,False,False,False,False,False,False,False,False,False
510,10.2,0.5257699,0.4840288,0.7748706,0.55178326,0.48282483,0.8558786,0.5677561,0.5403958,0.8530053,0.5229336,0.53907585,0.90337324,0.55514747,0.6429347,0.7855141,0.5106131,0.62216514,0.92177546,0.50848246,0.6880193,0.7331156,0.49209753,0.6774873,0.82356006,0.57042515,0.6762859,0.93643034,0.537712,0.6749121,0.7291239,0.49788618,0.73015726,0.65171456,0.47821823,0.72122926,0.7187986,0.52220166,0.8590306,0.95321643,0.49870077,0.8400424,0.88485885,False,False,False,False,False,False,False,False,False,False,False,False,False,False
511,10.22,0.5267207,0.4844496,0.64922583,0.55200756,0.48331106,0.8216411,0.5676291,0.53913647,0.85049707,0.5229174,0.53887683,0.90560573,0.5548418,0.6425579,0.7889863,0.5110533,0.6211321,0.93069774,0.50844157,0.6878112,0.7366377,0.492375,0.67714256,0.8394444,0.57089436,0.6759082,0.94173425,0.5379693,0.6746826,0.7338665,0.49822518,0.7303537,0.69432235,0.4782678,0.72133076,0.7310854,0.52220553,0.85839385,0.95070755,0.49980995,0.8407353,0.8930065,False,False,False,False,False,False,False,False,False,False,False,False,False,False
512,10.24,0.52641815,0.4845436,0.76218504,0.55212235,0.48298877,0.8317018,0.5681156,0.5395383,0.8679178,0.5230299,0.5388201,0.89882165,0.554257,0.64192766,0.7519791,0.5108594,0.62181824,0.9318051,0.50825775,0.6877691,0.68305945,0.49211407,0.67752314,0.82594264,0.5710745,0.67543316,0.94116265,0.53807217,0.67447835,0.7359824,0.4977035,0.7311175,0.62307966,0.47754467,0.719253,0.69090533,0.5221492,0.8581242,0.94947433,0.49927208,0.8396758,0.91358525,False,False,False,False,False,False,False,False,False,False,False,False,False,False
513,10.26,0.52666104,0.4845238,0.7453586,0.5522713,0.48276752,0.8229745,0.568161,0.5394729,0.86604136,0.52332264,0.538345,0.89790654,0.5534613,0.6419936,0.84465116,0.51100445,0.6219396,0.934162,0.50746816,0.68882966,0.7634045,0.49166825,0.6781365,0.8458614,0.5707844,0.6752314,0.93999726,0.5375631,0.6744685,0.75755364,0.4975331,0.7322544,0.60184354,0.47787645,0.7183926,0.86297536,0.5227387,0.8573504,0.9479052,0.4990373,0.84009147,0.8873784,False,False,False,False,False,False,False,False,False,False,False,False,False,False
514,10.28,0.52730334,0.483792,0.7239053,0.5523484,0.4824235,0.7971569,0.5679989,0.53899074,0.8771719,0.5231689,0.5387131,0.9153977,0.5538111,0.64162236,0.7753016,0.51096946,0.62156683,0.92740023,0.50792825,0.68835866,0.67406845,0.49190378,0.67744064,0.86695546,0.5703027,0.675328,0.93847954,0.5366915,0.6737542,0.72217906,0.49726525,0.7313284,0.6334664,0.47705454,0.7209073,0.69717824,0.5221937,0.8580442,0.9533564,0.49949205,0.8404295,0.89562595,False,False,False,False,False,False,False,False,False,False,False,False,False,False
515,10.3,0.5271086,0.48421806,0.7779448,0.55252925,0.4822346,0.5408535,0.5677268,0.5386449,0.89057344,0.5231931,0.53833854,0.9129853,0.5539987,0.6411734,0.7706925,0.5112864,0.62070274,0.93096834,0.5068702,0.69199187,0.67878366,0.49177843,0.67754745,0.8691382,0.57147,0.6765806,0.8633299,0.5384047,0.67533535,0.77073,0.49859673,0.7310191,0.68506986,0.47726783,0.71984005,0.7327958,0.52307755,0.85924554,0.9271985,0.50026876,0.8434877,0.831432,False,True,False,False,False,False,False,False,False,False,False,False,False,False
516,10.32,0.5278022,0.48388276,0.69064254,0.5527101,0.4820457,0.79864764,0.568381,0.5390319,0.83733046,0.52359825,0.5388751,0.9045528,0.5538895,0.6396681,0.799196,0.51117957,0.6217276,0.9189124,0.50859123,0.6885893,0.67506087,0.4912792,0.6781993,0.8186446,0.5709366,0.67719203,0.93429804,0.5377511,0.6757998,0.74107736,0.498191475,0.7311235,0.5959706,0.47730368,0.7207016,0.64367986,0.5220836,0.8566025,0.8849406,0.49796396,0.8408062,0.85830057,False,False,False,False,False,False,False,False,False,False,True,False,False,False
517,10.34,0.5280623,0.48432052,0.78361833,0.5527929333333333,0.48194059,0.5313334,0.56828654,0.5390643,0.8558427,0.52337766,0.5389798,0.9017472,0.5536466,0.6403167,0.8199961,0.5110734,0.6216161,0.9236375,0.50786704,0.6889947,0.6802768,0.49132422,0.6787741,0.8300349,0.5701579,0.6765661,0.92194986,0.5373055,0.67478037,0.71143645,0.49778622,0.7312279,0.6285861,0.47724885,0.72165334,0.68708044,0.5226161,0.8567552,0.91790444,0.49861684,0.84072167,0.8753479,False,True,False,False,False,False,False,False,False,False,False,False,False,False
518,10.36,0.5280257,0.48410034,0.8207701,0.5528757666666666,0.48183548000000004,0.53273433,0.5678488,0.53849214,0.86728746,0.52336776,0.5386694,0.90985346,0.5540141,0.6393718,0.8701958,0.5110854,0.6207621,0.9385725,0.50779736,0.6886375,0.69815934,0.4911761,0.6781295,0.84138525,0.5711756,0.67611927,0.9349291,0.5381645,0.67490613,0.7277033,0.49774614,0.7300545,0.6642788,0.47710985,0.72064817,0.69876784,0.5226267,0.8599743,0.94903755,0.4998553,0.8418176,0.8800217,False,True,False,False,False,False,False,False,False,False,False,False,False,False
519,10.38,0.52771693,0.48374882,0.7224547,0.5529586,0.48173037,0.7434566,0.56855136,0.53853077,0.8621593,0.52357227,0.538153,0.9022868,0.55349624,0.63891697,0.8231735,0.51119703,0.6210768,0.92467153,0.50856626,0.6886429,0.6627515,0.49107188,0.6774485,0.8112744,0.5705179,0.67698616,0.86535776,0.53665924,0.67513907,0.727116,0.4980865,0.73229796,0.6514997,0.47716084,0.72037005,0.63492405,0.5223506,0.8564327,0.87509066,0.4998764,0.84024686,0.8760208,False,False,False,False,False,False,False,False,False,False,False,False,False,False
520,10.4,0.52837557,0.48421383,0.7842335,0.5541748,0.48137116,0.66020215,0.56803334,0.5398631,0.86620086,0.52401984,0.5394391,0.7640483,0.5541561,0.63846403,0.8550936,0.511158,0.61999995,0.93494916,0.5073726,0.6892362,0.6802794,0.4912516,0.67786694,0.8293848,0.5709045,0.67627835,0.9218998,0.53865,0.67406267,0.6821613,0.4984173,0.7306611,0.6837841,0.47801983,0.72108704,0.72177935,0.522257,0.856906,0.8943059,0.499046,0.8410181,0.87940484,False,False,False,False,False,False,False,False,False,False,False,False,False,False
521,10.42,0.5280411,0.48275247,0.64558864,0.55351233,0.48184285,0.7338858,0.5684178,0.5388896,0.85335314,0.5235599,0.53835607,0.88067824,0.55320203,0.6390725,0.79638684,0.5111972,0.6206506,0.9178762,0.50837815,0.69071996,0.7453806,0.4901986,0.6761062,0.86936545,0.5704983,0.67732304,0.86136687,0.5368,0.6751458,0.7496745,0.49753234,0.7332557,0.7412174,0.47665793,0.71844774,0.8665805,0.52196985,0.85692376,0.9402758,0.49904692,0.8400411,0.9221767,False,False,False,False,False,False,False,False,False,False,False,False,False,False
522,10.44,0.5282854,0.4834553,0.8178955,0.5545992,0.4805898,0.68658245,0.5679079,0.53867334,0.86931294,0.5234264,0.5381768,0.7527932,0.55348355,0.63735497,0.8489566,0.51078635,0.6205313,0.9431365,0.5074017,0.6893305,0.68988794,0.4904585,0.678239,0.83471483,0.5710378,0.6759378,0.9259727,0.53856975,0.67405844,0.67683476,0.49823868,0.73018944,0.69577205,0.47803774,0.7196155,0.7257096,0.52227706,0.8570889,0.88262534,0.49884,0.8415681,0.88319457,False,False,False,False,False,False,False,False,False,False,False,False,False,False
523,10.46,0.52846926,0.4824198,0.68074983,0.5543091499999999,0.48028214,0.58983684,0.56806284,0.5397403,0.81014055,0.52395564,0.5395376,0.90698963,0.553168,0.63818777,0.76286805,0.51065433,0.621589,0.9060877,0.5080845,0.690823,0.72664493,0.49039358,0.6778712,0.77720004,0.570012,0.67638206,0.8705446,0.5368073,0.6747412,0.72910136,0.49848875,0.7336168,0.7699491,0.47669104,0.71837056,0.85387504,0.52197814,0.85739297,0.9415447,0.49932158,0.84028965,0.9047267,False,True,False,False,False,False,False,False,False,False,False,False,False,False
524,10.48,0.5282777,0.48312125,0.8254476,0.5540191,0.47997448,0.78597695,0.56760544,0.538772,0.86274827,0.5231656,0.5383337,0.70131665,0.553635,0.6379723,0.8561265,0.5107042,0.6205377,0.9333525,0.5079799,0.68915766,0.7202745,0.49041042,0.67719895,0.7981298,0.5697359,0.67726105,0.9347845,0.53677404,0.675072,0.72772235,0.49735555,0.73227674,0.6783866,0.4765598,0.71974117,0.6422334,0.52254593,0.85980344,0.94710004,0.50007045,0.8427784,0.8478321,False,False,False,False,False,False,False,False,False,False,False,False,False,False
525,10.5,0.52831674,0.48224017,0.7935043,0.55418185,0.47939049,0.57995903,0.56768584,0.54077315,0.8550041,0.52419704,0.540493,0.78267473,0.55341685,0.6381885,0.8314291,0.5107482,0.62071544,0.9352077,0.5070193,0.69058853,0.6780265,0.4905863,0.6777344,0.79359406,0.5700044,0.6772483,0.92047787,0.5385434,0.67454904,0.6732756,0.49821797,0.7301772,0.6884154,0.47787613,0.71798503,0.72005045,0.5222317,0.8574538,0.8783039,0.49892977,0.8409704,0.8991807,False,True,False,False,False,False,False,False,False,False,False,False,False,False
526,10.52,0.528460085,0.482319885,0.59308004,0.5543446,0.4788065,0.7729356,0.56789416,0.5389437,0.8413313,0.5234407,0.53898764,0.8717104,0.5525481,0.63893956,0.8013063,0.5109567,0.6206961,0.9389517,0.50783706,0.6904276,0.73483413,0.49009317,0.6762033,0.8648945,0.5706575,0.67781943,0.8694887,0.5370719,0.67513764,0.77022254,0.49796587,0.7329243,0.7765729,0.47654468,0.7158877,0.8675381,0.52168196,0.8577675,0.94919974,0.4988786,0.84053934,0.92610985,True,False,False,False,False,False,False,False,False,False,False,False,False,False
527,10.54,0.52860343,0.4823996,0.84771883,0.554347385,0.47914638750000005,0.59097433,0.5678669,0.5381263,0.8694158,0.5226857,0.53841424,0.7094425,0.5528694,0.6381031,0.81417847,0.5108717,0.6203891,0.9487512,0.5076363,0.6895394,0.69388795,0.49078366,0.67693627,0.76895076,0.5715182,0.6780523,0.935993,0.5385363,0.67575336,0.73752266,0.49724796,0.73061025,0.67466533,0.4769418,0.7197962,0.679806,0.5224555,0.857519,0.89569473,0.49941272,0.84152865,0.86595863,False,True,False,False,False,False,False,False,False,False,False,False,False,False
528,10.56,0.528735,0.4825664,0.8147738,0.55435017,0.479486275,0.5746743,0.56834656,0.53780663,0.8249277,0.5233914,0.5383986,0.91733015,0.55297035,0.6381926,0.72726995,0.5109294,0.62081444,0.9331148,0.507924,0.69132656,0.7518456,0.4906293,0.67737335,0.7471888,0.5710335,0.67698985,0.93017673,0.5377547,0.67522043,0.7427972,0.49809828,0.730668,0.6789137,0.4758386,0.71774834,0.6525646,0.52251005,0.8569275,0.92667717,0.49872512,0.8397663,0.8381375,False,True,False,False,False,False,False,False,False,False,False,False,False,False
529,10.58,0.52873355,0.4822959,0.7757054,0.5543529549999999,0.4798261625,0.598331,0.56782097,0.5393145,0.81736326,0.5237639,0.5396561,0.9157659,0.5530188,0.63844967,0.76669145,0.510739,0.6214058,0.92495763,0.50779283,0.6893438,0.6392296,0.49078554,0.6774635,0.7734927,0.5705563,0.6781027,0.71897775,0.53788143,0.67603654,0.7300459,0.49745786,0.7321177,0.65581375,0.4765558,0.72021866,0.66172653,0.5223212,0.85720444,0.9146555,0.49983513,0.8413229,0.86130947,False,True,False,False,False,False,False,False,False,False,False,False,False,False
530,10.6,0.52872974,0.48186904,0.81842095,0.55435574,0.48016605,0.731992,0.5681115,0.53845394,0.85940105,0.5231156,0.5391286,0.904073,0.552755,0.6384676,0.8031785,0.5107951,0.62158936,0.940389,0.5074079,0.68982637,0.64930004,0.49066135,0.67707145,0.72882354,0.5710295,0.6776485,0.9361323,0.53785884,0.6753373,0.7209101,0.4973212,0.73092335,0.6689493,0.47644663,0.7199514,0.65104914,0.5225317,0.8570272,0.9192497,0.50075424,0.84170586,0.86599755,False,False,False,False,False,False,False,False,False,False,False,False,False,False
531,10.62,0.5285151,0.48251376,0.80982184,0.55450522,0.479918405,0.5970139,0.5682452,0.5387619,0.8544966,0.5235323,0.53852403,0.91090494,0.5527488,0.63915294,0.76048326,0.51099795,0.62113005,0.92631406,0.50780064,0.6892056,0.67179453,0.49087018,0.6770383,0.766309,0.5707439,0.6778412,0.93086445,0.5377971,0.67581975,0.7354195,0.49756542,0.73214096,0.66520983,0.47612152,0.7200737,0.6264283,0.5225259,0.8567681,0.91312224,0.5006556,0.84092927,0.869502,False,True,False,False,False,False,False,False,False,False,False,False,False,False
532,10.64,0.52880394,0.48208478,0.83651,0.5546547,0.47967076,0.64258265,0.56830215,0.5385577,0.87291497,0.52297205,0.53848165,0.726763,0.5527073,0.63908386,0.79743975,0.51079017,0.6210439,0.9423412,0.50756127,0.68954474,0.71110797,0.4910458,0.6770994,0.76526654,0.57105005,0.67731875,0.9338065,0.5382863,0.67498976,0.7180148,0.49735036,0.73080695,0.673081,0.4763723,0.7204088,0.67747533,0.52247894,0.85725594,0.91885656,0.5005232,0.8415663,0.8812065,False,False,False,False,False,False,False,False,False,False,False,False,False,False
533,10.66,0.5285776,0.48205554,0.78723264,0.554752135,0.47968723999999996,0.55960065,0.5684135,0.53817666,0.85063094,0.5233217,0.53879017,0.913261,0.5524851,0.63879645,0.74219924,0.5109789,0.6211861,0.92708945,0.50791425,0.69058627,0.7529759,0.49074432,0.6776807,0.7913843,0.57144195,0.6778288,0.85531396,0.537427,0.6756651,0.7000625,0.49773577,0.7318045,0.6592855,0.47632363,0.71993786,0.6160681,0.5224081,0.8563582,0.8959993,0.4996839,0.84099936,0.8809614,False,True,False,False,False,False,False,False,False,False,False,False,False,False
534,10.68,0.5287526,0.48214582,0.82946914,0.55484957,0.47970372,0.6789971,0.5683342,0.5381824,0.8607658,0.5233733,0.5383973,0.91935664,0.55250955,0.63927853,0.7810469,0.5108555,0.62109935,0.9403219,0.50760823,0.68950963,0.69711095,0.49101046,0.67728496,0.77637637,0.57084775,0.6768863,0.9312751,0.5380394,0.6745529,0.7201329,0.49737602,0.73126423,0.6589262,0.4760842,0.71990794,0.66712093,0.52212936,0.8575772,0.9233039,0.5004508,0.8421008,0.87512106,False,False,False,False,False,False,False,False,False,False,False,False,False,False
535,10.7,0.52887845,0.48156044,0.7539948,0.554630985,0.47973686,0.5067563,0.5679662,0.53986466,0.8212214,0.52364403,0.54009986,0.9189573,0.55299884,0.6388465,0.7451037,0.51070863,0.62175566,0.903724,0.50811994,0.6906366,0.7367237,0.49039283,0.67836106,0.7861637,0.57096833,0.6783934,0.71644986,0.5372334,0.6759766,0.67447346,0.49851453,0.73141855,0.65322286,0.47612445000000003,0.719773145,0.5879444,0.5225624,0.8560289,0.76203364,0.4995176,0.8409211,0.8582761,False,True,False,False,False,False,False,False,False,False,False,True,False,False
536,10.72,0.52856255,0.4818989,0.81687206,0.5544124,0.47977,0.77281535,0.5679132,0.53869647,0.8476851,0.52272254,0.53899294,0.68111306,0.552991,0.6389309,0.8215425,0.5109235,0.6216053,0.93397635,0.50789815,0.68993247,0.6876466,0.49080274,0.6775056,0.76515114,0.5712613,0.67631644,0.9245648,0.53818387,0.6737444,0.6697124,0.49769145,0.7320525,0.6719661,0.4761647,0.71963835,0.653739,0.522247,0.8570959,0.9117696,0.49955404,0.84101784,0.88014364,False,False,False,False,False,False,False,False,False,False,False,False,False,False
537,10.74,0.5286432,0.48077822,0.66789806,0.55462073,0.480021265,0.4273417,0.5681559,0.53816044,0.8217073,0.523477,0.5388283,0.9021971,0.5528666,0.63883233,0.7661157,0.5106481,0.62197673,0.9118453,0.50727963,0.6923618,0.71305275,0.49037412,0.6781224,0.7954437,0.57085735,0.6777943,0.86840194,0.5370933,0.6757038,0.77109045,0.497964,0.73467636,0.76736325,0.47569463,0.7180023,0.85388184,0.5223956,0.8583515,0.9384518,0.49940827,0.84081227,0.9268022,False,True,False,False,False,False,False,False,False,False,False,False,False,False
538,10.76,0.52849203,0.4816522,0.83106375,0.55482906,0.48027253,0.7342369,0.5680246,0.53805083,0.86852056,0.5229835,0.5381759,0.7371364,0.5529447,0.6383702,0.82374364,0.5106208,0.6210789,0.9450841,0.5073604,0.68992734,0.7065328,0.49059087,0.67830056,0.8012502,0.57087415,0.6761746,0.9244033,0.5381147,0.6733957,0.67668265,0.49757165,0.7309426,0.7103896,0.47674894,0.72151,0.6551859,0.5221919,0.85799164,0.9075295,0.49825948,0.84170467,0.8815573,False,False,False,False,False,False,False,False,False,False,False,False,False,False
539,10.78,0.5287366,0.48137033,0.7444967,0.55483098,0.48005213,0.5167357,0.5681037,0.5382504,0.8361032,0.52331686,0.53903717,0.9113031,0.55297816,0.638987,0.7895044,0.5103474,0.62224835,0.9063074,0.50809026,0.6907898,0.72671676,0.49027136,0.67839354,0.8248192,0.57054174,0.67737675,0.767745,0.5368954,0.6756065,0.7560154,0.4983503,0.7333697,0.7827553,0.47637892,0.71777785,0.852933,0.5231736,0.85661674,0.692245,0.4992173,0.8400723,0.91089463,False,True,False,False,False,False,False,False,False,False,False,False,False,False
540,10.8,0.5283891,0.48137286,0.80849224,0.5548329,0.47983173,0.64240634,0.5676388,0.5392581,0.84084624,0.52348727,0.53899944,0.7330604,0.5532172,0.6381869,0.8296718,0.5106053,0.62101585,0.9374722,0.5072505,0.6905714,0.6846737,0.4904518,0.6781921,0.80610484,0.57054985,0.6762192,0.91810536,0.5382027,0.67372596,0.66465056,0.497139,0.73271614,0.6874753,0.47662684,0.7223096,0.668742,0.5223769,0.85760117,0.897571,0.4989135,0.84137124,0.9019864,False,False,False,False,False,False,False,False,False,False,False,False,False,False
541,10.82,0.5284042,0.48070607,0.727427,0.5543794,0.47977802,0.7041058,0.56808203,0.53819114,0.858942,0.5231221,0.53880453,0.90353835,0.55288523,0.63906825,0.80330104,0.51056796,0.6215245,0.9256962,0.5079157,0.691657,0.7306307,0.4901661,0.6779404,0.8079995,0.5708632,0.6776701,0.87780833,0.5375865,0.67596775,0.8011393,0.49740396,0.7316122199999999,0.5769976,0.47642842,0.71757954,0.85021394,0.5222225,0.85839134,0.9433122,0.49992645,0.84129846,0.9212749,False,False,False,False,False,False,False,False,False,False,True,False,False,False
542,10.84,0.5284351,0.4815064,0.8296674,0.55463856,0.4794524,0.6513842,0.5681639,0.5379779,0.8649906,0.52307296,0.5379225,0.9085865,0.55305934,0.6387498,0.8160746,0.5105544,0.6210614,0.941719,0.5076681,0.6898327,0.7176983,0.49030638,0.6783002,0.77844274,0.57167464,0.67712086,0.93456084,0.538862,0.67517203,0.7081762,0.49766892,0.7305083,0.6827507,0.4767253,0.71966946,0.68379945,0.52196026,0.85819083,0.91528326,0.500508,0.84216285,0.87438375,False,False,False,False,False,False,False,False,False,False,False,False,False,False
