frame,time,nose_x,nose_y,nose_z,nose_visibility,nose_presence,left_ear_x,left_ear_y,left_ear_z,left_ear_visibility,left_ear_presence,left_shoulder_x,left_shoulder_y,left_shoulder_z,left_shoulder_visibility,left_shoulder_presence,right_shoulder_x,right_shoulder_y,right_shoulder_z,right_shoulder_visibility,right_shoulder_presence,left_elbow_x,left_elbow_y,left_elbow_z,left_elbow_visibility,left_elbow_presence,right_elbow_x,right_elbow_y,right_elbow_z,right_elbow_visibility,right_elbow_presence,left_wrist_x,left_wrist_y,left_wrist_z,left_wrist_visibility,left_wrist_presence,right_wrist_x,right_wrist_y,right_wrist_z,right_wrist_visibility,right_wrist_presence,left_hip_x,left_hip_y,left_hip_z,left_hip_visibility,left_hip_presence,right_hip_x,right_hip_y,right_hip_z,right_hip_visibility,right_hip_presence,left_knee_x,left_knee_y,left_knee_z,left_knee_visibility,left_knee_presence,right_knee_x,right_knee_y,right_knee_z,right_knee_visibility,right_knee_presence,left_ankle_x,left_ankle_y,left_ankle_z,left_ankle_visibility,left_ankle_presence,right_ankle_x,right_ankle_y,right_ankle_z,right_ankle_visibility,right_ankle_presence
304,6.08,0.5628682374954224,0.5031571388244629,0.0380629412829875,0.9991585612297058,0.9999850988388062,0.5798260569572449,0.4983214735984802,0.0173522513359785,0.999187469482422,0.9999598264694214,0.5940262079238892,0.5519981384277344,-0.0175221432000398,0.9997786283493042,0.999951958656311,0.5577239394187927,0.5418207049369812,0.1290511786937713,0.99965238571167,0.9999754428863524,0.5502427220344543,0.5908933877944946,0.0039581153541803,0.4333505034446716,0.9997679591178894,0.535750687122345,0.5825710296630859,0.0467006564140319,0.2707198560237884,0.999907612800598,0.55291348695755,0.5426934957504272,0.113287404179573,0.153327003121376,0.9999806880950928,0.5741223692893982,0.5416516065597534,-0.0902003422379493,0.1796051859855651,0.9999921321868896,0.561757504940033,0.6865200400352478,-0.0549925081431865,0.9999552369117736,0.9999977350234984,0.5398707985877991,0.6775152683258057,0.0549164749681949,0.999977171421051,0.9999994039535522,0.4920550584793091,0.7338227033615112,-0.0956490337848663,0.7185614705085754,0.9999717473983764,0.4761517643928528,0.7150813341140747,-0.0050289500504732,0.247623473405838,0.9999884366989136,0.512112021446228,0.8607968688011169,-0.0917664393782615,0.7751246094703674,0.9997745156288148,0.4890554845333099,0.8362970352172852,0.0134369498118758,0.3411469757556915,0.9999676942825316
305,6.1,0.5628686547279358,0.5031278133392334,0.0380197688937187,0.9991173148155212,0.9999630451202391,0.5798362493515015,0.4982989132404327,0.0172157604247331,0.9991533160209656,0.999919891357422,0.5940428972244263,0.5519640445709229,-0.0176210310310125,0.99977707862854,0.9999428987503052,0.55768221616745,0.5418199300765991,0.1289052963256836,0.9996423721313475,0.9999557733535768,0.5503823161125183,0.5909236669540405,0.0038628638722002,0.4375954866409302,0.9997859597206116,0.5357503294944763,0.5825653672218323,0.0465989634394645,0.268407940864563,0.9998733997344972,0.5527603626251221,0.542762041091919,0.1132472530007362,0.1546516567468643,0.9999825954437256,0.5741506814956665,0.541678786277771,-0.0903637260198593,0.1754461824893951,0.9999833106994628,0.5617703795433044,0.6865019202232361,-0.0549889393150806,0.9999551773071288,0.99999737739563,0.539851188659668,0.6775088906288147,0.0549125671386718,0.9999769926071168,0.9999992847442628,0.4920330345630646,0.7337172627449036,-0.0967902317643165,0.7183433175086975,0.9999672174453736,0.4761010110378265,0.7150155305862427,-0.0050272750668227,0.246862530708313,0.9999829530715942,0.5121124386787415,0.8607564568519592,-0.0928057357668876,0.7744457125663757,0.9997026324272156,0.4890441000461578,0.8362733125686646,0.012675654143095,0.3403787910938263,0.999954342842102
306,6.12,0.5628682374954224,0.5031180381774902,0.037914540618658,0.9991216063499452,0.9999785423278807,0.5798424482345581,0.4982950985431671,0.0170852150768041,0.9991602897644044,0.9999510049819946,0.5940456390380859,0.551964282989502,-0.0177296958863735,0.999778926372528,0.9999542236328124,0.5576657056808472,0.5417937636375427,0.1288035809993744,0.9996418952941896,0.9999666213989258,0.5503900051116943,0.5909276604652405,0.00383569044061,0.440546840429306,0.9998136162757874,0.535739004611969,0.5825435519218445,0.0464279912412166,0.2683117985725403,0.9998936653137208,0.552717924118042,0.5427737236022949,0.1126323118805885,0.156928613781929,0.9999854564666748,0.574239194393158,0.5416727662086487,-0.0909095481038093,0.1734443753957748,0.9999878406524658,0.5617664456367493,0.6864585280418396,-0.0550001338124275,0.9999552369117736,0.9999974966049194,0.5398504734039307,0.6775321364402771,0.0549235306680202,0.999976933002472,0.9999992847442628,0.4920272827148437,0.7336371541023254,-0.0980439856648445,0.7195090651512146,0.9999724626541138,0.4761052131652832,0.7149127125740051,-0.0050487327389419,0.2466189712285995,0.9999864101409912,0.5121367573738098,0.8606988191604614,-0.0946336165070533,0.7751549482345581,0.9997606873512268,0.4890345931053161,0.8362625241279602,0.0115137007087469,0.341169148683548,0.999962568283081
307,6.14,0.5628671646118164,0.5031128525733948,0.0356965288519859,0.9991187453269958,0.9999772310256958,0.5798425078392029,0.4982830584049225,0.0163579694926738,0.9991530776023864,0.999941110610962,0.594057023525238,0.5519640445709229,-0.0177868399769067,0.999774158000946,0.9999371767044068,0.5576459169387817,0.5417924523353577,0.1276121437549591,0.9996405839920044,0.9999656677246094,0.5504201054573059,0.5909135937690735,0.0031144300010055,0.434735357761383,0.9997357726097108,0.5357431173324585,0.582568883895874,0.0454804375767707,0.2705563008785248,0.9998899698257446,0.5527287721633911,0.542683482170105,0.1085026711225509,0.1550531834363937,0.9999786615371704,0.5742447972297668,0.541666567325592,-0.0910481214523315,0.1759265065193176,0.999990463256836,0.561783492565155,0.6864504218101501,-0.0549500994384288,0.9999545812606812,0.9999970197677612,0.5398474931716919,0.6776126623153687,0.0548735037446022,0.9999767541885376,0.9999992847442628,0.4920262396335602,0.7336488962173462,-0.0979608818888664,0.7177427411079407,0.9999696016311646,0.4761742055416107,0.7148868441581726,-0.0066309045068919,0.2476473599672317,0.9999878406524658,0.5121793150901794,0.8607001304626465,-0.0942683666944503,0.7748565673828125,0.9997299313545228,0.4890345335006714,0.8362308740615845,0.0112125324085354,0.3415830135345459,0.9999629259109496
308,6.16,0.5628674030303955,0.503112256526947,0.0356177948415279,0.9991217255592346,0.9999790191650392,0.5798426866531372,0.4982672929763794,0.0164430867880582,0.999157726764679,0.9999489784240724,0.5940865874290466,0.5519577860832214,-0.0174201820045709,0.9997729063034058,0.9999434947967528,0.5576452016830444,0.5418061017990112,0.1278595030307769,0.999639332294464,0.9999642372131348,0.5505152344703674,0.5908312201499939,0.0039235861040651,0.4334931075572967,0.9997586607933044,0.5357555747032166,0.5826039910316467,0.0459825545549392,0.2697360515594482,0.999874711036682,0.5527430772781372,0.5425947308540344,0.1107186824083328,0.1548407822847366,0.9999794960021972,0.574238121509552,0.5416679382324219,-0.0899196192622184,0.1755980104207992,0.9999889135360718,0.5617750287055969,0.6864359378814697,-0.0549237467348575,0.9999545216560364,0.99999737739563,0.5398227572441101,0.6776182651519775,0.054846916347742,0.9999767541885376,0.9999992847442628,0.4920079410076141,0.7336653470993042,-0.0977734699845314,0.7181864976882935,0.999969482421875,0.4761751294136047,0.7149918079376221,-0.0070048049092292,0.2494563162326812,0.9999866485595704,0.5121755003929138,0.8606930375099182,-0.0919283330440521,0.7760409116744995,0.9997572302818298,0.4890382885932922,0.8362278938293457,0.0116376746445894,0.3430839478969574,0.9999618530273438
309,6.18,0.562865138053894,0.5031047463417053,0.0369284935295581,0.9991083741188048,0.9999760389328004,0.5798543095588684,0.4982406497001648,0.0171839464455842,0.999140739440918,0.9999425411224364,0.5940662622451782,0.5519508719444275,-0.0170045550912618,0.999770998954773,0.9999406337738036,0.5576568245887756,0.5418074727058411,0.1283208429813385,0.999633491039276,0.9999605417251588,0.5505313277244568,0.5908222794532776,0.0041985916905105,0.4297123551368713,0.9997783303260804,0.5356028079986572,0.5825511813163757,0.0457977876067161,0.2678802907466888,0.9998866319656372,0.5525676608085632,0.5429603457450867,0.1109523549675941,0.1520058512687683,0.9999784231185912,0.5742082595825195,0.5417464971542358,-0.0906034409999847,0.1722856611013412,0.999987006187439,0.5617400407791138,0.6864640712738037,-0.0549049898982048,0.9999545216560364,0.999997615814209,0.5398245453834534,0.677619993686676,0.0548271872103214,0.9999766945838928,0.9999994039535522,0.4920019507408142,0.7336503863334656,-0.0977544784545898,0.7133691906929016,0.9999687671661376,0.4761745035648346,0.7149917483329773,-0.0066440454684197,0.2453470230102539,0.9999858140945436,0.5121749639511108,0.8608457446098328,-0.0918403044342994,0.7717733979225159,0.9997439980506896,0.4889481961727142,0.8362054228782654,0.0120219383388757,0.3389435708522796,0.9999573230743408
310,6.2,0.5628525614738464,0.5031023025512695,0.036682765930891,0.9991212487220764,0.99998140335083,0.5798352360725403,0.498236209154129,0.0170884225517511,0.9991497993469238,0.9999518394470216,0.5940697193145752,0.5519077777862549,-0.0170845296233892,0.9997715950012208,0.999948501586914,0.5576542019844055,0.5417923927307129,0.1283047795295715,0.9996379017829896,0.9999715089797974,0.5505415797233582,0.5907898545265198,0.0041792117990553,0.4305332899093628,0.9997639060020448,0.5355784893035889,0.5825408101081848,0.045626625418663,0.2709861099720001,0.9998981952667236,0.5525742769241333,0.5429377555847168,0.110442541539669,0.1526457816362381,0.99998140335083,0.5741814970970154,0.5417316555976868,-0.090886041522026,0.1757003664970398,0.9999908208847046,0.5617427825927734,0.6864696145057678,-0.054900474846363,0.9999544024467468,0.9999974966049194,0.539861798286438,0.6775997877120972,0.0548225305974483,0.9999766945838928,0.9999994039535522,0.491981029510498,0.7336496710777283,-0.0971093475818634,0.7144948840141296,0.9999701976776124,0.4761744737625122,0.7150034308433533,-0.0066594243980944,0.2482594698667526,0.9999879598617554,0.5121675729751587,0.8608224987983704,-0.0895758345723152,0.772549033164978,0.9997441172599792,0.4889352917671203,0.8360016942024231,0.012192185036838,0.3411027193069458,0.9999643564224244
311,6.22,0.5628507733345032,0.5031405687332153,0.0347982011735439,0.9991157054901124,0.9999749660491944,0.5798301696777344,0.4982354640960693,0.0157570634037256,0.9991440773010254,0.9999371767044068,0.5940687656402588,0.551927387714386,-0.0173764545470476,0.9997687935829164,0.99993634223938,0.5576545000076294,0.5417652130126953,0.1263479739427566,0.9996383190155028,0.9999654293060304,0.5505419969558716,0.5907711386680603,0.0039273300208151,0.4266949594020843,0.9997300505638124,0.5356034636497498,0.5825405120849609,0.0444820374250412,0.2728373110294342,0.9998817443847656,0.5527067184448242,0.5428629517555237,0.109768733382225,0.1517015099525451,0.9999769926071168,0.5741739273071289,0.5416539311408997,-0.091437317430973,0.1787049174308776,0.9999905824661256,0.5617411136627197,0.6864943504333496,-0.0547279976308345,0.9999539256095886,0.9999970197677612,0.5398174524307251,0.6777582764625549,0.0546517446637153,0.9999765157699584,0.9999992847442628,0.4919974505901336,0.7336298227310181,-0.0963500589132309,0.7142541408538818,0.999967098236084,0.4761794209480285,0.7150000929832458,-0.0070815831422805,0.2484899312257766,0.9999862909317015,0.5121081471443176,0.8608061075210571,-0.0889275297522544,0.774478554725647,0.9997461438179016,0.488938957452774,0.8359415531158447,0.0124635463580489,0.3407588899135589,0.9999603033065796
312,6.24,0.5628439784049988,0.503212034702301,0.0335459038615226,0.999116837978363,0.9999775886535645,0.5798191428184509,0.4982343912124634,0.0143079785630106,0.9991403222084044,0.9999423027038574,0.594057023525238,0.5519307255744934,-0.0184101965278387,0.9997660517692566,0.9999351501464844,0.5577544569969177,0.5417587161064148,0.1257447451353073,0.9996404647827148,0.9999672174453736,0.5505424737930298,0.5907481908798218,0.0026477111969143,0.4253979623317718,0.9997119307518004,0.5355985760688782,0.5825261473655701,0.0441902428865432,0.2767254412174225,0.999886155128479,0.5526877641677856,0.5429487228393555,0.1082499250769615,0.1512383967638015,0.999976396560669,0.5741756558418274,0.541589617729187,-0.091636911034584,0.1819140315055847,0.9999905824661256,0.561738908290863,0.6864938139915466,-0.054737102240324,0.9999532103538512,0.9999970197677612,0.5398927927017212,0.6776580214500427,0.0546606183052063,0.9999763369560242,0.9999992847442628,0.492057740688324,0.7332188487052917,-0.0961169153451919,0.714095950126648,0.9999645948410034,0.4761823117733001,0.7149053812026978,-0.0066255913116037,0.2508257627487182,0.9999866485595704,0.5120006203651428,0.8608039021492004,-0.0883905515074729,0.7743096351623535,0.9997079968452454,0.4889403581619262,0.8358814120292664,0.0124969286844134,0.3436838686466217,0.999958038330078
313,6.26,0.5628445744514465,0.5031958222389221,0.0297231879085302,0.9991276264190674,0.9999805688858032,0.57981938123703,0.4982101023197174,0.0127752758562564,0.999143123626709,0.9999473094940186,0.5940040349960327,0.5519312024116516,-0.0192082747817039,0.99976247549057,0.999931573867798,0.5577604174613953,0.5417580604553223,0.1242220550775528,0.9996386766433716,0.9999618530273438,0.5505267977714539,0.590756356716156,0.0022048880346119,0.4173600077629089,0.9997256398200988,0.535574734210968,0.5824664831161499,0.0411752574145793,0.2784377336502075,0.9998791217803956,0.5526228547096252,0.5430120229721069,0.1078495904803276,0.148336187005043,0.999974012374878,0.5741456151008606,0.5415871143341064,-0.0962122976779937,0.183326706290245,0.9999898672103882,0.5618156790733337,0.6865045428276062,-0.0547364316880703,0.9999524354934692,0.9999969005584716,0.5399133563041687,0.6778109669685364,0.0546597614884376,0.9999760985374452,0.9999992847442628,0.4920603632926941,0.7326809167861938,-0.0960758700966835,0.704841136932373,0.9999607801437378,0.4761888384819031,0.7147635221481323,-0.0065735350362956,0.2462715059518814,0.9999839067459106,0.5119073390960693,0.8607250452041626,-0.0883892774581909,0.7674483060836792,0.9996871948242188,0.48893803358078,0.8357592225074768,0.0125826867297291,0.3377846777439117,0.9999514818191528
314,6.28,0.5627396702766418,0.503280758857727,0.026430295780301,0.99907386302948,0.9999507665634156,0.5797106623649597,0.4982074797153473,0.0057088485918939,0.9990985989570618,0.9998939037322998,0.5939832329750061,0.5519136190414429,-0.0259722899645566,0.9997574090957642,0.999923586845398,0.5577771067619324,0.5417401790618896,0.1168469563126564,0.9996315240859984,0.999954104423523,0.5503771901130676,0.5908170938491821,-0.0061792624182999,0.4192166924476623,0.9997429251670836,0.5354456305503845,0.5824116468429565,0.0323102660477161,0.28195521235466,0.9998613595962524,0.5526477098464966,0.5427905321121216,0.0953457877039909,0.1506955027580261,0.9999805688858032,0.574096143245697,0.5415236949920654,-0.105617731809616,0.1826091706752777,0.9999865293502808,0.5628048777580261,0.6868221163749695,-0.054647609591484,0.9999516010284424,0.9999964237213136,0.5404235124588013,0.6782459616661072,0.0545741096138954,0.9999757409095764,0.9999990463256836,0.4920907914638519,0.7321610450744629,-0.0954387709498405,0.6969585418701172,0.999959111213684,0.4761846959590912,0.7147725820541382,-0.0078111663460731,0.243228405714035,0.9999834299087524,0.511482298374176,0.8593953847885132,-0.0772889852523803,0.7589626908302307,0.999645471572876,0.488938957452774,0.8357430696487427,0.0166150163859128,0.3316937685012817,0.999946355819702
315,6.3,0.5624097585678101,0.5035741329193115,0.0275507476180791,0.9990400075912476,0.9999606609344482,0.5794227719306946,0.4983575940132141,0.0063145081512629,0.9990758299827576,0.9999189376831056,0.5937360525131226,0.5517271757125854,-0.0260799061506986,0.9997605085372924,0.9999430179595948,0.5577359795570374,0.5420571565628052,0.1167602688074112,0.9996270537376404,0.9999533891677856,0.5497258901596069,0.5909021496772766,-0.0055735036730766,0.4198659658432007,0.9998100399971008,0.5352174043655396,0.5819240212440491,0.0308278389275074,0.2785586714744568,0.9998555183410645,0.5525575876235962,0.5429181456565857,0.1045849099755287,0.1496510654687881,0.9999836683273317,0.573954701423645,0.541455864906311,-0.1089859083294868,0.1766716092824936,0.9999845027923584,0.562885582447052,0.6871412396430969,-0.054504957050085,0.99995219707489,0.999997854232788,0.5404177308082581,0.6794461607933044,0.0544337704777717,0.999975860118866,0.9999994039535522,0.4921010434627533,0.7306494116783142,-0.0939127281308174,0.6839466094970703,0.9999678134918212,0.476131409406662,0.7147932648658752,-0.0071019656024873,0.2342743426561355,0.9999849796295166,0.5110201835632324,0.858299970626831,-0.0749429762363433,0.7470185160636902,0.9997548460960388,0.4889885187149048,0.8357391953468323,0.0196629893034696,0.3205881714820862,0.9999551773071288
316,6.32,0.5618206858634949,0.503602147102356,0.0202307756990194,0.9990026950836182,0.99995219707489,0.5790159106254578,0.4983765184879303,-0.0056402017362415,0.9990553259849548,0.9999067783355712,0.5932498574256897,0.550686240196228,-0.037738736718893,0.9997624158859252,0.9999396800994872,0.5577161312103271,0.542564868927002,0.109121635556221,0.9996227025985718,0.9999507665634156,0.5489781498908997,0.5909532308578491,-0.0109267430379986,0.4189155995845794,0.9997828602790833,0.535044252872467,0.5816966891288757,0.0248428396880626,0.2687818706035614,0.9998243451118468,0.5521107316017151,0.5439250469207764,0.1025193184614181,0.1483887881040573,0.9999816417694092,0.5732015371322632,0.5413039326667786,-0.1146016865968704,0.1701903641223907,0.9999829530715942,0.5626895427703857,0.6872281432151794,-0.0544744469225406,0.9999523162841796,0.999997615814209,0.5401564836502075,0.6799122095108032,0.0544060133397579,0.9999756813049316,0.9999991655349731,0.4922470450401306,0.7302700877189636,-0.0921898037195205,0.6712650656700134,0.999962329864502,0.4765324592590332,0.7145779728889465,-0.0070764999836683,0.2248347997665405,0.9999815225601196,0.5104308724403381,0.8575440645217896,-0.0734396651387214,0.7405015826225281,0.9997629523277284,0.4889863729476928,0.8356235027313232,0.0190470218658447,0.3113031983375549,0.9999562501907348
317,6.34,0.5609918832778931,0.503671407699585,0.024795277044177,0.9989599585533142,0.9999560117721558,0.5781660676002502,0.4983617663383484,-0.0040677431970834,0.9990186095237732,0.9999085664749146,0.5917419195175171,0.5503595471382141,-0.0363964922726154,0.999758780002594,0.9999231100082396,0.5576521754264832,0.5434907674789429,0.1121636778116226,0.9996075630187988,0.9999402761459352,0.5468637347221375,0.5908814072608948,-0.0056200404651463,0.4061529636383056,0.9996883869171144,0.5334940552711487,0.5811015367507935,0.0283523574471473,0.2573774755001068,0.9998045563697816,0.5516678094863892,0.5441794395446777,0.1131235584616661,0.1407454311847686,0.9999711513519288,0.5713075995445251,0.5413968563079834,-0.1118098795413971,0.1596933305263519,0.999975085258484,0.5626277327537537,0.6874192953109741,-0.054408024996519,0.9999514818191528,0.9999969005584716,0.5401549935340881,0.6800223588943481,0.0543394535779953,0.999975323677063,0.9999991655349731,0.4922578930854797,0.7293787598609924,-0.0909958779811859,0.6527941226959229,0.99995219707489,0.4766446948051452,0.7144498825073242,-0.0057512838393449,0.2129093557596206,0.999979853630066,0.5102099776268005,0.8570606708526611,-0.0753791779279708,0.7234134674072266,0.9996590614318848,0.4890084266662597,0.8356029391288757,0.0142029225826263,0.2987075746059418,0.9999324083328248
318,6.36,0.5591853260993958,0.5036733150482178,0.0236515775322914,0.99890798330307,0.9999470710754396,0.5760358572006226,0.4982837736606598,-0.0023503801785409,0.9989748001098632,0.9998859167099,0.5906870365142822,0.5497025847434998,-0.0345448292791843,0.999754786491394,0.999919891357422,0.5567572712898254,0.5438626408576965,0.1098075583577156,0.9995911717414856,0.999937891960144,0.5457796454429626,0.5908851027488708,-0.0055729961022734,0.400007426738739,0.9997076392173768,0.532296895980835,0.5808864831924438,0.0224471483379602,0.24985171854496,0.9998043179512024,0.5503329038619995,0.5451536178588867,0.1122672036290168,0.135587066411972,0.9999706745147704,0.5701332092285156,0.5413753986358643,-0.1163246929645538,0.1521106362342834,0.999976396560669,0.5626118779182434,0.687582790851593,-0.0543007813394069,0.9999504089355468,0.999996542930603,0.540148138999939,0.6810244917869568,0.0542338043451309,0.99997478723526,0.9999990463256836,0.4927864968776703,0.727329432964325,-0.0912242904305458,0.639266848564148,0.99994957447052,0.4773470461368561,0.7128912210464478,-0.0057566268369555,0.2024505734443664,0.9999792575836182,0.5099149346351624,0.8565654158592224,-0.0770350694656372,0.7142937183380127,0.9996606111526488,0.489004522562027,0.835524320602417,0.011054279282689,0.2898724973201751,0.9999356269836426
319,6.38,0.5570544600486755,0.5036591291427612,0.0229960046708583,0.998874008655548,0.99994695186615,0.5734928250312805,0.4982897043228149,-0.0019521046197041,0.9989425539970398,0.999883770942688,0.5885049104690552,0.549246072769165,-0.0342824719846248,0.999749481678009,0.999903917312622,0.5555391311645508,0.5448804497718811,0.1091309264302253,0.999570369720459,0.9999250173568726,0.5441915392875671,0.5912908315658569,-0.0067580016329884,0.3937510251998901,0.9996784925460817,0.5304653644561768,0.5804784297943115,0.022787470370531,0.2421326637268066,0.9997679591178894,0.5493273138999939,0.5456607937812805,0.1094961389899253,0.1311325281858444,0.9999657869338988,0.5679108500480652,0.5413749814033508,-0.1146715581417083,0.1442023515701294,0.999970555305481,0.5626010894775391,0.6875631809234619,-0.0542256161570549,0.999949038028717,0.9999960660934448,0.5402370691299438,0.6811661124229431,0.0541596077382564,0.9999740719795228,0.999998927116394,0.4928870499134063,0.7252232432365417,-0.0897522047162056,0.6284870505332947,0.9999505281448364,0.4785844385623932,0.7116010189056396,-0.0028743387665599,0.1932639181613922,0.9999796152114868,0.5095825791358948,0.8560345768928528,-0.0783448293805122,0.7080495357513428,0.9996780157089232,0.4889998137950897,0.8348537087440491,0.0112621672451496,0.2829287052154541,0.9999271631240844
320,6.4,0.5545145273208618,0.5036635398864746,0.0219683535397052,0.9989180564880372,0.9999752044677734,0.5703878998756409,0.4982880651950836,-0.0041016582399606,0.998988389968872,0.9999487400054932,0.5853792428970337,0.5492491126060486,-0.0364691875874996,0.9997559785842896,0.9999493360519408,0.554061770439148,0.5452471971511841,0.1078820005059242,0.9995720386505128,0.9999573230743408,0.5411055684089661,0.5935567617416382,-0.0089111467823386,0.3962705135345459,0.9998020529747008,0.5279975533485413,0.5800231695175171,0.0219983365386724,0.2355318516492843,0.9998138546943665,0.5479240417480469,0.5468688607215881,0.1059241145849227,0.1304908841848373,0.9999815225601196,0.5651940107345581,0.5413815379142761,-0.1153554022312164,0.1361635029315948,0.9999760389328004,0.562757134437561,0.6875343918800354,-0.0542252883315086,0.9999493956565856,0.9999969005584716,0.5403834581375122,0.6814637184143066,0.0541593916714191,0.9999741911888124,0.9999991655349731,0.4936065971851349,0.7228978276252747,-0.0918026939034462,0.6242807507514954,0.999964475631714,0.4794475436210632,0.7103311419487,-0.0030356228817254,0.1835935264825821,0.9999840259552002,0.5095893740653992,0.854961633682251,-0.0882094204425811,0.7060703039169312,0.9997569918632508,0.4890576004981994,0.8337827920913696,0.0080597437918186,0.2747917175292969,0.9999328851699828
321,6.42,0.5523903965950012,0.5035518407821655,0.0127570321783423,0.9989601373672484,0.9999688863754272,0.5682376623153687,0.4982458055019378,-0.0104839913547039,0.9990236759185792,0.9999268054962158,0.5829976201057434,0.5492672920227051,-0.0404307283461093,0.9997580647468568,0.9999330043792723,0.5520091652870178,0.5455354452133179,0.101651594042778,0.9995712637901306,0.9999562501907348,0.538105309009552,0.5956830978393555,-0.0155303524807095,0.3958379626274109,0.9998071789741516,0.525642991065979,0.5800288915634155,0.0177470631897449,0.2316170930862426,0.9998430013656616,0.545928955078125,0.5482445359230042,0.0906300172209739,0.1293470710515976,0.999980330467224,0.5612226128578186,0.5414747595787048,-0.1183278113603591,0.1289671808481216,0.9999783039093018,0.5632641911506653,0.6876469850540161,-0.0542256347835063,0.99994957447052,0.999996542930603,0.5410099029541016,0.6825515031814575,0.0541600957512855,0.999974250793457,0.9999991655349731,0.4938496649265289,0.7198246121406555,-0.0943186432123184,0.6129828095436096,0.9999687671661376,0.4802713692188263,0.7086435556411743,-0.0017722598277032,0.1729423403739929,0.999986171722412,0.5095836520195007,0.8535211682319641,-0.0938624218106269,0.7013571858406067,0.999809205532074,0.4891320466995239,0.8334290385246277,0.0080681359395384,0.264103889465332,0.9999419450759888
322,6.44,0.5498470067977905,0.5034865736961365,0.0147836748510599,0.998988687992096,0.9999566078186036,0.5658349394798279,0.4982629716396332,-0.0133676314726471,0.999064326286316,0.9999302625656128,0.5808912515640259,0.5495458245277405,-0.0462020263075828,0.9997701048851012,0.9999614953994752,0.5503044128417969,0.5461221933364868,0.1047376096248626,0.9995856285095216,0.999963402748108,0.5354796051979065,0.59837406873703,-0.0217906758189201,0.4246764183044433,0.9998637437820436,0.5218021273612976,0.5802479386329651,0.0195930358022451,0.2238491177558899,0.99978905916214,0.5457335710525513,0.5469546914100647,0.0854782313108444,0.1472449749708175,0.9999905824661256,0.5534508228302002,0.5424551367759705,-0.1155780106782913,0.1218147873878479,0.9999774694442748,0.5633500814437866,0.6876677870750427,-0.0547864772379398,0.9999518394470216,0.999997615814209,0.5410991311073303,0.6831846833229065,0.0547335296869277,0.999975085258484,0.9999991655349731,0.4943375587463379,0.7197263240814209,-0.1125927716493606,0.6361097693443298,0.9999874830245972,0.4809814691543579,0.7066461443901062,-0.0085929417982697,0.1746730804443359,0.9999914169311525,0.5096044540405273,0.8535578846931458,-0.1182908117771148,0.722284734249115,0.9998892545700072,0.4891268908977508,0.8330144286155701,-0.0036181618925184,0.2754086852073669,0.9999523162841796
323,6.46,0.5472120642662048,0.5036768317222595,0.0040474133566021,0.9990246295928956,0.9999507665634156,0.5633371472358704,0.4982348978519439,-0.0240380223840475,0.9991085529327391,0.9999229907989502,0.5790615081787109,0.5502884387969971,-0.0543449781835079,0.9997840523719788,0.999969244003296,0.5481969714164734,0.5462173223495483,0.0982206165790557,0.9996104836463928,0.9999738931655884,0.5332211852073669,0.6026868224143982,-0.0303937792778015,0.4564655721187591,0.9998441934585572,0.518817126750946,0.5813226103782654,0.0188839677721261,0.2204569727182388,0.9998051524162292,0.5441377758979797,0.547092854976654,0.0740711912512779,0.1717078536748886,0.999991774559021,0.5476652383804321,0.5450841188430786,-0.1203999668359756,0.11816918104887,0.9999792575836182,0.5633371472358704,0.6888951063156128,-0.0549078807234764,0.9999540448188782,0.9999970197677612,0.541090726852417,0.6844629645347595,0.0548622012138366,0.9999760985374452,0.9999990463256836,0.4951153993606567,0.7177624106407166,-0.1311652362346649,0.6606426239013672,0.9999876022338868,0.4816854894161224,0.7050677537918091,-0.0151795549318194,0.1831545233726501,0.999991536140442,0.5096502900123596,0.8531676530838013,-0.1304567158222198,0.741541862487793,0.9998831748962402,0.4891981482505798,0.8322958946228027,-0.0143052451312541,0.295257955789566,0.9999381303787231
324,6.48,0.5435722470283508,0.5036875009536743,0.0063099465332925,0.9990835785865784,0.9999725818634032,0.5596510767936707,0.4980156719684601,-0.024474062025547,0.9991724491119384,0.9999606609344482,0.5763158202171326,0.5506715178489685,-0.0562658831477165,0.9997993111610411,0.9999815225601196,0.54498291015625,0.5461767911911011,0.1003453806042671,0.9996350407600404,0.99998140335083,0.5306996703147888,0.6062631607055664,-0.0289169214665889,0.4919754266738891,0.99989652633667,0.5161802768707275,0.5825250744819641,0.0210057217627763,0.2197457551956176,0.9998345375061036,0.5417640805244446,0.5477539896965027,0.0801571905612945,0.2036585211753845,0.9999951124191284,0.5463274717330933,0.5457723736763,-0.1174241676926612,0.1157775148749351,0.9999853372573853,0.5632819533348083,0.6897345185279846,-0.0556495748460292,0.99995619058609,0.99999737739563,0.5410842895507812,0.6851016283035278,0.0556178726255893,0.9999770522117616,0.9999991655349731,0.4953648149967193,0.716767430305481,-0.1339101493358612,0.6854939460754395,0.99998939037323,0.4819476306438446,0.7038913369178772,-0.0195155553519725,0.1925804913043975,0.9999923706054688,0.5096659064292908,0.8523920774459839,-0.1341644674539566,0.7613491415977478,0.9999040365219116,0.4892175495624542,0.8320150971412659,-0.0153983319178223,0.3129952847957611,0.9999514818191528
325,6.5,0.5408759713172913,0.5035078525543213,0.0043216431513428,0.9991342425346376,0.999971866607666,0.5572785139083862,0.4977529346942901,-0.0237641390413045,0.9992289543151855,0.9999594688415528,0.5747280120849609,0.5507668256759644,-0.0543955489993095,0.9998126029968262,0.9999799728393556,0.5414444208145142,0.5461651682853699,0.099757581949234,0.9996594786643982,0.9999834299087524,0.5297032594680786,0.6085810661315918,-0.0276674050837755,0.5239231586456299,0.999882698059082,0.5139793753623962,0.5851561427116394,0.0222234316170215,0.2248997539281845,0.9998288154602052,0.5393207669258118,0.5477045774459839,0.080729492008686,0.2333735674619674,0.9999954700469972,0.5451910495758057,0.5465443134307861,-0.1158358603715896,0.1165183782577514,0.9999889135360718,0.5631240606307983,0.6900327801704407,-0.0557116977870464,0.9999584555625916,0.999997615814209,0.5407297611236572,0.6858760714530945,0.0556813590228557,0.9999781250953674,0.9999991655349731,0.4956518709659576,0.7141635417938232,-0.1416918933391571,0.7096397876739502,0.9999924898147584,0.481789618730545,0.7029207348823547,-0.0255591664463281,0.2076591700315475,0.9999945163726808,0.509665310382843,0.8511605858802795,-0.1437979638576507,0.7810218930244446,0.9999347925186156,0.4893586337566376,0.8317071795463562,-0.0244259033352136,0.3394463062286377,0.9999624490737916
326,6.52,0.538111686706543,0.5032252669334412,0.0007236542296595,0.999172568321228,0.9999711513519288,0.5548885464668274,0.4974831342697143,-0.0267707798629999,0.9992748498916626,0.9999605417251588,0.5724363327026367,0.5509313941001892,-0.0579892396926879,0.999825119972229,0.9999817609786988,0.5384547710418701,0.5461344122886658,0.1000792309641838,0.9996817708015442,0.9999821186065674,0.5282667279243469,0.611198902130127,-0.0296179577708244,0.5525525808334351,0.9999059438705444,0.5118055939674377,0.5885984301567078,0.0225919000804424,0.2247843146324157,0.9998093247413636,0.5356785655021667,0.5481789112091064,0.080870509147644,0.2574578821659088,0.9999957084655762,0.5421603322029114,0.5481894016265869,-0.1178252696990966,0.1142890155315399,0.9999849796295166,0.5630459189414978,0.6904731392860413,-0.0562329515814781,0.9999598860740662,0.9999969005584716,0.5406062602996826,0.6863563060760498,0.0562031306326389,0.99997878074646,0.999998927116394,0.4961151480674743,0.7135306000709534,-0.1492929309606552,0.7238964438438416,0.999988317489624,0.4819176495075226,0.7023347616195679,-0.0337201878428459,0.2083691954612732,0.9999918937683104,0.5096574425697327,0.8505069017410278,-0.1456265896558761,0.7918925881385803,0.9998879432678224,0.4894885420799255,0.8316656351089478,-0.0356012731790542,0.3465345203876495,0.9999337196350098
327,6.54,0.5352858901023865,0.5031710267066956,-0.0134042603895068,0.999141275882721,0.9999322891235352,0.5520400404930115,0.4973379075527191,-0.0391199700534343,0.999279260635376,0.9999125003814696,0.5698597431182861,0.5510345101356506,-0.0656444355845451,0.9998328685760498,0.9999701976776124,0.5352745652198792,0.5456047058105469,0.0915163531899452,0.9996979832649232,0.999976634979248,0.5266559720039368,0.6130833029747009,-0.0354241132736206,0.5724921226501465,0.999855637550354,0.5096547603607178,0.5913292169570923,0.0173113979399204,0.224196657538414,0.9997355341911316,0.5335797071456909,0.548559308052063,0.0744197592139244,0.2731147110462188,0.9999936819076538,0.5409919619560242,0.5486432313919067,-0.1222367063164711,0.1130249351263046,0.9999880790710448,0.5627062916755676,0.6904537677764893,-0.0563068352639675,0.9999608993530272,0.999996781349182,0.540080189704895,0.6862017512321472,0.0562777854502201,0.9999791383743286,0.999998927116394,0.4962149560451507,0.7137241959571838,-0.1506621539592743,0.740959644317627,0.9999914169311525,0.4817790985107422,0.7026588320732117,-0.0302503425627946,0.2140417397022247,0.999994158744812,0.509675145149231,0.8499821424484253,-0.1402960419654846,0.8067543506622314,0.9999364614486694,0.4894671738147735,0.8314692974090576,-0.023095479235053,0.3642225563526153,0.9999582767486572
328,6.56,0.5321993827819824,0.5026467442512512,-0.0198414381593465,0.9991426467895508,0.999903440475464,0.549027681350708,0.4971792101860046,-0.0469120554625988,0.9993074536323548,0.999893307685852,0.5672305822372437,0.5514863133430481,-0.0724637359380722,0.9998404383659364,0.9999701976776124,0.5333545804023743,0.5456537008285522,0.0861686021089553,0.9997135996818542,0.9999774694442748,0.5250757336616516,0.6152839660644531,-0.048248928040266,0.6009582281112671,0.9997934699058532,0.5071446299552917,0.5935968160629272,0.0164973344653844,0.2254076302051544,0.9996638298034668,0.5323905348777771,0.5486056804656982,0.0536027587950229,0.3072649240493774,0.9999938011169434,0.5382444858551025,0.5489283204078674,-0.1215143278241157,0.1159135103225708,0.9999891519546508,0.5624973177909851,0.6909226179122925,-0.0563492178916931,0.9999618530273438,0.9999948740005492,0.5399142503738403,0.6865752935409546,0.0563226491212844,0.9999793767929076,0.9999982118606568,0.4963027238845825,0.7125728726387024,-0.1544860452413559,0.7639369368553162,0.9999929666519164,0.4817529022693634,0.7020491361618042,-0.0328924618661403,0.2427648603916168,0.9999942779541016,0.5097091794013977,0.8499353528022766,-0.1488978415727615,0.8247956037521362,0.999942660331726,0.4894692301750183,0.8314833641052246,-0.0320925340056419,0.4042977094650268,0.9999551773071288
329,6.58,0.5291706323623657,0.5020578503608704,-0.0252715516835451,0.9991676807403564,0.999924898147583,0.5460430979728699,0.4967153370380401,-0.0495791994035244,0.9993396997451782,0.9998942613601683,0.5644137263298035,0.5515854954719543,-0.0734922066330909,0.9998481273651124,0.9999706745147704,0.5307503342628479,0.5454297661781311,0.0804735198616981,0.999731421470642,0.9999849796295166,0.5216697454452515,0.6175073981285095,-0.050284381955862,0.6279401779174805,0.999783456325531,0.5048287510871887,0.5956963300704956,0.0113575067371129,0.2328361123800277,0.9997394680976868,0.5296715497970581,0.5485695004463196,0.0490070953965187,0.345302939414978,0.9999949932098388,0.537111222743988,0.549037754535675,-0.1196920648217201,0.1289799809455871,0.9999947547912598,0.5625491738319397,0.6911572813987732,-0.0563358701765537,0.9999619722366332,0.9999935626983644,0.5399436950683594,0.6870856881141663,0.0563061274588108,0.9999793171882628,0.9999980926513672,0.4963368475437164,0.7119348645210266,-0.1461910754442215,0.7842734456062317,0.9999920129776,0.4816703200340271,0.701984703540802,-0.0320324972271919,0.2657938003540039,0.9999948740005492,0.5097846388816833,0.8496422171592712,-0.1370032578706741,0.8407350778579712,0.9999520778656006,0.4894510209560394,0.831584632396698,-0.0326624140143394,0.4378448128700256,0.9999626874923706
330,6.6,0.5262194275856018,0.5009384155273438,-0.0391315892338752,0.9991333484649658,0.999930739402771,0.5436265468597412,0.496420294046402,-0.0614880248904228,0.9993227124214172,0.9998914003372192,0.5614307522773743,0.5517554879188538,-0.0834520682692527,0.9998509287834167,0.999963402748108,0.5269719958305359,0.5452455282211304,0.0744837597012519,0.9997453093528748,0.9999822378158568,0.5191596746444702,0.6187158226966858,-0.0539154075086116,0.6479182243347168,0.9998515844345092,0.502227246761322,0.5982237458229065,0.0024108043871819,0.2396844178438186,0.9997530579566956,0.5271000862121582,0.5485293865203857,0.0501763597130775,0.377638429403305,0.9999957084655762,0.5348765254020691,0.5491911172866821,-0.1328766644001007,0.138141244649887,0.9999959468841552,0.5625272393226624,0.6918421387672424,-0.0567211881279945,0.9999595880508424,0.9999899864196776,0.5396109819412231,0.687990665435791,0.0566922314465045,0.99997740983963,0.9999966621398926,0.4968686997890472,0.7108269333839417,-0.1718076020479202,0.8016918301582336,0.999993085861206,0.4816044569015503,0.7016394138336182,-0.046342059969902,0.27688068151474,0.9999948740005492,0.5099108815193176,0.849799394607544,-0.1737478673458099,0.8547675013542175,0.9999459981918336,0.4894753396511078,0.8316145539283752,-0.047822143882513,0.4593943059444427,0.9999544620513916
331,6.62,0.5234249234199524,0.4998284876346588,-0.0414172857999801,0.9990015029907228,0.99985933303833,0.5407066345214844,0.4957289099693298,-0.0635462626814842,0.9992327094078064,0.999797523021698,0.5583301186561584,0.5517534613609314,-0.0855548754334449,0.9998492002487184,0.9999470710754396,0.523082971572876,0.5449646711349487,0.0723253116011619,0.999756157398224,0.9999768733978271,0.5172383189201355,0.6204556226730347,-0.0578252226114273,0.6618929505348206,0.9997994303703308,0.4996862411499023,0.6002565622329712,0.0018091129604727,0.2430184930562973,0.9997044205665588,0.5226227045059204,0.5485886335372925,0.0435030348598957,0.3933846652507782,0.999993085861206,0.5310995578765869,0.5492457151412964,-0.1318889111280441,0.1397988498210907,0.9999939203262328,0.5618253350257874,0.6918044090270996,-0.0567139014601707,0.9999579787254332,0.999990701675415,0.5370742082595825,0.6878840327262878,0.0566850639879703,0.9999760985374452,0.9999969005584716,0.4972871840000152,0.7110710144042969,-0.1769744008779525,0.8162637948989868,0.9999922513961792,0.4815294444561004,0.7004776000976562,-0.0587416253983974,0.2893524169921875,0.9999948740005492,0.510026216506958,0.8501686453819275,-0.1783472001552581,0.86665278673172,0.9999306201934814,0.4894508123397827,0.8319567441940308,-0.0603000186383724,0.4763515591621399,0.999947190284729
332,6.64,0.5201551914215088,0.4985444843769073,-0.0452152900397777,0.9990225434303284,0.9999544620513916,0.5370795726776123,0.4950080513954162,-0.0671833828091621,0.9992444515228271,0.9999209642410278,0.5552126169204712,0.5517764687538147,-0.0902927368879318,0.9998546838760376,0.9999748468399048,0.5201156735420227,0.5449506044387817,0.0694149434566497,0.9997712969779968,0.9999891519546508,0.5155314803123474,0.6222273707389832,-0.0614951141178607,0.6802685856819153,0.9998635053634644,0.4969249963760376,0.602068305015564,-0.0037015229463577,0.2510097026824951,0.9998199343681335,0.5192151665687561,0.5490264892578125,0.0423859842121601,0.4225049912929535,0.999996542930603,0.5285465717315674,0.5493308305740356,-0.1392207443714141,0.1563211381435394,0.999997854232788,0.5607089400291443,0.6917170286178589,-0.0574934519827365,0.9999547004699708,0.9999884366989136,0.5363484621047974,0.6877690553665161,0.0574633367359638,0.9999741911888124,0.9999966621398926,0.4972473084926605,0.7115925550460815,-0.1717009395360946,0.8274775743484497,0.9999881982803344,0.4812828004360199,0.7005434036254883,-0.0489003174006938,0.2879077792167663,0.999993085861206,0.5101746916770935,0.850537121295929,-0.1734364926815033,0.876666247844696,0.999907374382019,0.489503413438797,0.8332852125167847,-0.0581999458372592,0.4883564114570617,0.9999444484710692
333,6.66,0.5167920589447021,0.4976733028888702,-0.0537624694406986,0.999043583869934,0.999954342842102,0.5338631868362427,0.494371086359024,-0.0739015713334083,0.9992565512657166,0.9999141693115234,0.5521033406257629,0.55179762840271,-0.0944408550858497,0.999857485294342,0.99997079372406,0.5165956020355225,0.5448867082595825,0.0632474794983863,0.9997852444648744,0.9999903440475464,0.5120327472686768,0.6224319934844971,-0.0653015375137329,0.6971839070320129,0.9998658895492554,0.4938310086727142,0.6032413840293884,-0.0113450838252902,0.2658548057079315,0.9998260140419006,0.5155027508735657,0.5493061542510986,0.0361582078039646,0.4502943754196167,0.9999959468841552,0.5249797105789185,0.5493186116218567,-0.1471209526062011,0.1706862151622772,0.9999972581863404,0.5606445670127869,0.6912785768508911,-0.0575606152415275,0.999953031539917,0.9999898672103882,0.5361239314079285,0.6875610947608948,0.0575290098786354,0.9999731779098512,0.9999972581863404,0.4973457157611847,0.7116547226905823,-0.175041526556015,0.8404266834259033,0.9999911785125732,0.4809716343879699,0.701267659664154,-0.05359922721982,0.298760324716568,0.9999954700469972,0.510772168636322,0.8522480726242065,-0.1721945703029632,0.8865936994552612,0.9999228715896606,0.489497035741806,0.8342868089675903,-0.0599404424428939,0.5071868300437927,0.9999486207962036
334,6.68,0.5138617753982544,0.4967415034770965,-0.0533845052123069,0.9991050958633424,0.999976634979248,0.5313642024993896,0.4936261177062988,-0.0694212093949318,0.9993003606796264,0.9999510049819946,0.5489750504493713,0.5517420172691345,-0.0906460806727409,0.999861180782318,0.9999737739562988,0.5130744576454163,0.5447365045547485,0.0616277605295181,0.9997983574867249,0.9999922513961792,0.509020209312439,0.6219021081924438,-0.0592513419687747,0.7131621241569519,0.9998644590377808,0.4909651577472687,0.604606032371521,-0.0137862628325819,0.2806956470012665,0.9998449087142944,0.5127686262130737,0.5495894551277161,0.0434480234980583,0.4757560789585113,0.9999949932098388,0.5221022367477417,0.5493972897529602,-0.1482141464948654,0.1850150376558303,0.999997615814209,0.5603693723678589,0.69048011302948,-0.0575342997908592,0.999950647354126,0.9999887943267822,0.5356045365333557,0.6866722702980042,0.0575014613568782,0.9999716281890868,0.9999971389770508,0.4972144961357116,0.7139639258384705,-0.166228711605072,0.852871835231781,0.9999885559082032,0.4800848364830017,0.7029514908790588,-0.046529296785593,0.3057100474834442,0.9999935626983644,0.5112748742103577,0.8534810543060303,-0.16048564016819,0.8958321809768677,0.9999043941497804,0.4895413517951965,0.8351492881774902,-0.0470203161239624,0.5213853120803833,0.9999420642852784
335,6.7,0.5104150176048279,0.4951707124710083,-0.0717178583145141,0.999158263206482,0.9999823570251464,0.5284661054611206,0.4932248592376709,-0.0809376388788223,0.9993367791175842,0.9999563694000244,0.5452206134796143,0.5516379475593567,-0.0980626419186592,0.999861180782318,0.9999642372131348,0.5100767016410828,0.5443502068519592,0.0530384220182895,0.999809503555298,0.999990463256836,0.504795253276825,0.6214756369590759,-0.0720215588808059,0.7239537239074707,0.9998010993003844,0.4874537885189056,0.6046676635742188,-0.0243018101900815,0.2985982298851013,0.9998124241828918,0.5102444291114807,0.5496176481246948,0.0204656552523374,0.5040278434753418,0.9999933242797852,0.5191704630851746,0.5495062470436096,-0.164260059595108,0.2118983566761016,0.9999982118606568,0.5577933192253113,0.6893458366394043,-0.0574875995516777,0.9999476075172424,0.9999868869781494,0.532789945602417,0.6853418946266174,0.0574543699622154,0.999969482421875,0.999996304512024,0.4962983131408691,0.718290388584137,-0.1721140295267105,0.8653535842895508,0.9999889135360718,0.4778612554073334,0.7061469554901123,-0.0443486012518405,0.3252527713775635,0.999992609024048,0.5116891264915466,0.8553405404090881,-0.1684921383857727,0.9053533673286438,0.9999231100082396,0.4895749986171722,0.8355528712272644,-0.0338470786809921,0.5472908020019531,0.999956488609314
336,6.72,0.5072545409202576,0.4934327900409698,-0.0882504433393478,0.9992111325263976,0.9999713897705078,0.5253710746765137,0.492513358592987,-0.0847473889589309,0.9993671178817748,0.999914526939392,0.5417582392692566,0.5514326095581055,-0.0980746001005172,0.9998550415039062,0.9999213218688964,0.5067146420478821,0.5438732504844666,0.0417678765952587,0.9998159408569336,0.9999792575836182,0.5018839240074158,0.6210058331489563,-0.07723119109869,0.730572521686554,0.9995480179786682,0.4838070273399353,0.604487419128418,-0.0399320349097251,0.3266430199146271,0.9996609687805176,0.507326602935791,0.5495902895927429,0.0056167487055063,0.525980532169342,0.9999877214431764,0.5157259106636047,0.5494534373283386,-0.1782979816198349,0.2359356433153152,0.9999953508377076,0.5563326478004456,0.687958836555481,-0.056325439363718,0.99994158744812,0.999972939491272,0.5314497351646423,0.6836925148963928,0.0562857985496521,0.9999662637710572,0.9999932050704956,0.495972603559494,0.7223827242851257,-0.1661633402109146,0.8759939670562744,0.9999805688858032,0.4772295355796814,0.7090902328491211,-0.0410329513251781,0.3477363288402557,0.9999895095825196,0.5123550295829773,0.8572348952293396,-0.1595767587423324,0.9133141040802002,0.9998843669891356,0.489581435918808,0.8357953429222107,-0.0311368275433778,0.573375403881073,0.9999289512634276
337,6.74,0.5038901567459106,0.4912886023521423,-0.0982783362269401,0.9992802739143372,0.9999924898147584,0.5224761366844177,0.4918588697910309,-0.1012779772281646,0.9994219541549684,0.9999817609786988,0.5375975370407104,0.551257848739624,-0.1144148036837577,0.999861478805542,0.9999806880950928,0.5044481754302979,0.5434280037879944,0.0337190404534339,0.9998279213905334,0.9999942779541016,0.4975749254226684,0.621006190776825,-0.0875458866357803,0.7445050477981567,0.9997414946556092,0.4792606234550476,0.6041795611381531,-0.0502842292189598,0.334424763917923,0.9997188448905944,0.5064603090286255,0.54967200756073,0.0049662003293633,0.558687686920166,0.9999943971633912,0.5113732814788818,0.5494007468223572,-0.1895521283149719,0.2605158686637878,0.9999980926513672,0.5557695627212524,0.6879584789276123,-0.0565718226134777,0.9999375343322754,0.9999815225601196,0.5317541360855103,0.6829193830490112,0.0565308965742588,0.9999633431434632,0.9999949932098388,0.4957719445228576,0.7266042232513428,-0.1627566814422607,0.8869457244873047,0.999981164932251,0.4761050343513489,0.7112879157066345,-0.020703338086605,0.3614731132984161,0.9999871253967284,0.5124631524085999,0.8591482043266296,-0.153252899646759,0.9214545488357544,0.9999139308929444,0.4894387125968933,0.8369840979576111,0.0044945459812879,0.6003894209861755,0.9999493360519408
338,6.76,0.5010092854499817,0.4904685020446777,-0.0829461589455604,0.9993448257446288,0.999995231628418,0.5185026526451111,0.4909334480762481,-0.0973489060997963,0.9994745850563048,0.9999918937683104,0.5340549349784851,0.5507435202598572,-0.1164478436112403,0.999871551990509,0.9999924898147584,0.5025641918182373,0.5434374213218689,0.0411968976259231,0.9998401999473572,0.9999958276748656,0.4932095408439636,0.6204683780670166,-0.0895007699728012,0.764248788356781,0.99992036819458,0.4766343832015991,0.6038233637809753,-0.03792529925704,0.3413789868354797,0.999823272228241,0.5038897395133972,0.5496487617492676,0.0024915337562561,0.5972521305084229,0.9999971389770508,0.5058674216270447,0.5493824481964111,-0.1795587986707687,0.2856136262416839,0.9999984502792358,0.5544796586036682,0.6878108978271484,-0.0568608865141868,0.9999388456344604,0.9999912977218628,0.5304633378982544,0.6827452778816223,0.0568210966885089,0.9999626278877258,0.999996304512024,0.4953342974185943,0.7290416359901428,-0.1687244921922683,0.8977952003479004,0.9999932050704956,0.4746838808059692,0.7132545113563538,-0.0194464810192585,0.3905901610851288,0.9999924898147584,0.5124298930168152,0.8622814416885376,-0.1544755846261978,0.9290919899940492,0.9999574422836304,0.4894458651542663,0.8370370268821716,0.006831320002675,0.6282716393470764,0.9999661445617676
339,6.78,0.4980681538581848,0.4873072803020477,-0.0938750505447387,0.999399721622467,0.9999938011169434,0.5160838961601257,0.4889453947544098,-0.1051343828439712,0.9995192289352416,0.999988317489624,0.5307435989379883,0.5500108003616333,-0.1225074976682663,0.9998795986175536,0.9999897480010986,0.5008161664009094,0.5426038503646851,0.0318938009440898,0.9998501539230348,0.9999943971633912,0.4906784892082214,0.6205763816833496,-0.0976102128624916,0.7818143367767334,0.9998881816864014,0.4726493954658508,0.6036231517791748,-0.0496838167309761,0.3467129170894623,0.9997875094413756,0.5003876686096191,0.5512925386428833,-0.0095032062381505,0.6304555535316467,0.9999957084655762,0.5021048784255981,0.5492482781410217,-0.1901138573884964,0.2977442443370819,0.9999971389770508,0.5522840619087219,0.687049925327301,-0.0568664483726024,0.9999389052391052,0.9999889135360718,0.5284621715545654,0.6817741394042969,0.0568270534276962,0.9999611377716064,0.9999953508377076,0.4942871928215027,0.7310910820960999,-0.1751698106527328,0.907655954360962,0.9999933242797852,0.4739306569099426,0.7155923843383789,-0.0214939396828413,0.4187586605548858,0.999993085861206,0.5124377608299255,0.8631511926651001,-0.1606276929378509,0.9360180497169496,0.9999656677246094,0.4893119037151336,0.8391048312187195,0.0023017665371298,0.6561360955238342,0.9999669790267944
340,6.8,0.4954503178596496,0.4838548898696899,-0.1037212163209915,0.9994558691978456,0.9999972581863404,0.5136116743087769,0.4868873953819275,-0.1154220923781395,0.999564290046692,0.9999945163726808,0.5279236435890198,0.547980546951294,-0.1306169033050537,0.9998883605003356,0.9999935626983644,0.4986813962459564,0.5403475761413574,0.0267303064465522,0.9998615980148317,0.9999971389770508,0.488248348236084,0.6201569437980652,-0.1067206412553787,0.7997061014175415,0.9999123811721802,0.4701748192310333,0.6031358242034912,-0.0525269173085689,0.3635100424289703,0.9998635053634644,0.4993524849414825,0.5511415600776672,-0.021320167928934,0.6637020111083984,0.9999970197677612,0.4987861514091491,0.5489072799682617,-0.196684643626213,0.3290542662143707,0.9999984502792358,0.549775242805481,0.6853989362716675,-0.0569842681288719,0.9999406933784484,0.9999922513961792,0.5263136625289917,0.6794124841690063,0.0569478720426559,0.9999613761901855,0.9999969005584716,0.4919813275337219,0.7315855622291565,-0.16968435049057,0.9167181253433228,0.9999953508377076,0.4727421998977661,0.7177137732505798,-0.0167672988027334,0.4570323228836059,0.999995231628418,0.5124539136886597,0.8631718754768372,-0.1529682278633117,0.9423405528068542,0.9999771118164062,0.4893118739128113,0.8396891951560974,0.0248838067054748,0.6853070259094238,0.9999804496765136
341,6.82,0.4920963644981384,0.479911059141159,-0.1129258051514625,0.9995081424713136,0.9999980926513672,0.5102331638336182,0.4834217727184295,-0.12591153383255,0.9996063113212584,0.9999964237213136,0.525027334690094,0.5444269180297852,-0.1398756951093673,0.9998971819877625,0.9999959468841552,0.4966780841350555,0.5360706448554993,0.022005146369338,0.9998728036880492,0.9999982118606568,0.4849414229393005,0.6191389560699463,-0.1154587417840957,0.8177087306976318,0.9999176263809204,0.4679940342903137,0.6011558771133423,-0.0549819320440292,0.3828765153884887,0.9998830556869508,0.4978840947151184,0.5487499237060547,-0.029943861067295,0.6954951286315918,0.9999979734420776,0.4957823157310486,0.5463908314704895,-0.195317193865776,0.3662525117397308,0.999998927116394,0.547664225101471,0.6803454160690308,-0.0578655190765857,0.9999428987503052,0.9999924898147584,0.525734007358551,0.6739346385002136,0.05784348025918,0.9999623894691468,0.99999737739563,0.4902485609054565,0.7328169345855713,-0.1627752929925918,0.9249469637870787,0.9999949932098388,0.4722727239131927,0.7200815677642822,-0.0111449491232633,0.4991662204265594,0.9999958276748656,0.5124378800392151,0.8627108335494995,-0.1262170374393463,0.9480636119842528,0.9999784231185912,0.48931485414505,0.8411725759506226,0.0300112757831811,0.7143364548683167,0.9999834299087524
342,6.84,0.4900117814540863,0.4748336672782898,-0.1226599663496017,0.99955552816391,0.9999984502792358,0.5088009238243103,0.4775638580322265,-0.1385723203420639,0.9996441602706908,0.999996304512024,0.5222814083099365,0.5393799543380737,-0.1520603746175766,0.9999051094055176,0.9999960660934448,0.4952466189861297,0.5318150520324707,0.0152395730838179,0.9998838305473328,0.9999990463256836,0.482343465089798,0.6155001521110535,-0.1273204982280731,0.8339229822158813,0.999912977218628,0.4646692872047424,0.5980600118637085,-0.0612781681120395,0.3986511528491974,0.9999269247055054,0.4936519563198089,0.5458065271377563,-0.0429722666740417,0.724411129951477,0.999997615814209,0.4899411201477051,0.5453206896781921,-0.2068937420845031,0.4095663130283355,0.9999994039535522,0.5463937520980835,0.6740842461585999,-0.0595188066363334,0.9999449253082277,0.9999932050704956,0.5237308740615845,0.6666213274002075,0.0595072507858276,0.9999634623527528,0.9999979734420776,0.4885978698730469,0.7331153154373169,-0.1573410332202911,0.9323522448539734,0.999993085861206,0.4720059037208557,0.7214867472648621,-0.0024072336964309,0.5321799516677856,0.9999946355819702,0.5123948454856873,0.8627963662147522,-0.1265094727277755,0.9532247185707092,0.999968409538269,0.4891056716442108,0.8415656685829163,0.0440401285886764,0.739704966545105,0.9999828338623048
343,6.86,0.4879590272903442,0.4699008166790008,-0.1384506523609161,0.9995996952056884,0.9999996423721312,0.5073791146278381,0.4725013971328735,-0.1455319225788116,0.9996795058250428,0.9999991655349731,0.5203197002410889,0.5341303944587708,-0.154966801404953,0.9999133348464966,0.9999982118606568,0.4926186800003052,0.5278523564338684,0.0134296501055359,0.9998942017555236,0.9999994039535522,0.4812912344932556,0.6095143556594849,-0.1263094693422317,0.8496851921081543,0.9999425411224364,0.4630677103996277,0.5928831696510315,-0.0606659650802612,0.418170154094696,0.9999171495437622,0.4924383461475372,0.5397951602935791,-0.0381551869213581,0.7514930367469788,0.9999988079071044,0.4884700775146484,0.5415915250778198,-0.2050490975379943,0.4572968184947967,0.9999996423721312,0.5451648235321045,0.6690373420715332,-0.0613002143800258,0.9999470114707948,0.999992609024048,0.5233186483383179,0.659554123878479,0.0612912997603416,0.999964475631714,0.999997615814209,0.4868412315845489,0.7353305220603943,-0.1222286969423294,0.9390528798103333,0.9999921321868896,0.4718458354473114,0.7210153937339783,0.0147073986008763,0.5693384408950806,0.9999936819076538,0.5123870968818665,0.8628570437431335,-0.093555636703968,0.9578888416290284,0.9999676942825316,0.4889576733112335,0.8413160443305969,0.0586205758154392,0.7644680738449097,0.9999855756759644
344,6.88,0.4857970476150512,0.4632773399353027,-0.1233406215906143,0.9996389746665956,0.9999990463256836,0.5046834349632263,0.4650558829307556,-0.1353998780250549,0.9997109174728394,0.999997854232788,0.5182203650474548,0.5267732739448547,-0.1485610008239746,0.99992036819458,0.99999737739563,0.4906298816204071,0.5230875015258789,0.0227650087326765,0.9999032020568848,0.9999991655349731,0.4813590943813324,0.6030030250549316,-0.1162706539034843,0.8631528615951538,0.9999313354492188,0.4622968137264251,0.5869299173355103,-0.050042275339365,0.4222576916217804,0.9999169111251832,0.4910427033901214,0.5337392091751099,-0.0209364648908376,0.7752477526664734,0.9999984502792358,0.4861186444759369,0.5370355844497681,-0.1926300674676895,0.4948097765445709,0.9999996423721312,0.5429145693778992,0.6653180122375488,-0.062582217156887,0.999948501586914,0.999992847442627,0.5210728049278259,0.6568042039871216,0.0625780373811721,0.9999651312828064,0.9999977350234984,0.4863976836204529,0.7363581657409668,-0.1102897748351097,0.9450209736824036,0.9999905824661256,0.47142493724823,0.721916675567627,0.0252072922885417,0.5961655378341675,0.999992847442627,0.5122334361076355,0.863064169883728,-0.0854177996516227,0.9620760083198548,0.999962329864502,0.4888918697834015,0.8414419293403625,0.0686696097254753,0.7857940196990967,0.9999849796295166
345,6.9,0.4844107329845428,0.4573421478271484,-0.1231283694505691,0.999674916267395,0.9999997615814208,0.5026143789291382,0.4579039812088012,-0.1350629776716232,0.9997396469116212,0.9999994039535522,0.516791045665741,0.5195325016975403,-0.1490386873483657,0.9999274611473083,0.999998927116394,0.4886061549186706,0.5173465609550476,0.0273073390126228,0.999911904335022,0.9999996423721312,0.480589210987091,0.5960675477981567,-0.1166884675621986,0.8759523630142212,0.9999576807022096,0.4610646069049835,0.580064594745636,-0.0469386242330074,0.4340642690658569,0.9999427795410156,0.4893498718738556,0.5264275074005127,-0.0167744494974613,0.79697185754776,0.9999992847442628,0.4861732423305511,0.5285959243774414,-0.1913681328296661,0.525719940662384,0.9999996423721312,0.5422618985176086,0.6598036885261536,-0.06462974101305,0.9999505281448364,0.9999946355819702,0.520188570022583,0.6524348258972168,0.0646314620971679,0.999966323375702,0.9999983310699464,0.4857240617275238,0.7366852760314941,-0.1155273392796516,0.9504311084747314,0.9999949932098388,0.4711575210094452,0.7228350639343262,0.0218685008585453,0.6228755116462708,0.9999957084655762,0.5121433138847351,0.863180935382843,-0.094658575952053,0.965848982334137,0.9999731779098512,0.4888927042484283,0.8421583771705627,0.0651953667402267,0.8049084544181824,0.9999886751174928
346,6.92,0.4835163354873657,0.4503470957279205,-0.1369177550077438,0.9997071623802184,0.9999996423721312,0.5019879937171936,0.4511756300926208,-0.1381108462810516,0.999765396118164,0.9999988079071044,0.5163403153419495,0.5124268531799316,-0.148074522614479,0.999933123588562,0.9999974966049194,0.486611396074295,0.5113599300384521,0.0243760682642459,0.9999194145202636,0.9999992847442628,0.4795177578926086,0.5892630219459534,-0.119515061378479,0.8865211009979248,0.999941110610962,0.4591764807701111,0.5742149949073792,-0.0510967299342155,0.4482703506946563,0.9999264478683472,0.4876255095005035,0.5222881436347961,-0.0310606472194194,0.8161691427230835,0.9999986886978148,0.4831097722053528,0.5254903435707092,-0.2034005373716354,0.5544407367706299,0.9999994039535522,0.5419700145721436,0.6558724045753479,-0.0644975453615188,0.999951958656311,0.9999943971633912,0.5186840891838074,0.6494135856628418,0.0644897446036338,0.9999672174453736,0.9999984502792358,0.4863001406192779,0.7391967177391052,-0.1047400534152984,0.9551562070846558,0.9999918937683104,0.4710839092731476,0.7245224118232727,0.0263803172856569,0.6421048641204834,0.9999940395355223,0.5120790600776672,0.8631246089935303,-0.0765551850199699,0.969214141368866,0.9999619722366332,0.4888862371444702,0.8422151207923889,0.0771419927477836,0.8205411434173584,0.9999866485595704
347,6.94,0.4829902648925781,0.4425979554653168,-0.1412317603826522,0.999736189842224,0.9999996423721312,0.5014355778694153,0.4435781240463257,-0.1345963776111602,0.9997886419296264,0.9999988079071044,0.5156073570251465,0.5050601959228516,-0.1435399204492569,0.9999383687973022,0.99999737739563,0.4849805831909179,0.5040674209594727,0.0242641028016805,0.9999255537986756,0.9999986886978148,0.4780744016170501,0.5821322202682495,-0.1194537952542305,0.8958398699760437,0.9999381303787231,0.4585620760917663,0.5659895539283752,-0.0562246926128864,0.4592649638652801,0.9998830556869508,0.4870117008686065,0.5116560459136963,-0.041284080594778,0.8334957957267761,0.9999988079071044,0.4832035303115845,0.5161405205726624,-0.214462324976921,0.5710870027542114,0.9999988079071044,0.5416647791862488,0.6516512632369995,-0.0641762539744377,0.9999529123306274,0.9999939203262328,0.5174570679664612,0.6467477679252625,0.0641617700457573,0.999967634677887,0.9999979734420776,0.4867932200431824,0.7407549023628235,-0.0973445102572441,0.959303081035614,0.9999916553497314,0.4707694053649902,0.7259629368782043,0.0293591823428869,0.6574981808662415,0.999992847442627,0.5120611786842346,0.8633893132209778,-0.0632315129041671,0.9722139239311218,0.9999657869338988,0.4888545572757721,0.8434402942657471,0.0879838615655899,0.8336910605430603,0.999985933303833
348,6.96,0.4819939732551574,0.4344407618045807,-0.1372551321983337,0.9997616410255432,0.9999986886978148,0.5012065768241882,0.4359168708324432,-0.1279379427433014,0.9998087882995604,0.9999951124191284,0.5154317021369934,0.4981207847595215,-0.1373636722564697,0.999941110610962,0.9999912977218628,0.4835750460624695,0.4962597787380218,0.023773169144988,0.9999297261238098,0.99999737739563,0.4786410629749298,0.573546826839447,-0.111024759709835,0.8989592790603638,0.999861478805542,0.45721635222435,0.5571462512016296,-0.0621285215020179,0.4645548164844513,0.9998576641082764,0.4866172969341278,0.5042607188224792,-0.0262535978108644,0.8440122008323669,0.9999959468841552,0.4848160743713379,0.5040633082389832,-0.2217077761888504,0.5724872350692749,0.9999983310699464,0.5415036678314209,0.6445241570472717,-0.0637972727417945,0.99995219707489,0.9999923706054688,0.5166286826133728,0.6409949660301208,0.0637824758887291,0.9999673366546632,0.9999979734420776,0.4871390163898468,0.7410567402839661,-0.090408019721508,0.9620804786682128,0.9999833106994628,0.470776230096817,0.7268487215042114,0.0269685294479131,0.6517199277877808,0.999990940093994,0.5120556950569153,0.8632829785346985,-0.0479555204510688,0.9746202230453492,0.9999456405639648,0.4888189435005188,0.8435226678848267,0.0936429426074028,0.8369731307029724,0.999980926513672
349,6.98,0.4810635149478912,0.4261035919189453,-0.1264077574014663,0.9997836351394652,0.9999977350234984,0.5004359483718872,0.4269279241561889,-0.1257901191711425,0.9998261332511902,0.999993085861206,0.5145108103752136,0.4902976155281067,-0.1377324014902115,0.9999430179595948,0.999990463256836,0.4836064577102661,0.487881064414978,0.025137098506093,0.9999329447746276,0.9999969005584716,0.4783827066421509,0.5658884644508362,-0.1096013039350509,0.9003424644470215,0.9998558759689332,0.4561805427074432,0.5473724007606506,-0.0646791160106659,0.4662331640720367,0.9998618364334106,0.4857987463474273,0.5007935166358948,-0.019459081813693,0.8504027128219604,0.999995231628418,0.486183613538742,0.4905784428119659,-0.2215005010366439,0.5702294707298279,0.9999985694885254,0.5408589243888855,0.6383666396141052,-0.0638129785656929,0.9999520182609558,0.9999927282333374,0.5156282782554626,0.6342321634292603,0.0637944713234901,0.999967396259308,0.9999980926513672,0.488152801990509,0.7411155700683594,-0.0948704481124877,0.9647862911224364,0.9999854564666748,0.4707542955875397,0.7267584204673767,0.027959169819951,0.64498370885849,0.9999922513961792,0.5119970440864563,0.8637791275978088,-0.0652055218815803,0.9769350290298462,0.999946355819702,0.4888191521167755,0.8441048860549927,0.0894859060645103,0.841216504573822,0.9999829530715942
350,7.0,0.4812397062778473,0.4160785675048828,-0.1231968030333519,0.9998034238815308,0.999997615814209,0.5005921125411987,0.4182111322879791,-0.1213213130831718,0.999841332435608,0.9999901056289672,0.514352023601532,0.4800294041633606,-0.1358405649662017,0.9999430775642396,0.9999829530715942,0.4828835129737854,0.4780572950839996,0.0278870705515146,0.9999358057975768,0.999996542930603,0.4788088798522949,0.5563192963600159,-0.1089694276452064,0.8974986672401428,0.999794065952301,0.4556675851345062,0.5372692942619324,-0.06250611692667,0.4726847112178802,0.9998717308044434,0.4844345450401306,0.4954207241535187,-0.0187873933464288,0.8539991974830627,0.9999934434890748,0.4874424934387207,0.4785381257534027,-0.2220279425382614,0.5844264626502991,0.9999991655349731,0.5402917265892029,0.6300577521324158,-0.063559703528881,0.999948799610138,0.9999877214431764,0.5144014358520508,0.6270070672035217,0.0635385140776634,0.9999660849571228,0.9999972581863404,0.4883584678173065,0.74025958776474,-0.0918516293168068,0.965669333934784,0.999964952468872,0.4708009660243988,0.7259434461593628,0.0257917810231447,0.6254846453666687,0.9999858140945436,0.5119936466217041,0.863801121711731,-0.0675815120339393,0.9787452816963196,0.9999059438705444,0.4888105392456054,0.8439245820045471,0.081642098724842,0.8380869626998901,0.9999737739562988
351,7.02,0.4813412129878998,0.4065346419811249,-0.1207729801535606,0.9998217225074768,0.9999979734420776,0.5010595321655273,0.409233808517456,-0.1122034415602684,0.9998557567596436,0.999992847442627,0.513720691204071,0.4691309332847595,-0.1273390501737594,0.9999443292617798,0.9999881982803344,0.4831790030002594,0.4699257910251617,0.0396063551306724,0.999938666820526,0.9999969005584716,0.4782934784889221,0.547261655330658,-0.0946212336421012,0.8969119787216187,0.9998592138290404,0.4561321139335632,0.5285294651985168,-0.0552763827145099,0.4737293124198913,0.9998838901519777,0.4838278889656067,0.4876995384693146,0.0004745293408632,0.8570336699485779,0.9999939203262328,0.4856330156326294,0.472453236579895,-0.2113503664731979,0.5881679654121399,0.9999988079071044,0.538694441318512,0.6227186918258667,-0.0635747835040092,0.99994957447052,0.9999938011169434,0.5123123526573181,0.6210964918136597,0.0635502487421035,0.99996680021286,0.9999984502792358,0.4889780282974243,0.7396274209022522,-0.092364601790905,0.9677037596702576,0.9999791383743286,0.4709055125713348,0.7256599068641663,0.0259410440921783,0.6222280263900757,0.9999911785125732,0.5119641423225403,0.8637276887893677,-0.0715214386582374,0.9805487990379332,0.9999204874038696,0.4888164699077606,0.8440268635749817,0.0782506465911865,0.8407874703407288,0.9999775886535645
352,7.04,0.4812310338020324,0.396026998758316,-0.0895941704511642,0.9998335242271424,0.9999910593032836,0.5005072355270386,0.3984229564666748,-0.0985276848077774,0.9998657703399658,0.9999812841415404,0.5134437680244446,0.4583081007003784,-0.1217601373791694,0.9999449253082277,0.9999879598617554,0.4837248623371124,0.4592324197292328,0.0545879751443862,0.9999378323554992,0.9999935626983644,0.4776143729686737,0.5373275279998779,-0.0905956178903579,0.8957944512367249,0.9998730421066284,0.4567995071411133,0.5173636674880981,-0.0412199348211288,0.458588033914566,0.9998494386672974,0.4836253523826599,0.4764412641525268,0.0080108009278774,0.8538103699684143,0.999994158744812,0.4847927391529083,0.4645012319087982,-0.206080749630928,0.5598474144935608,0.9999966621398926,0.5372145771980286,0.6149529814720154,-0.0644679144024849,0.999951183795929,0.9999954700469972,0.5115898251533508,0.612531304359436,0.0644470900297164,0.9999676942825316,0.9999986886978148,0.4905418753623962,0.7380778193473816,-0.094808243215084,0.969338059425354,0.999986171722412,0.4710048139095306,0.7252140641212463,0.025426035746932,0.6110201478004456,0.9999927282333374,0.5118997097015381,0.8636738657951355,-0.07881860435009,0.9821510314941406,0.999927282333374,0.4892292618751526,0.8439686298370361,0.0738729685544967,0.8390935659408569,0.9999792575836182
353,7.06,0.4816200137138366,0.3860709071159363,-0.0513622537255287,0.9998364448547364,0.9999779462814332,0.5000777840614319,0.3876264095306396,-0.0696022287011146,0.9998718500137328,0.9999721050262452,0.5139949917793274,0.4473361670970917,-0.1033122986555099,0.9999470114707948,0.9999912977218628,0.4838080406188965,0.4504583775997162,0.0817202478647232,0.999935507774353,0.9999896287918092,0.4779567122459411,0.5258052349090576,-0.0687378868460655,0.89785236120224,0.9999399185180664,0.4574241936206817,0.5098381638526917,-0.0106772240251302,0.4427157640457153,0.9998666048049928,0.482431948184967,0.4641025364398956,0.0385072566568851,0.8509141802787781,0.9999951124191284,0.484436959028244,0.4564687013626098,-0.1899878680706024,0.5289021134376526,0.9999949932098388,0.534760057926178,0.6069166660308838,-0.0656306222081184,0.9999534487724304,0.999996542930603,0.508714497089386,0.6053560376167297,0.0656146109104156,0.9999687075614928,0.9999986886978148,0.4908347725868225,0.7362438440322876,-0.0891951471567154,0.9697414636611938,0.9999887943267822,0.471841812133789,0.7248573303222656,0.0330453589558601,0.5904378890991211,0.9999934434890748,0.5116932392120361,0.8636144399642944,-0.0669644251465797,0.9831292033195496,0.9999171495437622,0.4893063604831695,0.8438966274261475,0.0838334932923317,0.830747127532959,0.9999735355377196
354,7.08,0.4817618727684021,0.3766651749610901,-0.0568208135664463,0.9998295903205872,0.9999579191207886,0.4998143017292022,0.3781558871269226,-0.0729051157832145,0.9998713731765748,0.9999423027038574,0.5140724778175354,0.4386278688907623,-0.1037303134799003,0.9999468922615052,0.9999839067459106,0.4839411973953247,0.4419395327568054,0.0807652622461319,0.999929904937744,0.9999833106994628,0.4777482748031616,0.5157944560050964,-0.0669927150011062,0.8976956009864807,0.9998960494995116,0.4573216736316681,0.5018413662910461,-0.0103647466748952,0.4277090430259704,0.9998216032981871,0.4810223877429962,0.4591035842895508,0.0447901599109172,0.8448603749275208,0.9999922513961792,0.4849707186222076,0.4441282749176025,-0.1876870691776275,0.5064325332641602,0.9999951124191284,0.5334522128105164,0.5998213887214661,-0.0667018815875053,0.9999538064002992,0.9999933242797852,0.507795512676239,0.5996343493461609,0.0666876509785652,0.9999684691429138,0.999997615814209,0.4913401007652282,0.7312517762184143,-0.0874142274260521,0.9691786766052246,0.99998140335083,0.4727094769477844,0.7241085767745972,0.0385905355215072,0.5669019222259521,0.999991536140442,0.5115182995796204,0.8631052374839783,-0.0698621049523353,0.983928918838501,0.999916672706604,0.4895223081111908,0.8438246250152588,0.0815363600850105,0.8260917663574219,0.9999719858169556
355,7.1,0.4818911254405975,0.3678238987922668,-0.0295901596546173,0.9998285174369812,0.9999741315841676,0.4997681379318237,0.3696887493133545,-0.0527710765600204,0.9998750686645508,0.9999685287475586,0.513995349407196,0.4284740686416626,-0.0901479944586753,0.9999485611915588,0.999990701675415,0.4835081696510315,0.4340273141860962,0.1011892482638359,0.9999263882637024,0.999986171722412,0.4777085483074188,0.5051534175872803,-0.053973838686943,0.8994534015655518,0.9999338388442992,0.4575590789318084,0.4933531582355499,0.0114221889525651,0.4135147333145141,0.999853491783142,0.47987762093544,0.4513785243034363,0.0616386383771896,0.8383681774139404,0.9999939203262328,0.4853191077709198,0.4338996410369873,-0.1642129272222519,0.4823525249958038,0.9999949932098388,0.5323735475540161,0.5914028882980347,-0.0676718652248382,0.9999552965164183,0.9999955892562866,0.5067931413650513,0.5917949080467224,0.067650482058525,0.9999688267707824,0.9999982118606568,0.492145836353302,0.725652277469635,-0.0917343348264694,0.969202160835266,0.999986171722412,0.4742611646652221,0.7222954034805298,0.0415609367191791,0.546906054019928,0.999993085861206,0.5113848447799683,0.8630938529968262,-0.0738596469163894,0.9845985174179076,0.9999275207519532,0.4896738231182098,0.844323992729187,0.0776411369442939,0.819431722164154,0.999970316886902
356,7.12,0.4819891154766083,0.3606002628803253,-0.0533754862844944,0.9998267889022828,0.999976396560669,0.5005342960357666,0.3629754483699798,-0.058781910687685,0.9998762607574464,0.9999665021896362,0.5135363936424255,0.4211420118808746,-0.0898847803473472,0.9999473094940186,0.9999812841415404,0.4834009706974029,0.4250820279121399,0.103026732802391,0.9999164938926696,0.9999663829803468,0.4764938354492187,0.4973224699497223,-0.0511145330965518,0.8931663036346436,0.9998856782913208,0.4573138356208801,0.4859240055084228,0.0140436682850122,0.3982882797718048,0.99968683719635,0.4781571924686432,0.4495495557785034,0.0608166716992855,0.8222603797912598,0.99998676776886,0.4844145178794861,0.4280000030994415,-0.1702954918146133,0.4606139957904815,0.9999895095825196,0.5306071043014526,0.5882315635681152,-0.0693947970867157,0.9999563694000244,0.9999959468841552,0.5058183073997498,0.5872358679771423,0.0693472921848297,0.9999688863754272,0.9999980926513672,0.4935167133808136,0.7236326336860657,-0.0909464508295059,0.96977961063385,0.9999899864196776,0.4756059646606445,0.7220755219459534,0.0529561191797256,0.5434052348136902,0.9999945163726808,0.5113845467567444,0.8630586862564087,-0.0731367096304893,0.9854925870895386,0.9999560117721558,0.489725649356842,0.8442318439483643,0.108937382698059,0.8241137266159058,0.9999837875366212
357,7.14,0.4823228418827057,0.3521770238876343,-0.0388744212687015,0.9998170137405396,0.9999738931655884,0.5012742280960083,0.3569774031639099,-0.0532094202935695,0.999875783920288,0.9999710321426392,0.5135399699211121,0.4140322506427765,-0.0900891125202179,0.9999479055404664,0.9999873638153076,0.4842313826084137,0.4163418412208557,0.1127514988183975,0.999908447265625,0.9999699592590332,0.4757762551307678,0.4891485273838043,-0.0486492663621902,0.8931611180305481,0.9999241828918456,0.4576305747032165,0.4746356010437011,0.025085786357522,0.3781573176383972,0.9997383952140808,0.4783365428447723,0.4424942433834076,0.074818767607212,0.8123073577880859,0.9999903440475464,0.4850412607192993,0.4193266034126282,-0.161772534251213,0.4335766434669494,0.9999881982803344,0.528285562992096,0.5847062468528748,-0.0702990740537643,0.999958336353302,0.999997615814209,0.5042284727096558,0.5838998556137085,0.0702550113201141,0.9999695420265198,0.9999985694885254,0.4961082637310028,0.7223898768424988,-0.0851498544216156,0.971213400363922,0.9999936819076538,0.477744847536087,0.7205501198768616,0.0602118894457817,0.5453720688819885,0.999996781349182,0.5114937424659729,0.862515389919281,-0.0610201619565486,0.986435055732727,0.9999797344207764,0.4897128045558929,0.8439526557922363,0.1189719960093498,0.8305714726448059,0.999990940093994
358,7.16,0.4823593199253082,0.3480650782585144,-0.0317897088825702,0.999798595905304,0.9999618530273438,0.5017026662826538,0.3512686491012573,-0.0427394248545169,0.9998721480369568,0.999962329864502,0.51344895362854,0.4085071682929992,-0.0811127945780754,0.9999465346336364,0.9999821186065674,0.4849101901054382,0.4107549786567688,0.1178717836737632,0.9998871088027954,0.999935507774353,0.4748021960258484,0.4804896712303161,-0.0432233735918998,0.8867382407188416,0.9998754262924194,0.4575466811656952,0.4668599367141723,0.0284472126513719,0.3543396294116974,0.9994866847991944,0.4795180857181549,0.4313675463199615,0.0738745629787445,0.7925076484680176,0.9999837875366212,0.4859502911567688,0.409695029258728,-0.1551278382539749,0.4021807909011841,0.999975323677063,0.5265739560127258,0.5811771750450134,-0.0703407004475593,0.9999600052833556,0.999997615814209,0.5026546716690063,0.5811945199966431,0.0702853202819824,0.999969720840454,0.9999984502792358,0.5005439519882202,0.7228249907493591,-0.0830984786152839,0.9725309014320374,0.999994158744812,0.4806070923805237,0.7202072143554688,0.0790845975279808,0.5396711826324463,0.9999959468841552,0.5117142796516418,0.8628804087638855,-0.0611369796097278,0.9873250126838684,0.9999788999557496,0.4897124171257019,0.8438946008682251,0.1576800197362899,0.834619402885437,0.99998939037323
359,7.18,0.4827929735183716,0.3416821658611297,-0.0213775970041751,0.99972802400589,0.9999115467071532,0.5022435784339905,0.3463840782642364,-0.0338836871087551,0.9998434782028198,0.9999152421951294,0.5132814645767212,0.4033020436763763,-0.0731135532259941,0.9999423623085022,0.9999688863754272,0.4852569699287414,0.4075811505317688,0.1181684210896492,0.9998663663864136,0.9999197721481324,0.4733695983886719,0.4743989706039428,-0.0353611782193183,0.8693399429321289,0.9998027682304382,0.4570325911045074,0.460489273071289,0.0288182217627763,0.332463264465332,0.9994742274284364,0.479202389717102,0.428006112575531,0.0812752544879913,0.7533524632453918,0.999959111213684,0.4866642355918884,0.4030905663967132,-0.1505643427371978,0.3772629797458648,0.9999802112579346,0.5242742300033569,0.5738271474838257,-0.0697228983044624,0.999961256980896,0.9999971389770508,0.5004101991653442,0.5752595067024231,0.0696733295917511,0.999969720840454,0.9999980926513672,0.5029588341712952,0.7195525169372559,-0.0865608751773834,0.9729236960411072,0.9999903440475464,0.4841712415218353,0.7176907658576965,0.0759065672755241,0.5236884355545044,0.9999943971633912,0.5117559432983398,0.8628650307655334,-0.0672231242060661,0.9879367351531982,0.9999788999557496,0.4897540211677551,0.84347003698349,0.1455480456352234,0.8345634341239929,0.999987244606018
360,7.2,0.483223408460617,0.3405462801456451,-0.0091384500265121,0.9995965361595154,0.9998630285263062,0.5026434063911438,0.3438964188098907,-0.0253614857792854,0.9998020529747008,0.9999070167541504,0.5127251148223877,0.3982613980770111,-0.070019707083702,0.9999375939369202,0.9999672174453736,0.485451340675354,0.4033278524875641,0.1306186914443969,0.9998138546943665,0.9998157620429992,0.4718284904956817,0.4687109589576721,-0.0314080044627189,0.8598710298538208,0.9998527765274048,0.4555962383747101,0.451936662197113,0.0432085469365119,0.3095303475856781,0.9992395639419556,0.4751989543437958,0.4337107837200165,0.0894847139716148,0.7203402519226074,0.9999508857727052,0.4870166480541229,0.3990477323532104,-0.1331621557474136,0.3469421863555908,0.9999442100524902,0.5218494534492493,0.5732522010803223,-0.0698690041899681,0.9999618530273438,0.9999961853027344,0.4986012279987335,0.5749099850654602,0.0698083713650703,0.999968409538269,0.9999966621398926,0.5061495900154114,0.7202901840209961,-0.0895766094326973,0.974049746990204,0.9999886751174928,0.4869934916496277,0.7176924347877502,0.0865197926759719,0.5147255659103394,0.9999923706054688,0.5121500492095947,0.8628314733505249,-0.0715435668826103,0.9884833097457886,0.999969720840454,0.4898324012756347,0.8434606790542603,0.1549433171749115,0.8365680575370789,0.9999784231185912
361,7.22,0.4834815561771393,0.3388931155204773,0.0057469918392598,0.9995023608207704,0.9999042749404908,0.502955436706543,0.3416726291179657,-0.0140416137874126,0.9997655153274536,0.9999302625656128,0.512534499168396,0.3957406282424927,-0.0602286420762538,0.9999343156814576,0.999974489212036,0.4857830703258514,0.4001878798007965,0.1357717663049698,0.9997804760932922,0.9998689889907836,0.4704643487930298,0.4647382795810699,-0.0181038007140159,0.8457834720611572,0.9998581409454346,0.4547014832496643,0.4475623071193695,0.0459817983210086,0.2889326214790344,0.9993650317192078,0.4756491482257843,0.4258501529693603,0.1088409125804901,0.6849074959754944,0.9999600648880004,0.4873824119567871,0.3927758038043976,-0.1251560449600219,0.320259153842926,0.999958634376526,0.518975019454956,0.5687180757522583,-0.0694968774914741,0.9999618530273438,0.9999961853027344,0.4964559376239776,0.5711702108383179,0.0694378912448883,0.99996680021286,0.9999970197677612,0.5076603889465332,0.7206786274909973,-0.0804452076554298,0.973560869693756,0.999984860420227,0.4886630773544311,0.717498779296875,0.0781928673386573,0.5019346475601196,0.9999916553497314,0.5122950077056885,0.8626656532287598,-0.0664346292614936,0.9882846474647522,0.9999483823776244,0.4898458421230316,0.8436532020568848,0.1382026523351669,0.832226037979126,0.9999735355377196
362,7.24,0.4837647378444671,0.3364743590354919,0.0026478148065507,0.999469518661499,0.9999208450317384,0.5030650496482849,0.3413944542407989,-0.0178136881440877,0.9997577667236328,0.9999405145645142,0.5124276876449585,0.3936707973480224,-0.0633151233196258,0.9999324083328248,0.9999738931655884,0.4858163595199585,0.3988621830940246,0.1334876120090484,0.9997508525848388,0.99985671043396,0.4703812897205353,0.4616887271404266,-0.0205014701932668,0.8385214805603027,0.9998719692230223,0.454312115907669,0.4454540908336639,0.0495305024087429,0.2725025117397308,0.999403715133667,0.473271369934082,0.4305342733860016,0.1070487946271896,0.6593387126922607,0.9999562501907348,0.4876303076744079,0.3928561508655548,-0.1162810400128364,0.3004050552845001,0.9999639987945556,0.5186172723770142,0.5694807171821594,-0.0692806988954544,0.9999614357948304,0.9999953508377076,0.4966171681880951,0.5712283253669739,0.0692199543118476,0.9999647736549376,0.9999961853027344,0.5082336664199829,0.7201271057128906,-0.0781382843852043,0.9728389978408812,0.9999805688858032,0.4899991750717163,0.7170770168304443,0.0700520426034927,0.4869866371154785,0.9999899864196776,0.512623131275177,0.8626214265823364,-0.0657111331820488,0.9878567457199096,0.9999382495880128,0.4898393750190735,0.8437680006027222,0.1270564645528793,0.8235184550285339,0.9999665021896362
363,7.26,0.4839271903038025,0.3357642889022827,-0.0083098290488123,0.999406099319458,0.9998949766159058,0.5032091736793518,0.3424588143825531,-0.0197662115097045,0.9997299313545228,0.9999128580093384,0.5127738118171692,0.3948484361171722,-0.060861986130476,0.9999238848686218,0.9999518394470216,0.4856387674808502,0.3989003002643585,0.1290841847658157,0.9997093081474304,0.9997970461845398,0.4704184532165527,0.4610857665538788,-0.0180357992649078,0.827374279499054,0.9998003840446472,0.4548535346984863,0.4448967576026916,0.0412219315767288,0.2578396499156952,0.9991542100906372,0.474509596824646,0.4202585220336914,0.1059692576527595,0.6277754902839661,0.9999265670776368,0.4877085983753204,0.3916433751583099,-0.1293735653162002,0.2786352634429931,0.9999256134033204,0.5176864862442017,0.5710472464561462,-0.0687558427453041,0.9999613761901855,0.9999957084655762,0.4951282441616058,0.5714715123176575,0.0686816424131393,0.9999637007713318,0.999996542930603,0.5081368684768677,0.7194722294807434,-0.0739660486578941,0.9725745916366576,0.9999797344207764,0.489690899848938,0.7155787944793701,0.0674008950591087,0.4910012781620025,0.9999901056289672,0.5128229856491089,0.8618147969245911,-0.0574923790991306,0.98768949508667,0.9999397993087769,0.4898546636104584,0.8435962796211243,0.1258034110069275,0.8269183039665222,0.9999696016311646
