frame,time,nose_x,nose_y,nose_confidence,left_ear_x,left_ear_y,left_ear_confidence,left_shoulder_x,left_shoulder_y,left_shoulder_confidence,right_shoulder_x,right_shoulder_y,right_shoulder_confidence,left_elbow_x,left_elbow_y,left_elbow_confidence,right_elbow_x,right_elbow_y,right_elbow_confidence,left_wrist_x,left_wrist_y,left_wrist_confidence,right_wrist_x,right_wrist_y,right_wrist_confidence,left_hip_x,left_hip_y,left_hip_confidence,right_hip_x,right_hip_y,right_hip_confidence,left_knee_x,left_knee_y,left_knee_confidence,right_knee_x,right_knee_y,right_knee_confidence,left_ankle_x,left_ankle_y,left_ankle_confidence,right_ankle_x,right_ankle_y,right_ankle_confidence
425,8.5,0.44205666,0.34605348,0.72688156,0.4721456,0.34329638,0.8460523,0.48479468,0.40631634,0.7714553,0.44336817,0.41719964,0.84542394,0.49553,0.51152253,0.70548785,0.44626743,0.512474,0.64297116,0.48093307,0.60601264,0.6172837,0.43568927,0.5861422,0.41902682,0.4707638,0.6067091,0.7504455,0.44618994,0.60353744,0.74332833,0.48045173,0.73705703,0.75391316,0.4602482,0.7316824,0.6825858,0.48478496,0.8580911,0.79532665,0.466792,0.847628,0.7853447
426,8.52,0.4424546,0.34542373,0.67916477,0.4724765,0.34496394,0.50803745,0.4852751,0.40762216,0.7717947,0.44396484,0.41831264,0.7423566,0.4939052,0.51500165,0.7362708,0.4473781,0.51328814,0.6062542,0.4806737,0.6062496,0.6380416,0.43378335,0.5877615,0.4733976,0.47015172,0.6086714,0.68085617,0.44618186,0.6065439,0.7759892,0.4807178,0.7399568,0.739521,0.45996538,0.7349346,0.66714895,0.4854001,0.8593992,0.7017425,0.4669277,0.8492781,0.7851469
427,8.54,0.44263268,0.34523076,0.48619205,0.47157764,0.34530747,0.4446466,0.48480144,0.41112593,0.6330463,0.4455925,0.41832992,0.520884,0.4939389,0.51207274,0.6374756,0.44653052,0.5144662,0.45624316,0.48005486,0.6030114,0.46085823,0.4352323,0.58813226,0.21771628,0.47085926,0.60667527,0.57037437,0.44664815,0.60471904,0.5840867,0.48080876,0.7394591,0.534339,0.4602642,0.73490745,0.44318047,0.4865946,0.8587919,0.5767273,0.467031,0.8477218,0.6530994
428,8.56,0.44248918,0.34578595,0.75139534,0.47297102,0.3448744,0.76140875,0.48491228,0.40970188,0.76138884,0.44237894,0.41911578,0.75309086,0.4953598,0.51549613,0.5787878,0.44497725,0.51363844,0.65181583,0.4809572,0.6074852,0.6707126,0.43284068,0.58952266,0.5487205,0.4706597,0.6086229,0.52776235,0.4459418,0.6072737,0.76461065,0.48087114,0.73796827,0.77803206,0.4609826,0.73521376,0.73692256,0.48630396,0.86369854,0.80338633,0.4666829,0.85007244,0.76503533
429,8.58,0.44266522,0.3449025,0.73774636,0.472132,0.34547317,0.6610547,0.4848596,0.4093452,0.71827614,0.4434676,0.4198862,0.76279795,0.49405462,0.5138488,0.7402409,0.4461662,0.51630443,0.5507164,0.48019758,0.6059854,0.56401306,0.43379593,0.588424,0.39839625,0.46950054,0.60881823,0.65735257,0.44595325,0.6060971,0.7041808,0.48095092,0.74040383,0.72864103,0.4602439,0.7355038,0.5674777,0.484534,0.8638176,0.6706491,0.46610695,0.8507592,0.741038
430,8.6,0.44280782,0.34650248,0.6490994,0.47197142,0.34511736,0.68891835,0.48477688,0.4105134,0.7585791,0.44419682,0.41897753,0.7957161,0.4936371,0.5139009,0.7226967,0.4467469,0.5153672,0.5469294,0.47997501,0.60419095,0.529167,0.43391737,0.5863742,0.45467424,0.4688352,0.60874087,0.6331672,0.4459299,0.6052431,0.69355106,0.47979373,0.7379536,0.7007788,0.4594812,0.73385674,0.53669894,0.4853339,0.86117804,0.7122333,0.46629378,0.84946585,0.75894225
431,8.62,0.4418878,0.3452925,0.8009608,0.47234586,0.34331194,0.8318855,0.4852319,0.40769535,0.79467833,0.4433182,0.41700953,0.82740104,0.49516258,0.5122793,0.6805161,0.44708845,0.51321673,0.6291417,0.4806285,0.60654795,0.6242679,0.4349359,0.5857381,0.42000598,0.470283,0.6078896,0.73848695,0.44567737,0.60442334,0.749694,0.48037305,0.7383163,0.79375184,0.46014413,0.73289436,0.6829016,0.48439458,0.86095434,0.75626636,0.46659762,0.84879977,0.8293479
432,8.64,0.44196358,0.34591213,0.5797601,0.47168222,0.34548092,0.58132505,0.48525754,0.40945515,0.7832671,0.44290435,0.41983497,0.6990102,0.49432373,0.51535654,0.7105456,0.4462394,0.5149778,0.56582415,0.4804671,0.60657024,0.5966214,0.43347487,0.58773005,0.4571867,0.47028038,0.6085032,0.6650929,0.44672406,0.60562277,0.7258971,0.48094624,0.7385121,0.7384474,0.4602115,0.7353871,0.6200111,0.48579413,0.8606487,0.7261208,0.4663458,0.84906095,0.79133874
433,8.66,0.44288167,0.34566656,0.71349615,0.47215074,0.34600797,0.62696993,0.48481515,0.40927148,0.7044288,0.4428786,0.42008305,0.7120303,0.49434415,0.5153186,0.67949706,0.4458802,0.51655996,0.51313925,0.48012593,0.6054275,0.55807334,0.43371946,0.5889548,0.4427022,0.4703911,0.60804904,0.6491577,0.44661114,0.605511,0.7037205,0.48119736,0.7388056,0.7370117,0.46073726,0.7366763,0.6627094,0.48598066,0.86115867,0.7006048,0.46749714,0.85043854,0.7674493
434,8.68,0.442298,0.3456629,0.7443553,0.47192782,0.34652683,0.665198,0.48502567,0.40790614,0.7586772,0.44218618,0.41880673,0.7676472,0.49446696,0.51302654,0.764961,0.4461821,0.5141499,0.59165627,0.48059064,0.6066041,0.6153219,0.43351275,0.5902718,0.50909656,0.47134483,0.6074169,0.74024457,0.44643414,0.6053254,0.7613377,0.48132297,0.7390614,0.78486687,0.46103802,0.735668,0.75210184,0.4856917,0.8607358,0.72908413,0.46714273,0.8499306,0.81453913
435,8.7,0.44165915,0.34663978,0.6108969,0.47204903,0.34618777,0.60705906,0.48567504,0.40767157,0.7914777,0.44289467,0.4175598,0.7761606,0.49456152,0.5144238,0.76223963,0.44783106,0.512492,0.61964226,0.48089918,0.6071123,0.61152095,0.43393382,0.58831257,0.5353536,0.47126922,0.60863894,0.73447955,0.4464824,0.605475,0.76204956,0.4808739,0.7386547,0.7436645,0.46122524,0.73383147,0.6752935,0.4849675,0.8608367,0.73640496,0.46727416,0.8491794,0.8140511
436,8.72,0.44211075,0.34548956,0.5931304,0.472257,0.34556597,0.4245672,0.4855123,0.40815046,0.7557206,0.44230792,0.41914123,0.7049326,0.49448055,0.5141935,0.70545113,0.44795597,0.5138482,0.58539045,0.48022145,0.6067278,0.52423877,0.4341172,0.5883435,0.4418771,0.4707562,0.6097893,0.66398615,0.44640556,0.6069316,0.73520434,0.48005316,0.73856944,0.66733396,0.46030763,0.73594964,0.58729357,0.48506147,0.8620424,0.6781134,0.4665335,0.8485712,0.7585069
437,8.74,0.44212675,0.3455279,0.581155,0.47193083,0.34607944,0.5734328,0.48522455,0.40738803,0.73561025,0.44266742,0.41859335,0.7460002,0.4944154,0.51251894,0.7804061,0.44683102,0.51385444,0.5823727,0.47973087,0.60540825,0.46722877,0.43472588,0.587082,0.32390258,0.47149822,0.6069563,0.7008436,0.44613585,0.60381323,0.6585974,0.48193482,0.7388333,0.6794132,0.4605086,0.7328475,0.5452589,0.4865701,0.85977215,0.58586633,0.46651307,0.8471244,0.76765627
438,8.76,0.44218543,0.34534535,0.5885824,0.47200033,0.34621707,0.5816791,0.48526946,0.4071584,0.7607833,0.44258314,0.41879424,0.7362533,0.49438134,0.5147652,0.7481965,0.44699198,0.51317924,0.5981437,0.48027617,0.6063986,0.60985935,0.43370292,0.58851796,0.53252476,0.47046694,0.608829,0.6895628,0.44642794,0.6065843,0.7703094,0.48030147,0.7390187,0.74639064,0.46043748,0.73601,0.68363047,0.4845443,0.85875183,0.71225196,0.46676245,0.8500793,0.771035
439,8.78,0.44249907,0.34585458,0.6622759,0.47294942,0.3459872,0.58816916,0.48517597,0.40695846,0.7345886,0.44366473,0.41846427,0.7669888,0.4943755,0.5122457,0.75231415,0.4472824,0.514131,0.5785215,0.47989663,0.60510063,0.49618787,0.43360755,0.5864028,0.40733272,0.47143444,0.607253,0.7100208,0.44643456,0.604111,0.6904202,0.48140296,0.73795426,0.6857083,0.4606923,0.73223513,0.56566465,0.4866934,0.85913604,0.6147162,0.4667612,0.8479735,0.76271653
440,8.8,0.44201285,0.346409,0.70312566,0.47259516,0.34588414,0.56179154,0.48537952,0.40645498,0.7758749,0.44230142,0.4178403,0.7589008,0.4949779,0.5139421,0.75847566,0.4466904,0.5117548,0.60383147,0.4798102,0.60575676,0.5944619,0.43341097,0.5885175,0.5321147,0.47186387,0.6083774,0.74737996,0.4465599,0.6065272,0.78675085,0.48070237,0.7394289,0.7618036,0.46077,0.73483187,0.7101633,0.48554897,0.85972106,0.75738895,0.46715453,0.8495662,0.80306894
441,8.82,0.4423152,0.34690505,0.7703336,0.47280928,0.3452501,0.58280027,0.48567745,0.4065962,0.7627684,0.44226456,0.4176555,0.7381559,0.4949569,0.5142784,0.72057515,0.4472713,0.5118713,0.60140425,0.47960186,0.60706425,0.56182563,0.43421373,0.58699507,0.4753735,0.4717551,0.6097297,0.7344191,0.4461771,0.60697377,0.7488828,0.48130614,0.7396143,0.75681716,0.4583089,0.73480433,0.588133,0.4864338,0.8593644,0.77337366,0.46634522,0.8470153,0.79615176
442,8.84,0.4421386,0.3468046,0.77051497,0.47244665,0.3450859,0.5726667,0.48534566,0.40601048,0.750353,0.44172776,0.41744336,0.74660766,0.494777,0.511744,0.80159616,0.4470059,0.5108367,0.6074388,0.4799105,0.6060355,0.57222766,0.43351942,0.58726525,0.44310573,0.47145396,0.60839677,0.7399669,0.4451386,0.60604364,0.7017349,0.48144498,0.7404139,0.7381566,0.45875823,0.7353405,0.5445845,0.48611155,0.86203116,0.76117617,0.46710488,0.84707373,0.7225205
443,8.86,0.44258842,0.34505093,0.6778233,0.47272173,0.34612027,0.62122476,0.48522002,0.40828332,0.72495,0.44370762,0.41948128,0.6646461,0.49476063,0.51459277,0.68657875,0.44702563,0.5135547,0.5454254,0.48040107,0.60414755,0.53616154,0.43398494,0.5871644,0.40407112,0.47142065,0.60956097,0.6566842,0.4470751,0.60643166,0.7158027,0.4818861,0.73770654,0.6031561,0.4595995,0.73338294,0.6594013,0.48669738,0.8590835,0.5420305,0.466797,0.8473551,0.7333437
444,8.88,0.44202158,0.3460183,0.570909,0.47172102,0.34644014,0.6285042,0.4855661,0.40693268,0.73546046,0.441737,0.41754994,0.7049455,0.4945717,0.51109755,0.82534134,0.44696435,0.5106712,0.68775815,0.4800576,0.60488564,0.53070563,0.43529382,0.58693594,0.34660634,0.47191742,0.6082508,0.74149656,0.4464044,0.6057039,0.7200157,0.48119518,0.7379212,0.7298105,0.45853838,0.73353803,0.5628734,0.4866022,0.85986924,0.7545193,0.46716636,0.8471694,0.78679484
445,8.9,0.44217956,0.34605244,0.6957708,0.4724406,0.3450866,0.50290185,0.48560855,0.4072647,0.75550663,0.44218165,0.4182507,0.6975449,0.49455902,0.51468396,0.7346764,0.44639295,0.5142244,0.5531708,0.48129165,0.607221,0.5532416,0.43422475,0.5875985,0.4665888,0.47119376,0.6094567,0.71076363,0.44634056,0.606598,0.7505496,0.48050556,0.7379066,0.7025628,0.45943147,0.73391443,0.59531623,0.48604822,0.8592426,0.7336622,0.4674015,0.846705,0.7944022
446,8.92,0.44285443,0.3451397,0.5752144,0.47261462,0.34537944,0.40971643,0.4851231,0.41069028,0.6655289,0.44488618,0.41792744,0.5633704,0.49421895,0.5152874,0.66302884,0.44718772,0.5138483,0.4907242,0.4806635,0.6050599,0.50909036,0.43368325,0.58773655,0.34349102,0.471142,0.6075867,0.6300339,0.44705722,0.6049589,0.6316612,0.4817594,0.73875165,0.5900142,0.45982584,0.7342472,0.6240802,0.48645565,0.859166,0.46830016,0.46705103,0.84670967,0.68195474
447,8.94,0.44208717,0.34414244,0.76478714,0.47294712,0.3448431,0.73785657,0.485059,0.40824646,0.7384663,0.44237676,0.4182328,0.7347382,0.49495664,0.5133629,0.7656299,0.44675407,0.5123211,0.67597187,0.48121896,0.60706717,0.658167,0.433781,0.5874591,0.5586785,0.47033748,0.6086523,0.71696347,0.44568428,0.6062284,0.7405002,0.48128873,0.74005806,0.7796994,0.4596289,0.7354431,0.7455043,0.48631313,0.861615,0.6683539,0.467745,0.84987366,0.74755275
448,8.96,0.44222575,0.3459513,0.6524516,0.4717787,0.34535518,0.6404532,0.48492745,0.40795955,0.76174426,0.44257826,0.41871473,0.7727988,0.49460843,0.5129127,0.76187223,0.44716206,0.51440495,0.58785146,0.4814381,0.607525,0.58513474,0.43394578,0.5873861,0.46216124,0.4701702,0.6089082,0.69038785,0.4465658,0.6049237,0.7239143,0.4802595,0.73941135,0.72592163,0.45999005,0.7346402,0.58366317,0.4848027,0.86286014,0.72964907,0.46672758,0.84968257,0.80521834
449,8.98,0.4416726,0.34553117,0.5539675,0.47159615,0.3458743,0.5956182,0.4852497,0.4075424,0.77915,0.44200307,0.4189684,0.74663055,0.49555504,0.5140357,0.5743474,0.44659233,0.5145299,0.5655394,0.48161373,0.6075557,0.60162574,0.43346608,0.5894884,0.44626778,0.47129408,0.6083473,0.732627,0.4462853,0.6054077,0.7552876,0.48152092,0.7401907,0.79918283,0.46063465,0.7359107,0.72415876,0.48424822,0.8627835,0.733183,0.46649742,0.8507565,0.7967262
450,9.0,0.44161037,0.34624606,0.6397252,0.4718169,0.34614155,0.5660509,0.48539892,0.40728235,0.777917,0.44227645,0.41809744,0.75026745,0.49496052,0.5143749,0.7548178,0.44646174,0.5128391,0.594186,0.4809355,0.606906,0.5869719,0.43367705,0.58783966,0.4767557,0.47142398,0.6097581,0.7370638,0.4459513,0.6069152,0.77908677,0.4818246,0.74166083,0.80348593,0.4603625,0.73765224,0.7517274,0.48487714,0.8616966,0.7282556,0.4671578,0.84856653,0.8010582
451,9.02,0.4418222,0.34651348,0.739626,0.47201028,0.3451409,0.5021075,0.4852579,0.40698323,0.7592166,0.44214076,0.41744378,0.75546974,0.49447373,0.5127135,0.8259962,0.4470318,0.5124253,0.6043648,0.48072556,0.6058023,0.585582,0.43432114,0.5875474,0.35909984,0.47154644,0.6083679,0.7551162,0.44590393,0.6054561,0.73344845,0.48226184,0.7405867,0.7337106,0.45999143,0.73415184,0.63880575,0.48829612,0.85810375,0.7644294,0.46745396,0.84598833,0.7592569
452,9.04,0.44145313,0.34638077,0.70005757,0.47176692,0.3447459,0.46894902,0.48513642,0.406682,0.76504266,0.4420158,0.41711873,0.743488,0.4948349,0.5140277,0.75354946,0.44628942,0.5118484,0.59985566,0.481206,0.60721797,0.59483486,0.43378595,0.58733356,0.45450562,0.47112927,0.6095397,0.7419185,0.4458951,0.6067141,0.782177,0.48160872,0.74079275,0.7756285,0.45999095,0.73556244,0.68716896,0.48558962,0.8599406,0.754337,0.46724224,0.84661686,0.79356265
453,9.06,0.44151014,0.34676805,0.77169055,0.47211716,0.3446519,0.52545375,0.48541608,0.40700948,0.772192,0.44270816,0.41687056,0.7641884,0.49463114,0.51434237,0.7524551,0.44680685,0.51232886,0.61330867,0.4809448,0.6066345,0.5713259,0.43351468,0.5877696,0.45125332,0.47168013,0.608643,0.7496016,0.44624588,0.6053309,0.734122,0.4822041,0.74112225,0.7293906,0.46010888,0.73447424,0.65088487,0.48741567,0.85960865,0.74074537,0.46728644,0.84586513,0.77935696
454,9.08,0.44154757,0.3464063,0.68170553,0.46991858,0.34685817,0.5454695,0.48503932,0.40687934,0.7269496,0.44246826,0.41801015,0.72429466,0.49416956,0.5139533,0.730399,0.44617444,0.5139702,0.5598348,0.48106745,0.6067292,0.5722094,0.4338548,0.5885015,0.45566455,0.4704324,0.61001205,0.7039127,0.4461136,0.6076559,0.7692577,0.48103565,0.73993087,0.70686156,0.4590821,0.7335604,0.596286,0.48544732,0.85903084,0.7268403,0.46659878,0.8453359,0.7445861
455,9.1,0.4413358,0.34597728,0.7444632,0.47171184,0.34456262,0.5032001,0.4847906,0.40682322,0.7341063,0.44283676,0.4168704,0.75790095,0.49432418,0.5119267,0.8063089,0.4471372,0.5120473,0.60266083,0.48087463,0.6067567,0.53728056,0.43513823,0.5865493,0.34690014,0.46988583,0.608867,0.67733383,0.44623822,0.6050952,0.69691247,0.481085,0.74027854,0.63850963,0.4586144,0.73415214,0.65538853,0.4866791,0.86113364,0.7434867,0.46654317,0.847642,0.6551237
456,9.12,0.44149953,0.34562528,0.70311314,0.4719392,0.34524688,0.5542833,0.48473504,0.4067365,0.7626474,0.44264457,0.4176693,0.76372945,0.49447206,0.5143905,0.7148759,0.44592455,0.514112,0.578372,0.48066157,0.6075434,0.5905091,0.43358126,0.58701956,0.47236907,0.4704837,0.610407,0.70746994,0.44614765,0.60682,0.7733042,0.4808541,0.74021256,0.74694896,0.4598383,0.73475546,0.6076087,0.48682493,0.86097413,0.7589872,0.46689233,0.8475118,0.7644099
457,9.14,0.44138294,0.34681934,0.78508216,0.47169775,0.34522298,0.56783867,0.48478812,0.4060437,0.74343896,0.44249135,0.41696313,0.75906706,0.4941004,0.511385,0.824042,0.44695154,0.51177007,0.62036943,0.48018414,0.6066475,0.5433215,0.43475336,0.5869693,0.38876563,0.47038504,0.61020577,0.72439975,0.4455244,0.6068216,0.742552,0.4810208,0.74339014,0.7023285,0.45964813,0.7355369,0.5990947,0.48679385,0.86207503,0.79852635,0.4670521,0.84770244,0.7324822
458,9.16,0.4411128,0.34493837,0.73045415,0.47162792,0.34450197,0.5891271,0.4845181,0.4062577,0.73507965,0.44244072,0.41765982,0.7633976,0.4940488,0.5111981,0.80269724,0.44625118,0.5131421,0.5830138,0.4798031,0.6057816,0.5102242,0.43314883,0.58674926,0.4878683,0.47014803,0.61013746,0.7006461,0.44585067,0.60667163,0.74296105,0.48107955,0.74255556,0.6843049,0.4600108,0.73633975,0.56720555,0.48715052,0.86222,0.7733558,0.46693414,0.8476661,0.6930789
459,9.18,0.4412914,0.34552753,0.7589312,0.4717508,0.34424597,0.5399633,0.48463333,0.40604898,0.74064684,0.44315666,0.4172516,0.780984,0.49404404,0.5107958,0.79637694,0.4462665,0.51314193,0.58841234,0.47924462,0.6038092,0.4977997,0.43311346,0.5868561,0.4568306,0.47056186,0.6099579,0.7058994,0.44593653,0.6072418,0.75130236,0.48056614,0.7425609,0.69362354,0.4596497,0.73594046,0.5680252,0.48766607,0.86388665,0.7993568,0.46783167,0.8475576,0.76724017
460,9.2,0.44093862,0.34640232,0.7901722,0.47138345,0.34440216,0.5541504,0.48481324,0.4054505,0.74460745,0.4421629,0.41694048,0.7713801,0.49369508,0.51043826,0.82471436,0.44759944,0.51035416,0.62687016,0.47930247,0.6041028,0.5117115,0.43335077,0.5835033,0.47606888,0.4705984,0.6101384,0.7365326,0.44530287,0.60668695,0.7344445,0.48035118,0.7410585,0.70758426,0.45819485,0.7345481,0.5029361,0.48734912,0.862173,0.80654186,0.46764845,0.8466955,0.795611
461,9.22,0.44071168,0.34554827,0.78422505,0.4690817,0.34557834,0.61507237,0.48437864,0.4055268,0.7159056,0.44211423,0.41807997,0.7267427,0.49344742,0.51042795,0.7989336,0.44640398,0.5141049,0.5643602,0.4782526,0.60552055,0.5176531,0.43297017,0.5874973,0.46843097,0.47058028,0.610048,0.7193705,0.44589952,0.60666597,0.74320143,0.48027584,0.7413747,0.7078325,0.4596497,0.7357913,0.5020139,0.4877936,0.8611388,0.66536474,0.4679655,0.8457865,0.79918075
462,9.24,0.4407687,0.345797,0.7885254,0.46890152,0.34505194,0.64091086,0.48455256,0.40544376,0.7276931,0.44154224,0.41797346,0.740194,0.49370563,0.5102683,0.7965674,0.44670275,0.51416117,0.5934118,0.4783595,0.6030191,0.48815024,0.4329449,0.58786935,0.58766705,0.47130024,0.60936755,0.73351884,0.44600314,0.6069234,0.7646864,0.4797982,0.74193037,0.68803793,0.45743656,0.7349779,0.4834058,0.48726913,0.8616914,0.65965796,0.46775863,0.8457548,0.806914
463,9.26,0.44092083,0.34529024,0.766211,0.46904385,0.3451243,0.693268,0.4840287,0.4048246,0.86480916,0.44111452,0.4166715,0.5864888,0.49382725,0.5122152,0.66670334,0.4446004,0.5151724,0.70127344,0.47840005,0.6055058,0.55705655,0.43269336,0.58812505,0.620211,0.4722965,0.6086683,0.7520518,0.4466142,0.606847,0.7597346,0.47993755,0.74280554,0.6745899,0.4572642,0.73696136,0.5613733,0.486627,0.8629341,0.77501285,0.4671873,0.8486934,0.71123594
464,9.28,0.44074684,0.34547588,0.7102597,0.46921244,0.34417152,0.7506187,0.48442313,0.4060928,0.88680756,0.440887,0.41613957,0.8355904,0.4921194,0.5127464,0.6228649,0.44475788,0.5121932,0.6626243,0.47627383,0.6015875,0.5661693,0.43258685,0.58773255,0.5859776,0.47236294,0.60886866,0.72041255,0.44651064,0.606561,0.72177213,0.47924104,0.74354047,0.6343336,0.45771962,0.738354,0.58007807,0.4848884,0.8599807,0.5810617,0.4656667,0.84764755,0.63494724
465,9.3,0.44014633,0.34564412,0.6082334,0.46879655,0.3449915,0.71686137,0.48481205,0.40465882,0.682753,0.44065917,0.41480672,0.87707216,0.49187884,0.51000875,0.75821865,0.44327208,0.5107735,0.65066624,0.47530115,0.6008001,0.52736616,0.4320872,0.58761555,0.64715403,0.47342575,0.60697025,0.7547341,0.44653594,0.60463667,0.72137314,0.47867247,0.7424986,0.6417524,0.45824316,0.7373473,0.61343545,0.48543432,0.86072004,0.58055246,0.46654573,0.84781337,0.7481629
466,9.32,0.4398282,0.34618333,0.57814914,0.46920663,0.343159,0.6953226,0.4832054,0.40568513,0.8919578,0.44141892,0.41611236,0.73840845,0.49059322,0.5140807,0.6919456,0.44336346,0.51340187,0.6646387,0.47443798,0.6042623,0.5667775,0.4317665,0.5869374,0.6330595,0.47512856,0.60564303,0.75959784,0.44835648,0.6039554,0.72479814,0.4788327,0.74090344,0.7783971,0.4561182,0.73405683,0.49683315,0.48721072,0.8584133,0.64852536,0.46634617,0.8455084,0.62705857
467,9.34,0.43842995,0.3463921,0.7671364,0.469398,0.34429795,0.57233423,0.48262212,0.4053855,0.8541923,0.44175377,0.41480708,0.67801714,0.49110654,0.51292473,0.8303742,0.442129,0.51124656,0.6898892,0.47607166,0.6046709,0.48752972,0.43122807,0.5859939,0.78991413,0.476155,0.606614,0.7671282,0.44815502,0.6054625,0.75157875,0.47949594,0.7411614,0.8900592,0.45800254,0.7359916,0.7747966,0.48875713,0.8592652,0.8543469,0.46780682,0.84753174,0.7066905
468,9.36,0.43833777,0.34650812,0.78365046,0.46897742,0.34397238,0.5448397,0.48291034,0.40592402,0.8506447,0.44232056,0.41645473,0.8025531,0.48926926,0.5146119,0.8209032,0.44263783,0.5101493,0.61340916,0.47443974,0.6006669,0.61998737,0.43138155,0.5865286,0.81921965,0.47733492,0.6084914,0.78293395,0.44848913,0.6082101,0.765905,0.4795006,0.7417729,0.8672062,0.45739585,0.73601174,0.7797374,0.4862648,0.857744,0.6941639,0.46499148,0.847059,0.7981157
469,9.38,0.43740755,0.34704778,0.69211954,0.46651146,0.34669602,0.77733725,0.48280552,0.40622193,0.804673,0.44164678,0.41732916,0.7013609,0.48796776,0.5136187,0.72236866,0.4411937,0.5090506,0.64340353,0.47249916,0.60282195,0.7087462,0.43129757,0.5872873,0.7996278,0.4785548,0.6077311,0.77742606,0.4499716,0.60947514,0.7813323,0.47852322,0.742029,0.8164252,0.45720723,0.7365217,0.70719427,0.48596495,0.86515206,0.7075379,0.46648887,0.84886634,0.7643078
470,9.4,0.43668976,0.3491807,0.6985607,0.46673903,0.34600332,0.78504276,0.48332366,0.40711406,0.7353991,0.44056848,0.41916633,0.62869704,0.4873908,0.5128721,0.56119305,0.4404592,0.5092423,0.62938607,0.47155848,0.60212255,0.63475776,0.43192863,0.5855645,0.74975646,0.48005003,0.607479,0.76791835,0.45144472,0.60964584,0.75592077,0.47850838,0.74399805,0.78602624,0.45796886,0.74015695,0.75890857,0.4874721,0.867089,0.82979625,0.46651515,0.8491831,0.6780954
471,9.42,0.43600947,0.35095966,0.8058677,0.46563295,0.3486517,0.6901897,0.48108515,0.40748104,0.8803417,0.4399102,0.41835886,0.729396,0.48643503,0.51508754,0.82451075,0.4405903,0.50975275,0.7167107,0.46902093,0.60251284,0.77792215,0.4335111,0.58811456,0.8049276,0.482907,0.6035001,0.7467862,0.454856,0.6089335,0.7394577,0.4763738,0.7359571,0.84615463,0.45484784,0.738143,0.57129604,0.4870405,0.8641163,0.83581716,0.46678105,0.8471028,0.7950199
472,9.44,0.43432635,0.3553347,0.74172765,0.46462598,0.34829727,0.7783162,0.48100626,0.40759283,0.7490738,0.4390219,0.42221266,0.8542714,0.4859651,0.5177215,0.82818353,0.44032702,0.5146424,0.81731266,0.4618225,0.6055331,0.641637,0.43095586,0.5887251,0.82489234,0.48586968,0.60093427,0.77353346,0.45652157,0.6085188,0.7812622,0.4760235,0.73809046,0.80124986,0.45728672,0.7363706,0.792819,0.48842126,0.86339664,0.8710013,0.46672568,0.8472154,0.8545311
473,9.46,0.43334797,0.35495052,0.74349517,0.4637777,0.35063478,0.61696583,0.4791493,0.41030845,0.8716638,0.4391499,0.41885877,0.76737535,0.4869996,0.5165333,0.7436968,0.441328,0.5141782,0.7706569,0.46263668,0.60522306,0.6340423,0.43116647,0.58915335,0.64898044,0.4893204,0.5988223,0.85811603,0.4596962,0.6042501,0.7830559,0.47540408,0.7370183,0.6316984,0.4565069,0.7326823,0.7355917,0.48538646,0.8666204,0.8674211,0.46812788,0.84640765,0.8015322
474,9.48,0.43255323,0.35869515,0.7788048,0.46313503,0.35477585,0.77530086,0.48061544,0.41238144,0.8019912,0.4383283,0.42055342,0.77804214,0.48543447,0.5205609,0.6710449,0.4401356,0.5142423,0.82762563,0.46130905,0.6065056,0.81975836,0.43058294,0.588423,0.7183393,0.49182376,0.5942994,0.8903638,0.4607315,0.5990955,0.78506196,0.47454205,0.73752296,0.785738,0.45634022,0.7310297,0.8102497,0.48480186,0.8688056,0.765223,0.46910492,0.8475688,0.7701129
475,9.5,0.43155372,0.3643478,0.7302598,0.460898,0.35886472,0.755334,0.48084864,0.41491693,0.75364274,0.43632418,0.42692226,0.77217656,0.48525637,0.52214944,0.7431513,0.43908232,0.5165032,0.83044416,0.46156314,0.60764444,0.8067489,0.4288135,0.58859974,0.7833104,0.4933723,0.58636904,0.8827098,0.4605114,0.5906502,0.72768223,0.4738637,0.73362976,0.80031663,0.45439282,0.7274644,0.7894402,0.4846791,0.8648788,0.89205617,0.4677842,0.84576494,0.8396343
476,9.52,0.43018472,0.36695835,0.6291268,0.46097884,0.3618202,0.72959864,0.48048243,0.42059964,0.7409755,0.43669957,0.42980504,0.89288557,0.48598817,0.5273213,0.7179074,0.43992165,0.5214334,0.8926308,0.4589164,0.61190176,0.78430396,0.43050566,0.5911256,0.7959275,0.4955225,0.58603597,0.8655495,0.4617089,0.5880708,0.77124846,0.47252783,0.7358327,0.8766682,0.4517718,0.72793657,0.83186436,0.48683295,0.8664395,0.8585577,0.46798852,0.8464342,0.83857626
477,9.54,0.42983723,0.3738405,0.7722594,0.4610855,0.3664448,0.5478141,0.48016617,0.42623824,0.87856895,0.43748638,0.43612754,0.8856657,0.48529422,0.5345881,0.78904706,0.44049498,0.52416295,0.86957943,0.457377,0.61483437,0.66170603,0.43079504,0.59586877,0.6554188,0.49764264,0.5840228,0.83318275,0.46295688,0.5856511,0.7634517,0.4712184,0.7349498,0.87599164,0.45009375,0.72675174,0.7973453,0.48716518,0.8631638,0.5512218,0.4676831,0.84242743,0.7521661
478,9.56,0.42907926,0.37813234,0.7658526,0.46018448,0.37353912,0.85732675,0.47984442,0.43236187,0.811423,0.4376096,0.4397231,0.83797604,0.48523855,0.54085356,0.7172135,0.44124278,0.52910674,0.7839625,0.45681423,0.61720306,0.7860604,0.43146726,0.6020846,0.511253,0.49979773,0.58219117,0.81882596,0.46458972,0.5822154,0.7307185,0.46962413,0.7387155,0.92662734,0.44910076,0.7275561,0.79496294,0.48790252,0.8676571,0.7951258,0.46705717,0.8444259,0.7163809
479,9.58,0.42834097,0.38618702,0.70363146,0.4598057,0.3791855,0.6707693,0.47964174,0.4381576,0.7417115,0.43840778,0.44418624,0.8246752,0.4855337,0.54517245,0.7680312,0.44192737,0.5317651,0.8606579,0.45551872,0.6208868,0.6705203,0.4317693,0.60538816,0.7503398,0.5011251,0.58300745,0.880814,0.46520558,0.5831928,0.75205386,0.4700548,0.7384708,0.9050793,0.44777533,0.72785,0.7420819,0.48660386,0.85737747,0.7489055,0.46691364,0.84048295,0.83252525
480,9.6,0.42882052,0.39285794,0.84746,0.4587511,0.3865277,0.74455726,0.47987646,0.44421163,0.69791704,0.4370608,0.44738215,0.770584,0.485925,0.5528765,0.66061217,0.4417309,0.53553295,0.866486,0.4520593,0.6250496,0.7761552,0.43317795,0.606652,0.7676765,0.502928,0.5880698,0.81851375,0.46694127,0.58677936,0.7734287,0.46939123,0.7382981,0.88753253,0.4462535,0.7320221,0.6496047,0.48730284,0.8575213,0.8104046,0.4668905,0.84187526,0.8818995
481,9.62,0.4287661,0.39933252,0.7782222,0.45931706,0.39367253,0.8477352,0.47966298,0.45099616,0.8813751,0.43655816,0.45426464,0.8022904,0.48710394,0.5594373,0.6675369,0.44275066,0.5414766,0.9070029,0.45271805,0.6308077,0.75855815,0.43325955,0.61629677,0.5867381,0.50461394,0.5930936,0.8108761,0.4672271,0.5916375,0.78586745,0.46837705,0.74075544,0.8659269,0.44653156,0.73363453,0.73664606,0.48753655,0.8588797,0.80952084,0.46672,0.8422187,0.8474337
482,9.64,0.42813832,0.407141,0.85134184,0.45900905,0.4007602,0.8324995,0.47973296,0.45711112,0.8470862,0.4360389,0.46311384,0.90444905,0.4891657,0.5665618,0.7889179,0.44374454,0.5471169,0.8999084,0.45361617,0.63448006,0.7222383,0.43469444,0.62060285,0.57431495,0.5067677,0.5979162,0.9115595,0.4689735,0.5965212,0.77757984,0.46761492,0.7438425,0.82496417,0.4449223,0.73097044,0.7045528,0.48679885,0.8593351,0.7404009,0.46500173,0.8416735,0.70803106
483,9.66,0.42706716,0.41477016,0.71683085,0.4580574,0.40884674,0.8481161,0.48013607,0.46411303,0.7634778,0.4343265,0.4688386,0.88346034,0.48828545,0.57417387,0.69787663,0.4444843,0.5533864,0.83835703,0.4530495,0.6398259,0.813397,0.4372746,0.6259027,0.60058254,0.5080317,0.59975296,0.9285262,0.47009474,0.5982233,0.7993664,0.4664683,0.74309456,0.8800398,0.44347993,0.7323998,0.5920318,0.48588726,0.8649451,0.87413776,0.46576735,0.8423565,0.6287783
484,9.68,0.42635962,0.42315045,0.764619,0.45817667,0.41493198,0.90568995,0.48143682,0.47457048,0.7688257,0.43386286,0.47507504,0.75371766,0.4899924,0.58031523,0.7974376,0.4463743,0.55913424,0.81801325,0.45291886,0.64354247,0.7714229,0.4398283,0.6319618,0.70133764,0.50962245,0.60625255,0.906305,0.47212353,0.6028163,0.7888244,0.4662799,0.74234825,0.87358326,0.4425769,0.73097277,0.48745933,0.48560542,0.8627842,0.873207,0.46557388,0.8413949,0.74388
485,9.7,0.42692807,0.43056035,0.6676806,0.45903063,0.42365882,0.7321179,0.48231232,0.48201948,0.67106795,0.434987,0.47932976,0.8157584,0.48990852,0.58731353,0.7608558,0.4486086,0.56425315,0.7268364,0.45411402,0.6484355,0.6483156,0.44241616,0.63592494,0.7156382,0.5108778,0.6125512,0.8971449,0.47403628,0.60972345,0.7942826,0.46627915,0.74564624,0.779435,0.44238028,0.7341175,0.5430119,0.48641273,0.8640738,0.8910302,0.46477157,0.8433363,0.7089887
486,9.72,0.42783648,0.43792284,0.7384044,0.45816103,0.43107226,0.76124895,0.48303145,0.48837733,0.8372288,0.43352148,0.48930138,0.89053047,0.4910495,0.5935139,0.75988936,0.4503919,0.5714264,0.7717629,0.45629632,0.65439284,0.6100832,0.4453759,0.6435759,0.70856243,0.51262105,0.61695194,0.91476214,0.4749022,0.6117688,0.77712375,0.46579736,0.7484624,0.89478695,0.44149256,0.7300724,0.65892935,0.48517704,0.864933,0.783256,0.46587166,0.83881617,0.74451333
487,9.74,0.42764768,0.44588658,0.7565537,0.4586749,0.4387436,0.8436204,0.48293597,0.49596715,0.85635984,0.4337578,0.49354362,0.8623725,0.49184105,0.6003239,0.7259225,0.45171058,0.5780242,0.80095786,0.4584147,0.6586378,0.65040606,0.44731715,0.6500074,0.6675649,0.51393497,0.62208563,0.89720464,0.47806758,0.61755484,0.8096518,0.46668974,0.7471731,0.82413185,0.4421665,0.73193526,0.63502717,0.4854142,0.86696166,0.6933737,0.46673742,0.84186727,0.6280813
488,9.76,0.42865768,0.4528743,0.61598104,0.45962092,0.44546106,0.65172833,0.4837597,0.50248516,0.80237997,0.43431273,0.5004532,0.78418666,0.4933715,0.6043928,0.72824246,0.4521246,0.58243287,0.77462274,0.4599785,0.6623762,0.8115608,0.44883496,0.65499854,0.6257982,0.51517195,0.6256974,0.91538215,0.47995517,0.62214917,0.8300029,0.4660033,0.74989885,0.77135104,0.44092435,0.72794914,0.74038196,0.48564905,0.868803,0.8615102,0.46519437,0.8399893,0.7298374
489,9.78,0.42884108,0.4604851,0.7711837,0.45900753,0.45338655,0.8434644,0.48473078,0.5090182,0.7141565,0.43425795,0.5082885,0.632282,0.4953085,0.6099762,0.775348,0.45208403,0.5883019,0.6857764,0.46308053,0.6666653,0.67926574,0.4513119,0.66126657,0.65958357,0.51725197,0.63160026,0.92125285,0.4821348,0.6304134,0.7166636,0.467017,0.7463659,0.6275741,0.43966642,0.72968024,0.7698467,0.48616144,0.8656017,0.6301532,0.46406987,0.8377759,0.689449
490,9.8,0.42960516,0.46664658,0.7481371,0.46073896,0.45837346,0.7388101,0.48424548,0.5150453,0.81026644,0.43514696,0.5162812,0.91509724,0.49666944,0.6152752,0.738513,0.45354766,0.5964524,0.77201676,0.46432012,0.67157316,0.8536621,0.45275927,0.6657037,0.60188335,0.51751816,0.6353224,0.9287522,0.4816534,0.634008,0.7925721,0.4653048,0.7493826,0.7317082,0.44071674,0.7320524,0.7663991,0.4867288,0.8686481,0.8847621,0.4647945,0.841396,0.8013568
491,9.82,0.43098825,0.4734188,0.7468494,0.46131834,0.46481678,0.8532126,0.4858629,0.521338,0.82621,0.43517005,0.5201009,0.69081086,0.4986947,0.6201539,0.8385222,0.4543792,0.5996808,0.74851644,0.4661528,0.6775131,0.85165006,0.4544033,0.6717162,0.65929383,0.51926875,0.6385218,0.8759285,0.48382816,0.6388159,0.7997455,0.4655016,0.74936646,0.7340798,0.44002807,0.7341622,0.7746071,0.48721504,0.8675594,0.88537806,0.46395123,0.84008867,0.85791665
492,9.84,0.43117142,0.47964773,0.821009,0.460687,0.47100338,0.8582325,0.485664,0.5262371,0.7591332,0.4356549,0.5255495,0.8237742,0.5008144,0.6256023,0.83967173,0.4561997,0.60843486,0.82828724,0.46777764,0.68001056,0.84474885,0.45529667,0.67304057,0.61790997,0.52018124,0.644936,0.905775,0.48408177,0.6452097,0.6947997,0.46585703,0.74917877,0.7843454,0.4391838,0.7285077,0.8643299,0.48595905,0.8718567,0.83604395,0.46433032,0.8393734,0.73444283
493,9.86,0.43217233,0.48598397,0.82028466,0.46134216,0.47685203,0.7475442,0.48642632,0.5319859,0.77803814,0.4375059,0.5302706,0.8122507,0.5016215,0.6306695,0.8680688,0.45691186,0.6105002,0.7931312,0.47056472,0.68157774,0.62378174,0.4583811,0.67549044,0.6934685,0.5217003,0.647241,0.91679305,0.48499852,0.64714366,0.7508582,0.46526024,0.74938846,0.8077169,0.43927413,0.73149157,0.8312546,0.4878762,0.8701777,0.8276258,0.46530548,0.84048325,0.67148304
494,9.88,0.43304425,0.4902346,0.6414963,0.463901,0.4800125,0.7463836,0.4876159,0.53657824,0.7580478,0.4378086,0.5332851,0.74774414,0.50282145,0.6329134,0.8574983,0.4568997,0.6120426,0.75951666,0.47179073,0.68456,0.5223097,0.45980957,0.676348,0.6533969,0.52192867,0.6493006,0.86229074,0.4854514,0.6500655,0.76961315,0.46630058,0.7500062,0.77427137,0.43992105,0.72800434,0.87078494,0.48679122,0.87122387,0.8442169,0.4638317,0.8421884,0.8963496
495,9.9,0.43502542,0.4945786,0.7893505,0.46411753,0.48581147,0.77179134,0.48896402,0.5400603,0.8086643,0.4390459,0.5386574,0.7922415,0.50591415,0.6361014,0.89627296,0.45848876,0.61558926,0.78573644,0.47227734,0.68892014,0.6772382,0.46217144,0.6802183,0.46144816,0.5238151,0.65019894,0.90206057,0.48701724,0.6502652,0.76278573,0.4668437,0.7512361,0.75290364,0.43990675,0.7283638,0.8558992,0.48758927,0.8695521,0.9011323,0.46470156,0.8419615,0.8972483
496,9.92,0.43697503,0.4978757,0.7781226,0.4657048,0.48765966,0.80445844,0.49034196,0.5423725,0.76385456,0.44108075,0.5417883,0.775126,0.5076749,0.64155656,0.87550807,0.45917505,0.6161374,0.6930358,0.47314838,0.6909989,0.75248337,0.46290544,0.68264914,0.60983354,0.52507716,0.6542777,0.8582152,0.48883313,0.653968,0.6214636,0.46691594,0.75113064,0.84221625,0.43974692,0.73027503,0.73187447,0.4859725,0.8681097,0.7336295,0.46567345,0.83996874,0.7111451
497,9.94,0.4384815,0.5010402,0.61738116,0.46830708,0.49168515,0.8709089,0.4909341,0.54518646,0.7287418,0.4431892,0.5434097,0.65560424,0.5072588,0.64302987,0.85414475,0.46063945,0.62148696,0.64467627,0.47368446,0.6943072,0.7115376,0.4638352,0.6867079,0.6431237,0.5263243,0.6573605,0.85278124,0.48887995,0.65621936,0.74414027,0.46749434,0.75158244,0.87890095,0.44140822,0.7286236,0.8881262,0.48574403,0.86990136,0.8661717,0.46691328,0.8394914,0.86594945
498,9.96,0.441269,0.50411946,0.66516703,0.46985155,0.4952552,0.82991564,0.49227753,0.5476968,0.6911774,0.44574797,0.5457158,0.6916303,0.5082711,0.6457586,0.83138573,0.4614936,0.6226983,0.58946025,0.4743814,0.69418496,0.6247778,0.4655503,0.6852065,0.591448,0.52536935,0.66061616,0.82832086,0.48909003,0.65894425,0.69678795,0.4693832,0.75224143,0.8559708,0.44219738,0.7309608,0.83172864,0.4851895,0.86780363,0.65576625,0.4679809,0.8411871,0.78094316
499,9.98,0.44398722,0.50617063,0.7212103,0.47340447,0.4968886,0.57688046,0.4935929,0.5524177,0.71590537,0.44837886,0.5473336,0.78646517,0.509685,0.64828694,0.78625876,0.4629502,0.62244207,0.6001942,0.47490913,0.696035,0.63196456,0.46672505,0.6865216,0.55721194,0.5247356,0.6647592,0.83017737,0.489926,0.6611192,0.6807243,0.46867847,0.7518675,0.83485943,0.4421784,0.7302856,0.8201201,0.4853962,0.86919445,0.7825606,0.46818542,0.840641,0.81859815
500,10.0,0.44604352,0.5076058,0.6565677,0.47501814,0.4983863,0.8509902,0.4964962,0.551906,0.6803928,0.44947147,0.5476936,0.88030505,0.5104677,0.64876246,0.88768995,0.46413332,0.62538826,0.73155123,0.47566298,0.69844,0.74925023,0.4678975,0.69183224,0.59626627,0.52726144,0.66550106,0.8505275,0.491629,0.66195613,0.66686326,0.46791667,0.75213677,0.84743935,0.44125736,0.73025465,0.83154994,0.48666278,0.8683276,0.89712065,0.46916905,0.8380767,0.84169215
501,10.02,0.4486252,0.5075382,0.68103325,0.47678393,0.49807936,0.84808904,0.49868298,0.55263823,0.6806438,0.45194137,0.5481246,0.84148234,0.51260877,0.65139186,0.9131553,0.4653721,0.62696004,0.6211548,0.47587803,0.6993851,0.62236834,0.46852347,0.69375336,0.55282366,0.52785236,0.6713183,0.88386065,0.49288538,0.6668508,0.7497844,0.46885884,0.7531616,0.86342275,0.44216034,0.72728956,0.8930701,0.48547915,0.87041056,0.7123412,0.46832448,0.8426714,0.870972
502,10.04,0.4511196,0.5049227,0.45829332,0.47858828,0.49907604,0.7446032,0.49946594,0.5557274,0.7554124,0.45610777,0.5500313,0.7197946,0.512654,0.65240264,0.77048403,0.4655675,0.62502784,0.62438804,0.47758824,0.6973471,0.47481573,0.46923867,0.6919714,0.45216647,0.52493453,0.6767941,0.7210971,0.49158803,0.67255133,0.4442997,0.47035095,0.7510479,0.6711064,0.44348517,0.7281396,0.6523684,0.4870679,0.86922246,0.8156111,0.4694352,0.8425192,0.63759035
503,10.06,0.45347098,0.5055295,0.5779773,0.48050305,0.49778262,0.52176076,0.50168467,0.5566769,0.772257,0.45701402,0.5515703,0.768872,0.5132317,0.6515045,0.89234406,0.46675494,0.6270309,0.4829098,0.47867474,0.6993931,0.65423256,0.47072086,0.6946772,0.46451375,0.5258821,0.6698996,0.71141356,0.49318787,0.66720873,0.60335964,0.47035268,0.7491132,0.67968744,0.4440468,0.72911876,0.7650771,0.4860004,0.8697362,0.91893345,0.46928054,0.8406082,0.8422168
504,10.08,0.45517838,0.502475,0.47856477,0.4817824,0.49615505,0.5235495,0.503394,0.5531664,0.8642706,0.45777676,0.5492951,0.7733214,0.5133472,0.6500348,0.84710836,0.46838686,0.62753797,0.6429072,0.47853312,0.7007555,0.66911286,0.4703335,0.6965921,0.5108954,0.52799034,0.67466056,0.82335025,0.49410325,0.671688,0.4722506,0.4706685,0.75115913,0.5822079,0.4441701,0.72692925,0.82746917,0.48624185,0.86698145,0.88056785,0.46907833,0.84121454,0.8059703
505,10.1,0.4564617,0.50123733,0.7341765,0.48452917,0.49602887,0.6261428,0.5047851,0.5536931,0.8371623,0.45975167,0.54836065,0.6985776,0.5135821,0.6502548,0.7677063,0.46865612,0.62577224,0.6505056,0.47952923,0.70078444,0.5411131,0.47223538,0.69657815,0.4301927,0.5275106,0.6741065,0.6998138,0.49473858,0.6724948,0.5737985,0.47145838,0.75100297,0.6882249,0.44464034,0.7284641,0.8102279,0.4876184,0.86864024,0.8646511,0.46924394,0.8431504,0.80662614
506,10.12,0.45840275,0.5008168,0.73777914,0.48740086,0.49356425,0.791491,0.5062135,0.5499227,0.76487267,0.45923442,0.5454543,0.7591006,0.51425475,0.64844227,0.8995295,0.46822932,0.6254131,0.75841093,0.47950712,0.7018754,0.6819193,0.47188053,0.6990619,0.44323397,0.5282816,0.6692314,0.8438736,0.4944732,0.6664151,0.70762944,0.4723067,0.7506714,0.7817023,0.4444795,0.72751606,0.84745216,0.4866182,0.86835533,0.8813337,0.46937248,0.83983165,0.8105108
507,10.14,0.46027026,0.49852854,0.7294273,0.48863965,0.49282598,0.81448025,0.50797254,0.5490768,0.8213643,0.46124592,0.5449315,0.74348444,0.51468766,0.6475622,0.8826477,0.47131577,0.6252542,0.526316,0.47899657,0.70446765,0.68276614,0.47108534,0.7013231,0.49290597,0.5299042,0.6739261,0.91651154,0.49632275,0.6715813,0.5959696,0.47146136,0.75217444,0.6062977,0.44506207,0.7262572,0.8733164,0.48741055,0.8682918,0.87696314,0.4691597,0.84244204,0.7865858
508,10.16,0.46300703,0.49764234,0.58372533,0.49155456,0.4923312,0.39785755,0.5099452,0.5514192,0.7244218,0.464985,0.5436361,0.7867937,0.5153389,0.6481082,0.8070707,0.47205657,0.62251836,0.54600656,0.4821654,0.7038743,0.6323367,0.47461268,0.7014822,0.5697919,0.5283708,0.6704597,0.8919418,0.4964021,0.66644573,0.72236437,0.4722922,0.7517732,0.78394467,0.44527513,0.72782356,0.83398783,0.48820394,0.86733747,0.8327523,0.46961543,0.84039783,0.7673651
509,10.18,0.4649906,0.4974927,0.61570793,0.4928932,0.49059832,0.67759836,0.51183337,0.54924333,0.716825,0.46670786,0.5418826,0.88620603,0.51579803,0.64758843,0.87029266,0.47457504,0.62489974,0.74435276,0.48084927,0.7040489,0.6495606,0.47397402,0.69999695,0.5629806,0.5296677,0.67405635,0.9033786,0.49598363,0.6697678,0.55132455,0.4716884,0.7521444,0.8580179,0.4440066,0.7287351,0.77987015,0.4879364,0.86719066,0.8382769,0.46892613,0.84243613,0.9026209
510,10.2,0.46696648,0.49718797,0.80838454,0.49586454,0.48899722,0.70654476,0.51551074,0.54814917,0.71779805,0.46859685,0.5415633,0.884554,0.51584756,0.6497454,0.8081081,0.4744435,0.62269974,0.682511,0.48346514,0.7008146,0.65218395,0.47530738,0.70022774,0.6902061,0.52993906,0.6708094,0.9240691,0.49632856,0.66567373,0.5931837,0.47147694,0.7486466,0.73057944,0.44506615,0.7273864,0.846779,0.48731282,0.8684561,0.8811798,0.46936825,0.8403887,0.88060284
511,10.22,0.46945682,0.4970572,0.75786614,0.49751088,0.48851037,0.6496875,0.5168431,0.5493952,0.78451544,0.47075704,0.54095435,0.8998893,0.5159769,0.6486252,0.8799972,0.47575623,0.62526566,0.77510804,0.48126504,0.7039675,0.59316945,0.4747701,0.70022446,0.60512495,0.5304168,0.6718249,0.89497614,0.49700603,0.6675111,0.7620488,0.47176808,0.7530219,0.86074704,0.44443846,0.7265709,0.8639312,0.48756635,0.86753356,0.84917986,0.46858042,0.8429642,0.8580731
512,10.24,0.47096637,0.49655738,0.70515686,0.4982313,0.48835477,0.86112916,0.5195652,0.5476202,0.62603974,0.47220373,0.5399444,0.76606005,0.5163915,0.64915323,0.87906027,0.47573265,0.6255692,0.78889257,0.48116675,0.7045147,0.5762422,0.47482154,0.6989567,0.6127991,0.53208935,0.67096466,0.93547916,0.49796098,0.66688776,0.6983352,0.4723703,0.75202614,0.81051975,0.44427764,0.7261576,0.88068444,0.48666948,0.86591417,0.7866455,0.46970996,0.8416575,0.8963433
513,10.26,0.47262815,0.49563926,0.75457436,0.4999405,0.48790988,0.8713832,0.5214001,0.54765886,0.7103529,0.4741653,0.5408972,0.83900493,0.51646787,0.6506976,0.81657475,0.47604376,0.6261043,0.85965765,0.4815906,0.7041955,0.5533231,0.47471702,0.6987513,0.54268,0.53247195,0.6741202,0.912774,0.49945247,0.66925126,0.78334826,0.4723638,0.7532461,0.77579683,0.4452467,0.72577876,0.9167861,0.48746485,0.8655754,0.71489215,0.4700051,0.8411022,0.89804816
514,10.28,0.4738759,0.49564987,0.8194781,0.5009819,0.4881551,0.8392946,0.52170944,0.5470826,0.60069925,0.47557035,0.5408958,0.8798199,0.5172394,0.6508573,0.8071526,0.47685787,0.62658966,0.82409537,0.4821139,0.7064174,0.55286366,0.47517464,0.6997663,0.4720426,0.5322166,0.67280304,0.8653895,0.4992274,0.6685815,0.7206242,0.47409308,0.7503967,0.79314613,0.445732,0.7255904,0.9024314,0.48735422,0.86766833,0.92630404,0.46958166,0.8414983,0.88305247
515,10.3,0.47534892,0.49587703,0.8156273,0.50362694,0.48704076,0.728089,0.52193826,0.5468976,0.6501816,0.47666195,0.5404183,0.92193,0.5178035,0.6502851,0.8487659,0.47735208,0.6260145,0.83969164,0.48365587,0.70371145,0.60431004,0.47548383,0.6988292,0.53138494,0.53311515,0.67505133,0.89251924,0.50005454,0.6704564,0.7742482,0.47371647,0.7500763,0.79924047,0.44636545,0.72433966,0.90043026,0.4877344,0.86676306,0.9375892,0.46956575,0.8400337,0.8601837
516,10.32,0.4768039,0.49451423,0.68000484,0.5044178,0.4881928,0.8683985,0.5234558,0.5466738,0.70739573,0.47733524,0.5407171,0.9323569,0.51802784,0.65090656,0.8145226,0.4767973,0.6256867,0.82006806,0.4824459,0.709397,0.6107958,0.47454995,0.7015199,0.49479526,0.53262705,0.674658,0.9264097,0.49941015,0.6692435,0.6741209,0.4744899,0.7495614,0.7239247,0.44657764,0.72404957,0.92534465,0.4872858,0.8685889,0.8975489,0.46866786,0.8408759,0.8747173
517,10.34,0.47776744,0.4939617,0.7563397,0.5048121,0.4883884,0.88677865,0.5238775,0.5450776,0.81077975,0.47784582,0.5405015,0.9285686,0.51832396,0.6495693,0.8341015,0.47777137,0.6251106,0.81734127,0.48426715,0.70385796,0.64143306,0.47561875,0.70007426,0.5723174,0.532672,0.67283297,0.93793637,0.4998884,0.66802865,0.68289185,0.4750705,0.7457376,0.6886588,0.44756752,0.7224763,0.9199525,0.48699728,0.86686546,0.7217499,0.46892676,0.84151006,0.8918557
518,10.36,0.47830877,0.4935648,0.73463535,0.5053748,0.48876715,0.8582258,0.5247263,0.5445902,0.8553917,0.47919923,0.54065305,0.80158705,0.5185758,0.64972365,0.8522921,0.47835514,0.62466645,0.8042686,0.4830289,0.7056046,0.53493667,0.4757386,0.7012136,0.5906026,0.53306216,0.673242,0.8717149,0.500541,0.6690872,0.7592825,0.4748811,0.7452334,0.6958793,0.4478028,0.72344464,0.9143961,0.48712903,0.86644083,0.57670367,0.46955106,0.8413236,0.8377564
519,10.38,0.47934806,0.49324012,0.7463421,0.5060368,0.48829594,0.81640494,0.5255877,0.5439784,0.87828356,0.48024002,0.5397183,0.82486933,0.5193908,0.64937836,0.8537671,0.47903055,0.624339,0.7965564,0.484666,0.704611,0.6352641,0.47623733,0.70061827,0.57378227,0.53505546,0.6754203,0.8978156,0.5015667,0.6705818,0.76266223,0.4752764,0.7454754,0.63458043,0.44817105,0.72352195,0.9291409,0.4878557,0.8640338,0.8630385,0.4696481,0.84345996,0.8626743
520,10.4,0.48041248,0.4922304,0.78615314,0.5074975,0.48789832,0.86147624,0.52630764,0.5441293,0.7952453,0.48110855,0.5396331,0.8326122,0.5198992,0.6497259,0.7936422,0.4794298,0.6230375,0.7014276,0.48428547,0.703133,0.54635894,0.4765356,0.7016377,0.7081728,0.5341109,0.67614496,0.88403827,0.5012853,0.67121094,0.7271693,0.47603074,0.74618584,0.75649655,0.44752017,0.7241551,0.9260967,0.48756552,0.8668885,0.8999436,0.46899682,0.8437223,0.8784001
521,10.42,0.48197588,0.4908341,0.48590586,0.50936836,0.48816264,0.77960336,0.5267264,0.5439297,0.84530735,0.48124567,0.54000187,0.8814729,0.5199762,0.64929664,0.7675691,0.47974798,0.6237777,0.75030756,0.48425332,0.7028552,0.56133986,0.47632203,0.6977223,0.6760153,0.53385544,0.67755294,0.88706553,0.5015126,0.6716291,0.7021826,0.47641468,0.7469325,0.72038513,0.44850785,0.72325814,0.90978473,0.48665464,0.8657629,0.90790564,0.4682525,0.8416305,0.8623988
522,10.44,0.48277214,0.49088755,0.5440598,0.51010865,0.48588777,0.78617907,0.52664995,0.54664546,0.7008608,0.48228633,0.54086125,0.9030778,0.52054244,0.6491881,0.77135074,0.4809089,0.6244689,0.87471205,0.48464867,0.70307106,0.5235378,0.47625953,0.6965981,0.6320516,0.533742,0.67831874,0.85702527,0.50173175,0.6708851,0.65555793,0.47672683,0.7461733,0.70606726,0.44861984,0.7236699,0.8833186,0.48625383,0.86706907,0.9074603,0.46922818,0.842398,0.8607388
523,10.46,0.48325902,0.49154916,0.5400326,0.5103811,0.48612124,0.7518956,0.5269416,0.54678726,0.7248168,0.48316094,0.54104507,0.8900772,0.52107817,0.6491832,0.7806084,0.48137522,0.6252459,0.8675469,0.48485073,0.70284665,0.560401,0.47639814,0.69638413,0.62442774,0.53404087,0.67941535,0.85752213,0.5019753,0.6725312,0.67621833,0.4773522,0.74467564,0.67383504,0.44853163,0.72322005,0.86655456,0.4869699,0.8677141,0.9156702,0.46970692,0.8412841,0.8795299
524,10.48,0.48344797,0.49180824,0.68184865,0.5106962,0.48666772,0.8531046,0.5275872,0.5442236,0.87805647,0.48269355,0.53975505,0.879438,0.521127,0.64808947,0.8646612,0.48131117,0.62488997,0.89973724,0.48503777,0.69849515,0.55579764,0.4769329,0.6939166,0.7514094,0.5341006,0.6759241,0.9176623,0.5021289,0.6701546,0.61075,0.4764346,0.74376696,0.74363315,0.4486531,0.72271156,0.8640504,0.48634446,0.8689431,0.9258426,0.46950155,0.8436118,0.85446054
525,10.5,0.4841399,0.4913025,0.7112683,0.5110602,0.48643026,0.86507034,0.5285619,0.5447366,0.9059411,0.48329607,0.54035205,0.91929764,0.5211669,0.6474865,0.82327056,0.48082468,0.62368196,0.805494,0.48550767,0.7018981,0.59593457,0.47732398,0.69563985,0.68579966,0.5341616,0.6773227,0.89609677,0.5015208,0.6715984,0.73385274,0.47672242,0.74562275,0.74216723,0.44882387,0.72389966,0.9102052,0.48779604,0.86794996,0.8966873,0.4686533,0.8409064,0.8543793
526,10.52,0.48419523,0.49126303,0.71793944,0.5113196,0.48742834,0.8661284,0.52898717,0.5446101,0.93300956,0.48285696,0.5385099,0.8821966,0.5211405,0.6467306,0.8804661,0.48133218,0.6249085,0.9180114,0.48519093,0.70094925,0.5323214,0.4771969,0.6940849,0.6177808,0.5339555,0.67672175,0.92389977,0.5010512,0.6698592,0.69833165,0.47613323,0.7446002,0.74191403,0.44805527,0.72393733,0.8961208,0.4869168,0.8675362,0.6655616,0.46973374,0.84162396,0.8824555
527,10.54,0.48501465,0.4897179,0.6275929,0.5131372,0.48752436,0.69955605,0.5289553,0.5433898,0.56962854,0.4842729,0.53908753,0.82262665,0.52140814,0.64574903,0.8767706,0.48087358,0.62339205,0.68551034,0.48514208,0.70073044,0.57393354,0.4771379,0.69431144,0.7011965,0.53358006,0.6779368,0.8902554,0.50076795,0.6715096,0.7419023,0.47586432,0.74405515,0.7199402,0.44866797,0.7240715,0.89858913,0.48702082,0.86536884,0.6876943,0.4687885,0.8419934,0.88644856
528,10.56,0.4857325,0.48861235,0.5125231,0.51345205,0.48641855,0.8011054,0.5289755,0.54322594,0.5842277,0.4847099,0.5385288,0.85755414,0.52214986,0.6451299,0.8964874,0.4810799,0.6237873,0.6959157,0.4849067,0.70104146,0.5751691,0.4770989,0.6941786,0.67420363,0.5336772,0.67839545,0.9079958,0.5009645,0.6705916,0.69847745,0.47601518,0.743378,0.7369036,0.44807288,0.724026,0.88015115,0.48587373,0.86899805,0.92403316,0.4687823,0.8421834,0.87835443
529,10.58,0.48586765,0.48856443,0.5845672,0.5136244,0.48578006,0.8292712,0.5294583,0.5424618,0.640136,0.48466548,0.53835,0.8623408,0.5219592,0.64523935,0.89029723,0.48113897,0.6238496,0.7365804,0.4849803,0.70043266,0.577488,0.47706598,0.6945976,0.80466205,0.53377587,0.6773551,0.9184241,0.5007323,0.66986525,0.6938864,0.47602805,0.74315625,0.74085325,0.44802457,0.72390926,0.88747716,0.48596868,0.8699832,0.9271333,0.46873918,0.8429237,0.8811731
530,10.6,0.48627424,0.4884339,0.57757366,0.51393867,0.48525447,0.8396802,0.52920634,0.54280466,0.59592044,0.48509368,0.53882957,0.87415516,0.5216811,0.64523214,0.887394,0.48146102,0.62338144,0.750872,0.48487064,0.69960916,0.55753314,0.47737837,0.6927888,0.681826,0.534251,0.6780649,0.8708855,0.50124294,0.67163223,0.7216366,0.47573772,0.7426875,0.7340324,0.4485803,0.7233053,0.8834894,0.4862498,0.8682198,0.69467586,0.46929666,0.8436564,0.87067103
531,10.62,0.48640692,0.48852336,0.5870291,0.51414996,0.486279,0.81784934,0.5295977,0.5425244,0.58973664,0.48527268,0.53818965,0.8588505,0.52218556,0.64505345,0.888948,0.48158157,0.62260324,0.79902536,0.4849367,0.69766575,0.56545705,0.47691682,0.6926744,0.7827551,0.53275627,0.67764926,0.8977964,0.5003184,0.6703047,0.67412347,0.47593343,0.7433546,0.72120553,0.4481776,0.7236272,0.855346,0.48588142,0.86825436,0.9152786,0.46896505,0.84244376,0.86419904
532,10.64,0.48676652,0.4885694,0.6640792,0.5141781,0.48545283,0.8893045,0.5298934,0.5425873,0.729426,0.48494723,0.5384272,0.8964422,0.5216692,0.6452377,0.8931061,0.4814945,0.6236206,0.741353,0.48623118,0.6969571,0.5249512,0.47754285,0.6924865,0.67512524,0.5332916,0.67606086,0.9225248,0.4998236,0.6685329,0.68309516,0.47558418,0.74286133,0.73853314,0.44786972,0.7243172,0.8837747,0.48675737,0.86656314,0.9047524,0.4682037,0.8432682,0.8744365
533,10.66,0.48675048,0.4891988,0.6728214,0.51409376,0.48558453,0.90898705,0.5303188,0.5416799,0.75624496,0.48493287,0.5378217,0.89064074,0.52106816,0.64488274,0.90424114,0.48124993,0.62449807,0.80626816,0.48551005,0.69944924,0.49794024,0.47734407,0.69320375,0.7071846,0.53316337,0.6756646,0.9167669,0.50024736,0.6689256,0.7215625,0.47527757,0.74245346,0.7343995,0.4482037,0.7244033,0.90796745,0.48706806,0.86601937,0.7547595,0.46924248,0.8416979,0.90730566
534,10.68,0.48715973,0.48852652,0.6492653,0.51440644,0.4854972,0.8830458,0.5299448,0.54229075,0.7128394,0.48536286,0.538194,0.8968523,0.52108634,0.6444773,0.8909878,0.4813541,0.6243227,0.7939077,0.48489058,0.6994051,0.59868383,0.47733676,0.69277006,0.682183,0.53338516,0.6784899,0.89931947,0.5011841,0.6719903,0.75404584,0.4755583,0.7429286,0.73672193,0.44853523,0.7247495,0.8899046,0.4870348,0.86508995,0.9027539,0.46919638,0.8419018,0.9053168
535,10.7,0.4872437,0.48787978,0.57074195,0.5147382,0.48479435,0.8442597,0.5296406,0.5434385,0.5812578,0.48555285,0.53890675,0.88571715,0.5211906,0.64570075,0.8252868,0.48209324,0.6238912,0.7874223,0.4855737,0.6992224,0.5752031,0.47683015,0.69417125,0.74202687,0.531423,0.6767028,0.8446313,0.50099546,0.6691675,0.54147846,0.47574246,0.74176127,0.6046953,0.4486875,0.7239243,0.79451185,0.48717365,0.87000746,0.8926508,0.46916085,0.84490776,0.7379218
536,10.72,0.48796073,0.4887757,0.7702151,0.5140286,0.4852216,0.84970075,0.5307146,0.54201347,0.9087301,0.484943,0.5386601,0.9016697,0.5222752,0.64535284,0.915416,0.48124546,0.62430793,0.7922487,0.48561516,0.7000313,0.50626814,0.4772249,0.6932052,0.69976544,0.53304994,0.67449445,0.93269825,0.49978557,0.6670131,0.69373214,0.47561577,0.743413,0.7642608,0.4482567,0.7240691,0.90969294,0.4875269,0.86648196,0.9358232,0.4687344,0.8416598,0.91990924
537,10.74,0.48808038,0.48841175,0.74614567,0.51410866,0.48544508,0.8136092,0.5305858,0.5422852,0.7577368,0.48551,0.5384385,0.8846265,0.5218791,0.64544976,0.8404021,0.4813078,0.6236624,0.7855666,0.48446724,0.698848,0.6102348,0.47737515,0.6929683,0.70844996,0.53206134,0.6770881,0.915574,0.49974453,0.6701829,0.7683386,0.47546437,0.74473697,0.726642,0.44819742,0.7232754,0.91770834,0.48691136,0.8676326,0.6996308,0.46798223,0.84305745,0.8862461
538,10.76,0.48812744,0.48814687,0.6901596,0.5144005,0.48587987,0.7294571,0.53048384,0.5436385,0.78564626,0.48525366,0.5399215,0.9129856,0.5224258,0.6458527,0.9008736,0.48134968,0.62337756,0.74243414,0.48587418,0.69587034,0.5357329,0.4770195,0.6911659,0.6630301,0.53271544,0.67636913,0.917813,0.4990841,0.66869783,0.68538225,0.47570148,0.7443197,0.77786875,0.44792607,0.72358227,0.87735033,0.48617733,0.8659783,0.7196616,0.46840376,0.84275097,0.8913099
539,10.78,0.48763362,0.48772222,0.776699,0.5137854,0.48532963,0.6435547,0.5309642,0.5447813,0.856421,0.48583743,0.5398667,0.8795338,0.52225083,0.64606315,0.89352775,0.4811341,0.62512535,0.7584356,0.485362,0.70011324,0.50281477,0.47806168,0.6945005,0.58899975,0.53047967,0.6765981,0.87657505,0.49824175,0.6691951,0.72887594,0.47516817,0.7434635,0.7496188,0.44774503,0.7242999,0.9158212,0.48617375,0.8686709,0.74354154,0.46836478,0.84086066,0.919317
540,10.8,0.48839375,0.48702487,0.6714793,0.5156623,0.48480433,0.7048319,0.53140837,0.5427903,0.8029119,0.4863207,0.5400558,0.81829816,0.52136326,0.64597446,0.76582956,0.48155823,0.62454915,0.872598,0.48477623,0.700156,0.56826484,0.4771485,0.69458836,0.65391797,0.5316437,0.6772047,0.8712707,0.4987623,0.6696611,0.7287563,0.4753606,0.74572885,0.7731418,0.44790587,0.72353387,0.8955801,0.48700503,0.86998343,0.79800755,0.4690141,0.84257257,0.9186356
541,10.82,0.48771852,0.4874047,0.7329022,0.5154124,0.48495042,0.5018939,0.53159547,0.5444015,0.89699703,0.48622352,0.5407065,0.75489074,0.5221212,0.646003,0.8952032,0.4818067,0.6238531,0.86615497,0.48423037,0.7001477,0.5873217,0.47714856,0.6932865,0.5393821,0.5311144,0.6776259,0.89200073,0.49804124,0.66957617,0.7095497,0.4757164,0.74473804,0.82347494,0.4476255,0.72341824,0.89822865,0.4866711,0.86769205,0.8407139,0.46849048,0.84076977,0.9117226
542,10.84,0.4890447,0.48587742,0.54973894,0.5157565,0.48466706,0.41757753,0.53075826,0.5455056,0.82673997,0.48707643,0.5413077,0.7842372,0.52116996,0.6464212,0.72819996,0.48196298,0.62402916,0.84607434,0.4850442,0.7003947,0.53836745,0.4770214,0.69348425,0.58849454,0.5314888,0.67799115,0.87673736,0.49842724,0.6702113,0.7092011,0.47598895,0.746338,0.81113905,0.44778693,0.7229008,0.88855714,0.4871158,0.8702578,0.8303747,0.46883962,0.84192926,0.90979815
543,10.86,0.48866457,0.48572427,0.4241172,0.5149445,0.48505214,0.451357,0.53080016,0.547046,0.78689283,0.48745117,0.54117745,0.74931073,0.52113885,0.6467169,0.6208893,0.48226985,0.62391174,0.8369532,0.48389906,0.7006798,0.5697255,0.4775035,0.69309515,0.68973273,0.53025514,0.67845255,0.8636731,0.49787512,0.67028606,0.6894275,0.47590083,0.7452,0.8128577,0.44772583,0.7229366,0.8760436,0.48697105,0.8685296,0.8233543,0.46846956,0.8419297,0.9094831
544,10.88,0.48837858,0.48742372,0.74446034,0.5155095,0.48462564,0.6081079,0.53177756,0.5420001,0.8573564,0.4866344,0.5392367,0.8242787,0.52132404,0.64612734,0.78863287,0.4818143,0.6236474,0.8861899,0.48437312,0.70130014,0.5524349,0.47677216,0.6949664,0.6334923,0.53275084,0.6768882,0.83682436,0.49961534,0.66991806,0.70780975,0.4757861,0.74552643,0.7722052,0.44763464,0.72313684,0.9079537,0.48715764,0.86637336,0.70764905,0.46846658,0.84274995,0.8989718
545,10.9,0.4879684,0.48793766,0.7832208,0.5142262,0.4853003,0.7423168,0.53108394,0.543381,0.8826316,0.4857404,0.53913087,0.89302677,0.5218431,0.64451504,0.8979493,0.48152402,0.62316114,0.70403385,0.48414388,0.7001525,0.5895329,0.47714373,0.6931255,0.68164563,0.5324122,0.67657524,0.87179714,0.49975517,0.6692802,0.7019969,0.47556323,0.7450135,0.7664201,0.44783387,0.7230719,0.8926364,0.48712686,0.86601394,0.9289804,0.4687911,0.8425437,0.8997175
546,10.92,0.487919,0.48784706,0.7864784,0.5141664,0.485165,0.7421029,0.53113973,0.5434805,0.8960136,0.48588613,0.53895044,0.8980336,0.5219766,0.6446408,0.9087434,0.4816701,0.623906,0.7635488,0.48421204,0.70030326,0.60549015,0.4776341,0.6941445,0.56447655,0.53207684,0.6767135,0.888638,0.49924657,0.6696162,0.73591053,0.47545055,0.7443803,0.7785056,0.4476892,0.7233695,0.90562457,0.48744926,0.8650596,0.9316188,0.46841723,0.8411214,0.91445
547,10.94,0.48818046,0.4872282,0.66654295,0.51394486,0.48546684,0.6898714,0.5299362,0.5444534,0.6761394,0.4871162,0.5403807,0.75259775,0.52220434,0.64583975,0.8911486,0.48187214,0.62366474,0.6882939,0.48385322,0.7006563,0.5873161,0.47665697,0.6931573,0.7072923,0.5307124,0.6786397,0.8875388,0.49838844,0.67093515,0.74324745,0.47696182,0.7438144,0.66928166,0.44778383,0.7231245,0.8887799,0.48686388,0.8667145,0.8193115,0.4689937,0.84280246,0.912983
548,10.96,0.48884314,0.48583138,0.6333231,0.5156107,0.48411515,0.45247814,0.531248,0.54503286,0.8546793,0.48721263,0.5410543,0.84390897,0.521226,0.64573807,0.68202525,0.48235878,0.62360036,0.8268893,0.4848601,0.7011445,0.5520518,0.47739297,0.69377553,0.6140473,0.53140634,0.6781796,0.84954214,0.4983364,0.66963977,0.6735857,0.47582623,0.7453877,0.77193683,0.44748238,0.72338104,0.8671409,0.4855396,0.8664089,0.7290001,0.46864408,0.8435979,0.8959605
549,10.98,0.48850745,0.48558983,0.4377343,0.51491123,0.48481056,0.47013876,0.53082836,0.5453355,0.85655814,0.4876092,0.54097444,0.7991665,0.5210399,0.64644414,0.6310524,0.48255685,0.62328374,0.84629947,0.4850262,0.70016015,0.5107439,0.4776332,0.69238484,0.7317709,0.5309992,0.67777485,0.8737952,0.49803156,0.66971153,0.69651145,0.47601613,0.7453953,0.81459445,0.4472351,0.7227353,0.8963377,0.48651388,0.8671901,0.8407662,0.46840188,0.8417249,0.9328967
550,11.0,0.48799556,0.4866077,0.6272291,0.51560014,0.48479146,0.6220948,0.5318162,0.54102844,0.8457826,0.48646015,0.53877723,0.8271044,0.5204853,0.64619786,0.75586224,0.4826407,0.6228732,0.87141955,0.4853091,0.699888,0.56048447,0.47740015,0.69322443,0.6217562,0.5334142,0.6770938,0.92848974,0.4999654,0.6694998,0.69941574,0.47552127,0.7458795,0.8224783,0.4475846,0.7223169,0.90141183,0.4866471,0.8694303,0.8481912,0.46903858,0.84318596,0.9196219
551,11.02,0.48799953,0.48734063,0.7717642,0.5142719,0.484624,0.83526886,0.5304057,0.54158616,0.8658265,0.4859908,0.5382713,0.8873216,0.520681,0.64394325,0.8841256,0.4819575,0.62345415,0.768524,0.48443204,0.69992536,0.5756457,0.47680748,0.69314945,0.6781505,0.5334343,0.6774779,0.8901358,0.5006557,0.67043775,0.7207429,0.4755318,0.74377793,0.7440106,0.447811,0.723093,0.89324963,0.48670647,0.867847,0.9223731,0.46872145,0.8423709,0.9122977
552,11.04,0.48852447,0.48704553,0.74254566,0.5146754,0.4847038,0.85076594,0.53006893,0.5424319,0.76893675,0.48616937,0.53914833,0.90130264,0.5203089,0.64458734,0.87327176,0.48225385,0.6236282,0.7456528,0.48500118,0.6995611,0.5606421,0.47710928,0.6913548,0.63209516,0.53258246,0.67825264,0.8694654,0.500487,0.6719582,0.71174085,0.47579753,0.7433752,0.7453393,0.44781888,0.7224817,0.8701093,0.48611766,0.86757857,0.9210995,0.467919,0.8427916,0.8867602
553,11.06,0.4880944,0.4864946,0.7631356,0.51411647,0.4839647,0.73958945,0.52954966,0.54487824,0.5053049,0.4872753,0.5409028,0.69576705,0.520868,0.6447923,0.8186666,0.4834584,0.62460124,0.81596476,0.48568466,0.7002005,0.5370157,0.47653195,0.6949399,0.76021445,0.530995,0.6796692,0.80823445,0.5001778,0.6720701,0.60472864,0.47625685,0.74351114,0.6763707,0.44805875,0.72378206,0.7860922,0.4867317,0.8701972,0.8786666,0.46829292,0.8452872,0.8324954
554,11.08,0.48792368,0.48625082,0.5821284,0.5135473,0.48424283,0.421614,0.5303357,0.5445394,0.8014807,0.4875826,0.54046357,0.73792803,0.5213649,0.6452589,0.8807764,0.4830157,0.6247362,0.84514856,0.48545542,0.6974937,0.55915403,0.47749186,0.6926813,0.71812564,0.5307997,0.6803489,0.871537,0.49832642,0.67250204,0.7103378,0.47585118,0.7441594,0.8049075,0.44747588,0.7222918,0.8187913,0.48669657,0.86811626,0.90656984,0.4685423,0.8449393,0.8795241
555,11.1,0.48856696,0.48491594,0.59464705,0.5155182,0.48389813,0.4188317,0.5305785,0.5461146,0.79880744,0.48761293,0.54120934,0.83521724,0.5212112,0.64540154,0.79083145,0.48272362,0.6228634,0.61347234,0.48514828,0.6978548,0.57787377,0.47700328,0.6930672,0.7260497,0.52861273,0.6817192,0.8335192,0.49739143,0.6740969,0.67819387,0.4756392,0.7435564,0.7095661,0.44874105,0.7229053,0.84803575,0.48648486,0.8697846,0.90823364,0.4684948,0.84450376,0.71862197
556,11.12,0.48794845,0.4871226,0.80802745,0.51458675,0.48415786,0.7466829,0.53109384,0.541302,0.82168317,0.48635226,0.53905445,0.66966605,0.5200959,0.64661926,0.73744303,0.4822654,0.6214514,0.8511968,0.4850769,0.6971736,0.6170464,0.4772202,0.6897866,0.72885084,0.53224105,0.6779702,0.921136,0.49946886,0.67126304,0.6719718,0.47447678,0.7449818,0.82770216,0.44781533,0.72248894,0.9380906,0.4866177,0.8703987,0.8713918,0.46866816,0.8419581,0.86552733
557,11.14,0.48738447,0.48768005,0.7986798,0.51406455,0.4856915,0.82000077,0.53091806,0.5419647,0.91432184,0.4858293,0.53844357,0.75622296,0.52118874,0.6449755,0.90090966,0.4828272,0.62360954,0.8936687,0.48385876,0.70078003,0.58155835,0.47724703,0.69388187,0.5601402,0.5320583,0.6782058,0.89197475,0.49886876,0.6702433,0.72070014,0.47537145,0.74457705,0.79800546,0.4472753,0.7231299,0.8808397,0.48581037,0.86758345,0.7563477,0.4695689,0.84379303,0.9133716
558,11.16,0.48844367,0.48612568,0.4813846,0.5138179,0.48466322,0.65993875,0.52995473,0.5443529,0.654029,0.48720533,0.54036,0.8090736,0.5213251,0.6453969,0.8884521,0.4827948,0.6233355,0.8353263,0.48570347,0.6968838,0.56667244,0.47738975,0.69265735,0.55803126,0.5307092,0.6797121,0.88189137,0.4979344,0.6715069,0.7383452,0.47534883,0.74478006,0.79351604,0.44723788,0.72383195,0.854236,0.48569822,0.86866885,0.81733626,0.46897188,0.84510714,0.87432647
559,11.18,0.4887398,0.4850483,0.6257576,0.5154819,0.4836188,0.42342734,0.5302823,0.5456518,0.80075675,0.48731866,0.5416027,0.8580791,0.5211426,0.6457082,0.8591776,0.48252258,0.6242309,0.75919247,0.48504347,0.6977381,0.55295193,0.47703144,0.69321585,0.75245196,0.530248,0.679215,0.85604405,0.4980953,0.6707273,0.6477155,0.47596562,0.7430617,0.74813724,0.44804308,0.7235077,0.86407375,0.48525152,0.86841893,0.7578152,0.4694011,0.84377354,0.8947401
