frame,time,nose_x,nose_y,nose_z,nose_visibility,nose_presence,left_shoulder_x,left_shoulder_y,left_shoulder_z,left_shoulder_visibility,left_shoulder_presence,right_shoulder_x,right_shoulder_y,right_shoulder_z,right_shoulder_visibility,right_shoulder_presence,left_elbow_x,left_elbow_y,left_elbow_z,left_elbow_visibility,left_elbow_presence,right_elbow_x,right_elbow_y,right_elbow_z,right_elbow_visibility,right_elbow_presence,left_wrist_x,left_wrist_y,left_wrist_z,left_wrist_visibility,left_wrist_presence,right_wrist_x,right_wrist_y,right_wrist_z,right_wrist_visibility,right_wrist_presence,left_hip_x,left_hip_y,left_hip_z,left_hip_visibility,left_hip_presence,right_hip_x,right_hip_y,right_hip_z,right_hip_visibility,right_hip_presence,left_knee_x,left_knee_y,left_knee_z,left_knee_visibility,left_knee_presence,right_knee_x,right_knee_y,right_knee_z,right_knee_visibility,right_knee_presence,left_ankle_x,left_ankle_y,left_ankle_z,left_ankle_visibility,left_ankle_presence,right_ankle_x,right_ankle_y,right_ankle_z,right_ankle_visibility,right_ankle_presence,nose_interpolated,left_shoulder_interpolated,right_shoulder_interpolated,left_elbow_interpolated,right_elbow_interpolated,left_wrist_interpolated,right_wrist_interpolated,left_hip_interpolated,right_hip_interpolated,left_knee_interpolated,right_knee_interpolated,left_ankle_interpolated,right_ankle_interpolated
378,7.56,0.449027419090271,0.361007422208786,-0.152593582868576,0.999947428703308,0.999967098236084,0.4908708035945892,0.4212814569473266,-0.1602823287248611,0.9999743700027466,0.9999886751174928,0.4552401006221771,0.422113299369812,0.0369671769440174,0.9999186396598816,0.9999359846115112,0.4465470612049103,0.497691810131073,-0.1078453809022903,0.9381759762763976,0.9998157620429992,,,-0.0317862592637538,0.3061830103397369,0.9988850951194764,0.4469561278820038,0.4344812035560608,0.0041175480000674,0.9215524792671204,0.999990463256836,,,-0.2088682055473327,0.4169936776161194,0.9999433755874634,0.4990606606006622,0.5945965051651001,-0.0672676190733909,0.9999665021896362,0.9999957084655762,0.4751990735530853,0.5918083190917969,0.0672418549656868,0.9999716281890868,0.9999970197677612,0.4871535003185272,0.7271403670310974,-0.0081110429018735,0.9828747510910034,0.9999891519546508,0.4679018855094909,0.7212273478507996,0.1394897401332855,0.7105859518051147,0.9999908208847046,0.4863031804561615,0.8611369729042053,0.0849074572324752,0.9948006868362428,0.9999364614486694,0.4667796492576599,0.841413676738739,0.2683373689651489,0.9330663681030272,0.9999710321426392,False,False,False,False,False,False,False,False,False,False,False,False,False
379,7.58,0.4491711556911468,0.3612676858901977,-0.1433151066303253,0.9999276995658876,0.9999150037765504,0.4908715486526489,0.4178344011306762,-0.1523994654417038,0.99997216463089,0.9999860525131226,0.4549511671066284,0.4194287359714508,0.0412858165800571,0.99990975856781,0.9999252557754515,0.4453445971012115,0.4977652132511139,-0.0995573848485946,0.9328016638755798,0.9998239874839784,,,-0.030330091714859,0.2953729331493377,0.9990026354789734,0.4464938938617706,0.4360614717006683,0.0106135969981551,0.9113084673881532,0.999991536140442,,,-0.2058606296777725,0.3960991203784942,0.9999542236328124,0.4985786080360412,0.5938180685043335,-0.0672114714980125,0.9999665021896362,0.9999958276748656,0.4739311635494232,0.5918260216712952,0.0671877190470695,0.9999712109565736,0.9999971389770508,0.4876315891742706,0.7274227142333984,-0.0182610265910625,0.9794997572898864,0.9999878406524658,0.4681174457073211,0.7223876714706421,0.1229229196906089,0.6911227703094482,0.9999905824661256,0.4862934052944183,0.8606318831443787,0.0675182715058326,0.9938146471977234,0.9999324083328248,0.4670688807964325,0.8419089317321777,0.2383579462766647,0.9256121516227722,0.999969720840454,False,False,False,False,False,False,False,False,False,False,False,False,False
380,7.6,0.4493111371994018,0.3610675632953644,-0.1414198279380798,0.9999206066131592,0.9999531507492064,0.4909290075302124,0.4186273217201233,-0.1463097631931305,0.9999701976776124,0.9999866485595704,0.4543600082397461,0.4205805361270904,0.0460404641926288,0.9998990893363952,0.999910831451416,0.4443505704402923,0.4962825775146484,-0.095487579703331,0.9283252358436584,0.9998216032981871,,,-0.0263636596500873,0.286841869354248,0.9988617897033693,0.445957601070404,0.4329814016819,0.0122785456478595,0.9043118357658386,0.999991774559021,,,-0.2055974304676056,0.3768652677536011,0.9999459981918336,0.497598648071289,0.5939315557479858,-0.0671374946832656,0.9999663829803468,0.9999953508377076,0.472963273525238,0.5919027328491211,0.0671130046248436,0.9999704957008362,0.999996542930603,0.4873861074447632,0.7276188731193542,-0.0286362264305353,0.9781354665756226,0.9999898672103882,0.467643529176712,0.7229539155960083,0.1280075758695602,0.677413821220398,0.9999901056289672,0.4863047003746032,0.8605465888977051,0.0500868894159793,0.9934020042419434,0.9999322891235352,0.4672335386276245,0.8421504497528076,0.2479065209627151,0.92100590467453,0.99996817111969,False,False,False,False,False,False,False,False,False,False,False,False,False
381,7.62,0.4493387043476105,0.3627094328403473,-0.1388274580240249,0.9999054074287416,0.9999340772628784,0.4908672869205475,0.4206632375717163,-0.1462629288434982,0.9999666810035706,0.9999822378158568,0.4539339244365692,0.4248909056186676,0.0465099737048149,0.9998840093612672,0.9998898506164552,0.4442314207553863,0.4952491521835327,-0.0960422679781913,0.9200581908226012,0.9998140931129456,,,-0.0262254383414983,0.2751886546611786,0.9987749457359314,0.4451295733451843,0.4349285662174225,0.0141945779323577,0.8913297653198242,0.9999884366989136,,,-0.2050546109676361,0.355905145406723,0.9999376535415648,0.4977269172668457,0.5958356261253357,-0.0670711249113082,0.9999657869338988,0.9999955892562866,0.4727378189563751,0.5939587950706482,0.0670453757047653,0.999969482421875,0.999996781349182,0.4873246252536773,0.7277558445930481,-0.0292551610618829,0.974234104156494,0.999985694885254,0.4669152796268463,0.723626434803009,0.1321371495723724,0.6537476778030396,0.999987006187439,0.4863711595535278,0.8605002164840698,0.058312214910984,0.9920092225074768,0.9999113082885742,0.4672331213951111,0.8423828482627869,0.2531696557998657,0.9122999906539916,0.9999595880508424,False,False,False,False,False,False,False,False,False,False,False,False,False
382,7.64,0.449166476726532,0.3635524809360504,-0.1374168992042541,0.999876081943512,0.9998871088027954,0.4904931485652923,0.4219441413879394,-0.143129676580429,0.9999606609344482,0.9999700784683228,0.4532265365123749,0.422755628824234,0.0487501695752143,0.9998597502708436,0.9998321533203124,0.4427873492240906,0.4963811337947845,-0.0950425937771797,0.9114093780517578,0.9997557997703552,,,-0.0259512085467576,0.2649884819984436,0.9986029267311096,0.4451377093791961,0.4342850744724273,0.0119452336803078,0.8769398927688599,0.9999862909317015,,,-0.2044390738010406,0.3345352709293365,0.9999326467514038,0.4975907206535339,0.5961868166923523,-0.067221350967884,0.999962568283081,0.999990701675415,0.4727797508239746,0.5942632555961609,0.0671913400292396,0.9999656677246094,0.9999933242797852,0.4856882691383362,0.7278319001197815,-0.0368956364691257,0.9697295427322388,0.999979853630066,0.4663664996623993,0.7242280840873718,0.1305331885814666,0.6202595829963684,0.9999802112579346,0.4862865209579468,0.8608344793319702,0.0349784530699253,0.9907404780387878,0.999861478805542,0.4673839509487152,0.8428810238838196,0.2467062920331955,0.8944358229637146,0.9999359846115112,False,False,False,False,False,False,False,False,False,False,False,False,False
383,7.66,0.4487278163433075,0.3655343949794769,-0.1514503955841064,0.999856412410736,0.9999121427536012,0.4898967444896698,0.424860417842865,-0.1550231277942657,0.9999539852142334,0.9999701976776124,0.4526492953300476,0.4247393608093261,0.0401133857667446,0.9998424649238586,0.9998797178268432,0.4421075582504272,0.4985446035861969,-0.1060497239232063,0.8974502086639404,0.999695897102356,,,-0.0379763096570968,0.2520129084587097,0.998687207698822,0.4445427358150482,0.4369099140167236,0.0012714915210381,0.8590372204780579,0.9999839067459106,,,-0.2261116206645965,0.315458208322525,0.9999392032623292,0.4986068606376648,0.5967010259628296,-0.0676154047250747,0.9999595880508424,0.9999923706054688,0.4737347960472107,0.5950168967247009,0.0675758942961692,0.9999627470970154,0.999995231628418,0.4843650162220001,0.7278903722763062,-0.0408176966011524,0.9650083780288696,0.9999768733978271,0.4647835167971524,0.7243900082328103,0.14068204164505,0.5877553820610046,0.9999765157699584,0.4862885475158691,0.8608964085578918,0.0275342352688312,0.989798367023468,0.9998726844787598,0.4675459861755371,0.8426110148429871,0.2652815580368042,0.8830820918083191,0.9999456405639648,False,False,False,False,False,False,False,False,False,False,True,False,False
384,7.68,0.4480374753475189,0.3675607144832611,-0.1530322283506393,0.9998488426208496,0.9999520778656006,0.4893049001693725,0.4271720349788666,-0.1543205231428146,0.99994957447052,0.9999767541885376,0.4520114362239837,0.427569568157196,0.0394691042602062,0.9998347163200378,0.9999250173568726,0.4414204359054565,0.5003569722175598,-0.1065690889954567,0.8794620633125305,0.9997112154960632,,,-0.038286704570055,0.2439052611589431,0.9989873766899108,0.4446320533752441,0.4398208558559418,2.4165730792447e-05,0.8390130400657654,0.9999850988388062,,,-0.225853681564331,0.3047323524951935,0.999969482421875,0.4992844760417938,0.5978009700775146,-0.0676489323377609,0.9999592900276184,0.9999964237213136,0.4743705987930298,0.5961231589317322,0.0676049441099166,0.999962568283081,0.999997854232788,0.4823419749736786,0.7283667325973511,-0.0437017045915126,0.9628179669380188,0.9999890327453612,0.4632005339319056,0.7245519323782488,0.1321561932563781,0.5704606175422668,0.99998939037323,0.4862498342990875,0.8612547516822815,0.0252348463982343,0.9897575974464417,0.9999544620513916,0.4673158824443817,0.8388746380805969,0.2585406303405761,0.8801748156547546,0.9999823570251464,False,False,False,False,False,False,False,False,False,False,True,False,False
385,7.7,0.4472798705101013,0.3705407977104187,-0.1513544917106628,0.9998407959938048,0.999950647354126,0.4889980256557464,0.4294358491897583,-0.1531934738159179,0.9999448657035828,0.9999760389328004,0.4513393938541412,0.4294812381267547,0.0387524142861366,0.9998286366462708,0.9999308586120604,0.4415165781974792,0.502281904220581,-0.1070304736495018,0.8648651838302612,0.9997428059577942,,,-0.0388340912759304,0.2391691654920578,0.9991681575775146,0.4446890950202942,0.4425065815448761,-0.0046180426143109,0.8243129253387451,0.9999874830245972,,,-0.2263146489858627,0.2945319712162018,0.9999637603759766,0.5000216960906982,0.5987522602081299,-0.067593440413475,0.9999597668647766,0.9999970197677612,0.4747005105018616,0.5967024564743042,0.0675498098134994,0.9999631643295288,0.9999983310699464,0.4811364114284515,0.7288297414779663,-0.046020820736885,0.9624712467193604,0.9999922513961792,0.4616175510666587,0.7247138565236871,0.1250641494989395,0.5667160153388977,0.9999916553497314,0.4862248599529266,0.8614835739135742,0.0238497536629438,0.989978015422821,0.9999622106552124,0.4671867191791534,0.8381786942481995,0.2473680824041366,0.8813424110412598,0.9999852180480956,False,False,False,False,False,False,False,False,False,False,True,False,False
386,7.72,0.4464219808578491,0.3723545372486114,-0.1482342332601547,0.9998295903205872,0.9999334812164308,0.4884648323059082,0.43014657497406,-0.1551265865564346,0.9999414682388306,0.999976634979248,0.4511160850524902,0.4310591220855713,0.0358188711106777,0.9998257160186768,0.9999431371688844,0.4404197931289673,0.5047047734260559,-0.1104531064629554,0.8533692955970764,0.9997290968894958,,,-0.0403424873948097,0.2364143878221511,0.9991928935050964,0.4444570541381836,0.4443854689598083,-0.0068560619838535,0.8128513097763062,0.9999874830245972,,,-0.223128005862236,0.2908537983894348,0.9999783039093018,0.5001060366630554,0.5989634990692139,-0.0675732344388961,0.9999586939811708,0.9999948740005492,0.4751795828342438,0.5977858304977417,0.0675316974520683,0.9999625086784364,0.99999737739563,0.480507880449295,0.7296927571296692,-0.0455353707075119,0.9610415101051332,0.9999845027923584,0.4600345682014118,0.7248757806691256,0.1203712671995163,0.5587905049324036,0.99998676776886,0.4862219989299774,0.8619242906570435,0.0253672692924737,0.9898948073387146,0.999935507774353,0.4671674072742462,0.8369327187538147,0.2389924377202987,0.8788182139396667,0.9999754428863524,False,False,False,False,False,False,False,False,False,False,True,False,False
387,7.74,0.445438951253891,0.3754754662513733,-0.1462786048650741,0.999829888343811,0.9999618530273438,0.4885470271110534,0.4334875047206878,-0.1545895636081695,0.999940037727356,0.9999806880950928,0.4503360986709595,0.4350576102733612,0.0358625836670398,0.9998254776000975,0.9999592304229736,0.4397953152656555,0.505036473274231,-0.1095248386263847,0.8489051461219788,0.999807059764862,,,-0.0399276986718177,0.2374959290027618,0.9994391798973083,0.4442604780197143,0.4472494423389435,-0.0056595844216644,0.807830810546875,0.9999903440475464,,,-0.2227177321910858,0.285966008901596,0.9999788999557496,0.5010568499565125,0.5991590619087219,-0.0673378705978393,0.9999591708183287,0.9999964237213136,0.4752238392829895,0.5985639691352844,0.0672962665557861,0.9999631643295288,0.9999983310699464,0.4787382483482361,0.7297270894050598,-0.0550011619925498,0.9618927240371704,0.9999920129776,0.458451585336165,0.7250377048145641,0.0992894992232322,0.5628879070281982,0.9999938011169434,0.4860198199748993,0.8616052269935608,-0.0020761913619935,0.9903544187545776,0.9999735355377196,0.466223657131195,0.8370121121406555,0.1905143111944198,0.8828511238098145,0.999988317489624,False,False,False,False,False,False,False,False,False,False,True,False,False
388,7.76,0.4444768130779266,0.3825138509273529,-0.1509642601013183,0.9998399019241332,0.999985933303833,0.4880785048007965,0.4393704533576965,-0.1560258120298385,0.9999392032623292,0.9999841451644896,0.4497322142124176,0.4403071105480194,0.033353041857481,0.9998332858085632,0.9999839067459106,0.4394626915454864,0.510787308216095,-0.1197774931788444,0.8427764177322388,0.999772012233734,,,-0.046303916722536,0.2454173117876052,0.999658703804016,0.4437162280082702,0.4544404745101928,-0.0257921312004327,0.8041278719902039,0.9999918937683104,,,-0.2318514138460159,0.2927005887031555,0.9999911785125732,0.504120945930481,0.5993874073028564,-0.0674897879362106,0.999958336353302,0.9999945163726808,0.4772887825965881,0.5999690294265747,0.0674465596675872,0.9999635815620422,0.9999982118606568,0.4772883951663971,0.7298024892807007,-0.066619873046875,0.9606309533119202,0.9999858140945436,0.4568686024709181,0.7251996289600026,0.079437106847763,0.5615994334220886,0.9999921321868896,0.4853792488574981,0.8620776534080505,-0.0122543023899197,0.990285575389862,0.9999339580535888,0.4661904275417328,0.8384419083595276,0.1673513203859329,0.8828267455101013,0.999980926513672,False,False,False,False,False,False,False,False,False,False,True,False,False
389,7.78,0.4433097243309021,0.3908830285072326,-0.1495359987020492,0.9998489022254944,0.9999877214431764,0.4874303042888641,0.4479337632656097,-0.1560594886541366,0.9999384880065918,0.999983549118042,0.44932821393013,0.4484842717647552,0.0304930415004491,0.9998390078544616,0.999983549118042,0.4394489228725433,0.5200845003128052,-0.122305080294609,0.8372043371200562,0.9997881054878236,,,-0.0499504916369915,0.2478728592395782,0.9996747970581056,0.4430356621742248,0.4654736816883087,-0.0310071408748626,0.800941526889801,0.9999927282333374,,,-0.2334542423486709,0.2917323112487793,0.9999891519546508,0.5064387917518616,0.5999992489814758,-0.0674266889691352,0.9999566674232484,0.9999929666519164,0.4797049760818481,0.600588321685791,0.067383699119091,0.9999630451202391,0.9999977350234984,0.4765313863754272,0.729839563369751,-0.0754576474428176,0.9590805768966676,0.9999821186065674,0.45528561960567127,0.725361553105441,0.0671922490000724,0.5487704277038574,0.999988317489624,0.4851880669593811,0.8620192408561707,-0.0362378135323524,0.9900883436203004,0.9999147653579712,0.4659938812255859,0.8380759358406067,0.14871546626091,0.8753020167350769,0.9999715089797974,False,False,False,False,False,False,False,False,False,False,True,False,False
390,7.8,0.4421725273132324,0.4007072746753692,-0.1485785990953445,0.9998617172241212,0.9999969005584716,0.4861751496791839,0.4554755389690399,-0.162187397480011,0.999940812587738,0.9999933242797852,0.4497985243797302,0.457588255405426,0.0311106257140636,0.999849021434784,0.9999936819076538,0.4392039179801941,0.5306057929992676,-0.1234867647290229,0.8385558128356934,0.9999158382415771,,,-0.0469170436263084,0.2481859475374221,0.9998258948326112,0.4417705237865448,0.4743134677410126,-0.0240944158285856,0.8022953867912292,0.999996542930603,,,-0.2317263484001159,0.2832631468772888,0.9999892711639404,0.5086284875869751,0.6027608513832092,-0.0675059482455253,0.9999576807022096,0.99999737739563,0.4821637868881225,0.6035900115966797,0.0674690306186676,0.9999644160270692,0.9999991655349731,0.4759638011455536,0.7315717339515686,-0.0723103731870651,0.9596163630485536,0.999991774559021,0.4537026367404244,0.7255234772508795,0.0450887754559516,0.5572118759155273,0.9999947547912598,0.4852388203144073,0.8620162606239319,-0.0211875960230827,0.9900740385055542,0.999942660331726,0.4659546315670013,0.8381122946739197,0.134026750922203,0.8698818683624268,0.9999868869781494,False,False,False,False,False,False,False,False,False,False,True,False,False
391,7.82,0.4412030875682831,0.4100781679153442,-0.1440643370151519,0.9998744130134584,0.9999986886978148,0.4856370091438293,0.4652287662029266,-0.1617191731929779,0.9999437928199768,0.9999948740005492,0.4496016502380371,0.4663041830062866,0.0279257930815219,0.9998607635498048,0.999997615814209,0.439420998096466,0.5422123670578003,-0.1253723055124282,0.8469182848930359,0.9998964071273804,,,-0.0514625683426857,0.2697547376155853,0.9998916387557985,0.4413663744926452,0.4831861853599548,-0.0233601089566946,0.8141772747039795,0.9999977350234984,,,-0.2279932647943496,0.3139328062534332,0.9999984502792358,0.5109469294548035,0.6068056225776672,-0.0674806013703346,0.9999578595161438,0.9999959468841552,0.4845719039440155,0.6079016923904419,0.0674478262662887,0.9999653697013856,0.9999990463256836,0.4761873185634613,0.7316928505897522,-0.0853879898786544,0.9617733359336852,0.9999862909317015,0.4521196538751775,0.7256854013963179,0.0355167053639888,0.5603719353675842,0.9999927282333374,0.4852442741394043,0.8619934320449829,-0.0500118695199489,0.9907481074333192,0.9999432563781738,0.4654560387134552,0.837623655796051,0.1177380457520484,0.8681654930114746,0.999987006187439,False,False,False,False,False,False,False,False,False,False,True,False,False
392,7.84,0.440799206495285,0.4200899302959442,-0.1445240676403045,0.9998850226402284,0.9999971389770508,0.485003650188446,0.4743224084377289,-0.1721836924552917,0.9999452829360962,0.9999933242797852,0.4498845636844635,0.4733647406101227,0.0233880616724491,0.999868869781494,0.9999957084655762,0.4394445419311523,0.5505178570747375,-0.1338869780302047,0.8549781441688538,0.9999181032180786,,,-0.0491187795996665,0.2697793543338775,0.999854326248169,0.4407755434513092,0.492230623960495,-0.0274394042789936,0.8196097016334534,0.9999936819076538,,,-0.2231223136186599,0.3012718260288238,0.9999864101409912,0.5113637447357178,0.6147123575210571,-0.0674641653895378,0.9999603033065796,0.9999982118606568,0.4847592711448669,0.6144129633903503,0.0674358904361724,0.9999675154685974,0.9999995231628418,0.4759731292724609,0.7335081100463867,-0.0855792090296745,0.9651695489883424,0.9999953508377076,0.45053667100993067,0.7258473255417563,0.0340256765484809,0.5916650295257568,0.9999969005584716,0.4850651621818542,0.8625632524490356,-0.041795790195465,0.9915848970413208,0.9999710321426392,0.4654467403888702,0.8379925489425659,0.1171457916498184,0.8771647214889526,0.9999923706054688,False,False,False,False,False,False,False,False,False,False,True,False,False
393,7.86,0.4397655725479126,0.4290112853050232,-0.159682810306549,0.9998949766159058,0.9999982118606568,0.4848500490188598,0.4855106472969055,-0.1792532354593277,0.9999468326568604,0.9999934434890748,0.4500767588615417,0.4806661009788513,0.0102793117985129,0.999878466129303,0.9999974966049194,0.4397023022174835,0.5595176815986633,-0.1437874883413314,0.8625686168670654,0.9998948574066162,,,-0.0666458308696746,0.293112963438034,0.9998855590820312,0.4408509135246277,0.5014159083366394,-0.0420324280858039,0.8293361067771912,0.9999954700469972,,,-0.2375793606042862,0.3242989778518677,0.9999972581863404,0.5126151442527771,0.6237382292747498,-0.0674510300159454,0.9999619722366332,0.9999974966049194,0.4854763150215149,0.6225499510765076,0.0674262568354606,0.9999693036079408,0.9999994039535522,0.4750142395496368,0.7375407218933105,-0.0839972123503685,0.9680346250534058,0.9999934434890748,0.4489536881446838,0.7260092496871948,0.0328410007059574,0.6184309124946594,0.999996781349182,0.4846240878105163,0.8633924722671509,-0.0297020003199577,0.9923151731491088,0.9999731779098512,0.4653295874595642,0.8381405472755432,0.1242826431989669,0.8852161765098572,0.9999934434890748,False,False,False,False,False,False,False,False,False,False,False,False,False
394,7.88,0.4393893778324127,0.4381887316703796,-0.1757880002260208,0.999904453754425,0.999998927116394,0.48484006524086,0.4935745894908905,-0.1884117424488067,0.9999490976333618,0.9999953508377076,0.4498842060565948,0.489533931016922,-0.0005193764227442,0.999888002872467,0.9999984502792358,0.4398301839828491,0.5699833035469055,-0.1528705507516861,0.8729420900344849,0.99989652633667,,,-0.0786731913685798,0.3162606358528137,0.999881625175476,0.4410723745822906,0.5116041898727417,-0.0516523979604244,0.8411403894424438,0.9999957084655762,,,-0.2466045767068863,0.3415261507034302,0.9999972581863404,0.5139274001121521,0.6317688226699829,-0.0675091668963432,0.9999635219573976,0.999996781349182,0.4867398142814636,0.628752589225769,0.0674892365932464,0.9999709129333496,0.9999991655349731,0.4740696251392364,0.7407870292663574,-0.0897452309727668,0.970989227294922,0.9999939203262328,0.4485488533973694,0.7269206643104553,0.0369248166680336,0.6472550630569458,0.9999972581863404,0.4843029975891113,0.8639075756072998,-0.0310053024441003,0.9930313229560852,0.9999737739562988,0.4653267860412597,0.8392437100410461,0.1224760711193084,0.8946133852005005,0.9999921321868896,False,False,False,False,False,False,False,False,False,False,False,False,False
395,7.9,0.4396903812885284,0.4489984214305877,-0.1713408529758453,0.9999127388000488,0.9999990463256836,0.4849412143230438,0.5029688477516174,-0.1837332546710968,0.9999501705169678,0.9999935626983644,0.4499893486499786,0.4966744184494018,0.0029718363657593,0.9998964667320251,0.9999982118606568,0.4399531185626983,0.5776641964912415,-0.1495139598846435,0.8804638385772705,0.9998700618743896,,,-0.0735966116189956,0.3199313580989837,0.9998376369476318,0.4412780106067657,0.5169339179992676,-0.0482342764735221,0.8519519567489624,0.9999960660934448,,,-0.2389654666185379,0.3591847121715545,0.999997854232788,0.5151711106300354,0.6400881409645081,-0.0673278868198394,0.9999624490737916,0.9999939203262328,0.4877381324768066,0.6355214715003967,0.0673095285892486,0.99997079372406,0.9999984502792358,0.4732201695442199,0.7433457970619202,-0.0994394943118095,0.9731682538986206,0.9999860525131226,0.4469747543334961,0.7276002764701843,0.0116230435669422,0.6642425060272217,0.9999936819076538,0.4840937554836273,0.8642795085906982,-0.0460141114890575,0.9936006665229796,0.9999511241912842,0.4653758108615875,0.8406498432159424,0.0886831432580947,0.9002161026000977,0.9999871253967284,False,False,False,False,False,False,False,False,False,False,False,False,False
396,7.92,0.4398360848426819,0.4586568474769592,-0.164913609623909,0.9999199509620668,0.999997854232788,0.4849824607372284,0.5116173624992371,-0.1794416010379791,0.999949872493744,0.9999879598617554,0.4500270485877991,0.5054140090942383,0.0048043122515082,0.9999030232429504,0.9999969005584716,0.440044492483139,0.5871337056159973,-0.1454169899225235,0.8875907063484192,0.9997543692588806,,,-0.0688953325152397,0.3221737742424011,0.9997618794441224,0.4414198100566864,0.5281107425689697,-0.044344775378704,0.8619445562362671,0.9999916553497314,,,-0.2380585223436355,0.374693214893341,0.9999961853027344,0.5161085724830627,0.646587610244751,-0.0667350068688392,0.9999603033065796,0.9999881982803344,0.4887114763259887,0.6428585648536682,0.0667198449373245,0.999969720840454,0.9999969005584716,0.4723224639892578,0.7466968894004822,-0.0973597392439842,0.9754908084869384,0.9999736547470092,0.4462787210941314,0.7282096147537231,0.0250335857272148,0.6822548508644104,0.999984860420227,0.4837889969348907,0.8644858002662659,-0.0456480756402015,0.9941580891609192,0.9999003410339355,0.4652067720890045,0.8400034308433533,0.1080652251839637,0.9057148694992064,0.9999672174453736,False,False,False,False,False,False,False,False,False,False,False,False,False
397,7.94,0.4401610493659973,0.4667985141277313,-0.1498934924602508,0.9999253749847412,0.9999935626983644,0.485110878944397,0.5200784802436829,-0.1730662286281585,0.9999494552612304,0.9999847412109376,0.4501060843467712,0.5133616924285889,0.0079452088102698,0.9999080300331116,0.9999942779541016,0.4401374757289886,0.5955864191055298,-0.1403374373912811,0.8946068286895752,0.999703586101532,,,-0.0653986409306526,0.328807532787323,0.999563992023468,0.4415329992771148,0.5354976058006287,-0.042766448110342,0.8723490238189697,0.999990940093994,,,-0.2207880169153213,0.3971609473228454,0.9999949932098388,0.5171121954917908,0.6550600528717041,-0.0632931590080261,0.99995756149292,0.999980926513672,0.4891583025455475,0.6517764329910278,0.0632821694016456,0.9999679327011108,0.9999938011169434,0.4703486859798431,0.7479848265647888,-0.1038397103548049,0.9776154160499572,0.9999667406082152,0.4440285861492157,0.72821044921875,0.0108708040788769,0.7016168236732483,0.9999774694442748,0.4837108850479126,0.8647280931472778,-0.052590075880289,0.9946507215499878,0.9998719692230223,0.4651714265346527,0.8400840759277344,0.0790747627615928,0.9111461639404296,0.9999445676803588,False,False,False,False,False,False,False,False,False,False,False,False,False
398,7.96,0.4402694702148437,0.4740349352359772,-0.1543628722429275,0.9999306797981262,0.9999943971633912,0.4851720035076141,0.5275833010673523,-0.1718256771564483,0.999949038028717,0.999982476234436,0.4501785933971405,0.5191100239753723,0.000368527485989,0.9999125599861144,0.9999946355819702,0.4401575326919555,0.6025242805480957,-0.1449617892503738,0.9023468494415284,0.9996767044067384,,,-0.0705925598740577,0.3436587452888489,0.9996172189712524,0.4418400228023529,0.5406520366668701,-0.0624946430325508,0.8831017017364502,0.999991536140442,,,-0.2207465022802353,0.4250776469707489,0.9999953508377076,0.5175447463989258,0.6623977422714233,-0.0618297830224037,0.9999544620513916,0.9999775886535645,0.4906013309955597,0.6560987830162048,0.0618205294013023,0.9999659061431884,0.9999929666519164,0.4691092669963836,0.7508826851844788,-0.1030085086822509,0.979590654373169,0.999969244003296,0.4435238838195801,0.7288329005241394,0.0170200988650321,0.7218995094299316,0.9999825954437256,0.4835919737815857,0.8653224110603333,-0.0391742810606956,0.9951090812683104,0.9999113082885742,0.465064138174057,0.841336727142334,0.0905680656433105,0.91702800989151,0.9999618530273438,False,False,False,False,False,False,False,False,False,False,False,False,False
399,7.98,0.4403263330459595,0.4817086160182953,-0.1588552743196487,0.9999327063560486,0.9999892711639404,0.4852567017078399,0.534995973110199,-0.1729344725608825,0.9999449253082277,0.999970316886902,0.4502051770687103,0.526351273059845,-0.0053566005080938,0.9999146461486816,0.9999923706054688,0.4401835203170776,0.609359085559845,-0.158567413687706,0.9089118838310242,0.9995217323303224,,,-0.0762242823839187,0.35258948802948,0.9995076656341552,0.4419697225093841,0.547205924987793,-0.0902339592576026,0.8927043080329895,0.9999862909317015,,,-0.221155360341072,0.4521845877170563,0.9999946355819702,0.5180231332778931,0.6693037152290344,-0.0606952719390392,0.9999490976333618,0.9999716281890868,0.490881472826004,0.660969078540802,0.0606828778982162,0.9999622106552124,0.9999910593032836,0.468390941619873,0.7536904215812683,-0.0947147533297538,0.981255292892456,0.9999533891677856,0.4422816634178161,0.7287415862083435,0.003451321972534,0.7383760809898376,0.999975562095642,0.4834886193275451,0.8659923076629639,-0.0390152186155319,0.9954966902732848,0.99988055229187,0.4650718569755554,0.8415487408638,0.0814180374145507,0.9215004444122314,0.9999563694000244,False,False,False,False,False,False,False,False,False,False,False,False,False
400,8.0,0.4414058029651642,0.4891808927059173,-0.1569806486368179,0.9999249577522278,0.9999650716781616,0.485628068447113,0.5419173240661621,-0.1687745600938797,0.9999375939369202,0.999944806098938,0.4502981603145599,0.5349732041358948,-0.0028588462155312,0.9999139308929444,0.999982476234436,0.4408278167247772,0.6151604652404785,-0.1543911248445511,0.9123715758323668,0.9992602467536926,,,-0.073542833328247,0.3592321574687958,0.9991104006767272,0.4424174427986145,0.5528407692909241,-0.0897022038698196,0.8995657563209534,0.9999778270721436,,,-0.2174320667982101,0.4692733883857727,0.99998939037323,0.5182018876075745,0.6743395924568176,-0.0583366528153419,0.999942421913147,0.9999645948410034,0.4910061955451965,0.6671589016914368,0.0583137944340705,0.9999570846557616,0.999986171722412,0.4683230817317962,0.7537912726402283,-0.1281580477952957,0.9826512932777404,0.9999514818191528,0.4416356980800628,0.7294022440910339,-0.018972123041749,0.7495508790016174,0.999964714050293,0.4831467866897583,0.8659970164299011,-0.0571256354451179,0.995707631111145,0.9998631477355956,0.4654727876186371,0.8417723178863525,0.0588702671229839,0.9223842620849608,0.999925136566162,False,False,False,False,False,False,False,False,False,False,False,False,False
401,8.02,0.4426471590995788,0.4972046315670013,-0.1573641300201416,0.999926745891571,0.9999891519546508,0.4859722852706909,0.5476744174957275,-0.1688459813594818,0.9999361038208008,0.9999760389328004,0.4506121873855591,0.5400570631027222,-0.0043049920350313,0.999916136264801,0.999990463256836,0.4412814974784851,0.6214926242828369,-0.1502400785684585,0.9170827865600586,0.9996649026870728,,,-0.0734212547540664,0.3636552989482879,0.9994223117828368,0.4428930282592773,0.5611221194267273,-0.0755567550659179,0.906782329082489,0.9999881982803344,,,-0.2177499085664749,0.4823654890060425,0.9999914169311525,0.518013596534729,0.680327296257019,-0.0577245876193046,0.9999399781227112,0.9999796152114868,0.4911468625068664,0.6720291972160339,0.0577020198106765,0.9999545812606812,0.999991536140442,0.4684362411499023,0.7548353672027588,-0.1258170753717422,0.9840787649154664,0.9999761581420898,0.4417397081851959,0.7299454212188721,-0.0116736879572272,0.7636762261390686,0.9999818801879884,0.4828638136386871,0.8659664392471313,-0.0532451309263706,0.9959874153137208,0.9999313354492188,0.4655607044696808,0.8420001268386841,0.0701111406087875,0.925773859024048,0.999963402748108,False,False,False,False,False,False,False,False,False,False,False,False,False
402,8.04,0.4433855414390564,0.5012704133987427,-0.1569699347019195,0.9999249577522278,0.9999889135360718,0.4870595037937164,0.5525628328323364,-0.1697230190038681,0.999935507774353,0.999980330467224,0.4511146545410156,0.5449616312980652,-0.0039952574297785,0.999919056892395,0.999991774559021,0.4421741068363189,0.6259201169013977,-0.1480475515127182,0.9207105040550232,0.9997525811195374,,,-0.0733654052019119,0.3677719235420227,0.9995203018188475,0.4439796805381775,0.5660184025764465,-0.0676562339067459,0.9126193523406982,0.9999902248382568,,,-0.2179019749164581,0.491756796836853,0.9999933242797852,0.5179733633995056,0.6852665543556213,-0.0578441806137561,0.9999383091926576,0.9999818801879884,0.4913142621517181,0.6771833300590515,0.0578167103230953,0.9999526143074036,0.9999918937683104,0.4689094126224518,0.7542955279350281,-0.1494762599468231,0.9853644371032716,0.9999841451644896,0.4424107670783996,0.7306752800941467,-0.0167781841009855,0.7731554508209229,0.99998676776886,0.4828706681728363,0.8665335178375244,-0.0730670988559722,0.996205985546112,0.9999451637268066,0.4655451476573944,0.8421088457107544,0.0674000158905983,0.9278345704078674,0.999963641166687,False,False,False,False,False,False,False,False,False,False,False,False,False
403,8.06,0.4444328248500824,0.5048658847808838,-0.1548366844654083,0.9999160170555116,0.9999704360961914,0.4877984821796417,0.5570147633552551,-0.1666496694087982,0.999932050704956,0.9999641180038452,0.4518575072288513,0.5475057363510132,-0.0055656749755144,0.9999185800552368,0.9999840259552002,0.443449854850769,0.6300816535949707,-0.1457435488700866,0.923416793346405,0.9996742010116576,,,-0.0732441768050193,0.3755266964435577,0.9993359446525574,0.445346862077713,0.5701501965522766,-0.0628208070993423,0.916738212108612,0.9999871253967284,,,-0.2177418321371078,0.4898219406604767,0.9999847412109376,0.5180038213729858,0.6884005665779114,-0.0559379048645496,0.9999375939369202,0.9999830722808838,0.4912935793399811,0.6787857413291931,0.0559111386537551,0.9999512434005736,0.9999921321868896,0.4692696630954742,0.754789412021637,-0.1469943970441818,0.9865995049476624,0.9999873638153076,0.4424601793289184,0.7314262986183167,-0.018843226134777,0.7849919199943542,0.9999884366989136,0.4828366935253143,0.866595983505249,-0.0731395110487937,0.9964267015457152,0.9999626874923706,0.4654105603694916,0.8419386744499207,0.066229410469532,0.9300857782363892,0.9999700784683228,False,False,False,False,False,False,False,False,False,False,False,False,False
404,8.08,0.4458315670490265,0.5098533630371094,-0.1550155133008957,0.9999048113822936,0.9999723434448242,0.488594114780426,0.5587558746337891,-0.1666495203971862,0.999926507472992,0.9999562501907348,0.4528717994689941,0.5529694557189941,-0.0057979593984782,0.999916970729828,0.999982476234436,0.4447026252746582,0.6342242956161499,-0.1448093056678772,0.9236312508583068,0.999535322189331,,,-0.0733647719025611,0.3763617873191833,0.9992390871047974,0.4464037716388702,0.5734094977378845,-0.0656336396932601,0.9173175692558287,0.9999792575836182,,,-0.2183782458305359,0.4839946329593658,0.9999854564666748,0.5182049870491028,0.6900051832199097,-0.0560658015310764,0.999935746192932,0.9999825954437256,0.491861343383789,0.6817959547042847,0.0560362190008163,0.9999490976333618,0.9999923706054688,0.4694258272647857,0.7538993954658508,-0.1598515510559082,0.9876749515533448,0.9999874830245972,0.442342072725296,0.7321460247039795,-0.0167734064161777,0.7922831773757935,0.9999881982803344,0.4827216863632202,0.866582989692688,-0.0921700149774551,0.9966230988502502,0.9999619722366332,0.4649885892868042,0.8416942358016968,0.0689510628581047,0.9313024282455444,0.9999713897705078,False,False,False,False,False,False,False,False,False,False,False,False,False
405,8.1,0.4469043016433716,0.5108380317687988,-0.1556659787893295,0.9998998641967772,0.9999778270721436,0.4895117878913879,0.5622128844261169,-0.1659524738788604,0.9999221563339232,0.9999572038650512,0.4538867771625519,0.552848219871521,-0.0083718365058302,0.9999184608459472,0.9999873638153076,0.446701318025589,0.6398434638977051,-0.1444266140460968,0.924066960811615,0.9994733929634094,,,-0.0723335519433021,0.3832858800888061,0.999275267124176,0.4470128715038299,0.5787069201469421,-0.0639830529689788,0.9190938472747804,0.9999799728393556,,,-0.2148048281669616,0.4951585233211517,0.9999903440475464,0.5183224081993103,0.6883256435394287,-0.0549053065478801,0.9999337792396544,0.999980092048645,0.4919261932373047,0.6800157427787781,0.0548766776919364,0.999947726726532,0.9999922513961792,0.4695776700973511,0.7539898753166199,-0.1490057408809662,0.9885739088058472,0.9999816417694092,0.4424933195114136,0.7322198748588562,-0.0267570707947015,0.8035798668861389,0.999988317489624,0.4827321469783783,0.866147518157959,-0.07650176435709,0.996741533279419,0.999954342842102,0.4649548232555389,0.8414311408996582,0.0528644360601902,0.9336971044540404,0.9999721050262452,False,False,False,False,False,False,False,False,False,False,False,False,False
406,8.12,0.4473992586135864,0.5107900500297546,-0.163397341966629,0.9998989105224608,0.9999837875366212,0.4896762669086456,0.5624367594718933,-0.165546104311943,0.9999147653579712,0.9999308586120604,0.4547052085399627,0.5527644753456116,-0.0122068868950009,0.9999202489852904,0.9999866485595704,0.4475116431713104,0.6436795592308044,-0.1443360745906829,0.9247313737869264,0.9990731477737428,,,-0.0784670859575271,0.3889974951744079,0.9991187453269958,0.4471869766712188,0.5817925333976746,-0.0630961135029792,0.9210614562034608,0.9999771118164062,,,-0.2207148820161819,0.5059077143669128,0.9999895095825196,0.5185982584953308,0.6872523427009583,-0.0545460432767868,0.9999274611473083,0.9999680519104004,0.4922970235347748,0.6782016158103943,0.0545157082378864,0.9999437928199768,0.9999896287918092,0.4702454507350921,0.7536054253578186,-0.1525953412055969,0.9892992377281188,0.9999613761901855,0.4427596628665924,0.732850968837738,-0.0266142170876264,0.810653030872345,0.9999759197235109,0.4828061759471893,0.8661309480667114,-0.0848069190979003,0.9968191385269164,0.9999077320098876,0.4655097126960754,0.841290295124054,0.0549154989421367,0.9343293309211732,0.9999531507492064,False,False,False,False,False,False,False,False,False,False,False,False,False
407,8.14,0.4478382170200348,0.5128999948501587,-0.1598906368017196,0.999903440475464,0.9999910593032836,0.4899172782897949,0.5629627108573914,-0.1626455783843994,0.999914288520813,0.9999661445617676,0.4558077752590179,0.5555216670036316,-0.0107964370399713,0.9999234676361084,0.9999899864196776,0.4486346840858459,0.645860493183136,-0.1361830532550811,0.9269171953201294,0.9994394183158876,,,-0.0695675387978553,0.3891189694404602,0.9991024732589722,0.4471403360366821,0.5825701355934143,-0.0499026104807853,0.9248067140579224,0.9999849796295166,,,-0.212139680981636,0.516248345375061,0.9999899864196776,0.5192146897315979,0.6887863874435425,-0.0551836416125297,0.9999236464500428,0.9999673366546632,0.4941393435001373,0.6812064051628113,0.0551532134413719,0.9999406933784484,0.9999871253967284,0.47139373421669,0.753224790096283,-0.1699744164943695,0.9901293516159058,0.9999698400497437,0.4429865479469299,0.7327083349227905,-0.0196420513093471,0.8191739916801453,0.9999746084213256,0.4828281998634338,0.8640395998954773,-0.0961202755570411,0.9969419836997986,0.9998953342437744,0.4655073881149292,0.8409212231636047,0.0636501237750053,0.9360255002975464,0.9999326467514038,False,False,False,False,False,False,False,False,False,False,False,False,False
408,8.16,0.4479273855686188,0.5130544304847717,-0.1619326770305633,0.9999023079872132,0.999985694885254,0.4904645383358001,0.5639861226081848,-0.1628632843494415,0.9999133348464966,0.9999655485153198,0.455730140209198,0.5560699105262756,-0.0099886748939752,0.9999263286590576,0.9999903440475464,0.4497681558132171,0.6464422941207886,-0.132511630654335,0.9271442890167236,0.999450981616974,,,-0.072620041668415,0.3939531743526459,0.9990848302841188,0.4476604461669922,0.5846324563026428,-0.0416666977107524,0.9256902933120728,0.999980330467224,,,-0.2144026458263397,0.5296220183372498,0.9999924898147584,0.5193837881088257,0.6885683536529541,-0.055161066353321,0.9999191761016846,0.9999665021896362,0.493896335363388,0.6813719868659973,0.0551299192011356,0.9999377131462096,0.9999874830245972,0.4721465408802032,0.7529650926589966,-0.1673092544078827,0.9907161593437196,0.9999699592590332,0.4430667161941528,0.7326147556304932,-0.0318028479814529,0.825096845626831,0.9999804496765136,0.4828376770019531,0.8617339134216309,-0.0930719152092933,0.9969321489334106,0.9999032020568848,0.4655089676380157,0.8401413559913635,0.0440725497901439,0.9369073510169984,0.999941110610962,False,False,False,False,False,False,False,False,False,False,False,False,False
409,8.18,0.4481993317604065,0.51302570104599,-0.1634562462568283,0.9999037384986876,0.9999933242797852,0.490669697523117,0.5631058216094971,-0.1630498021841049,0.9999133944511414,0.9999734163284302,0.4558499455451965,0.5555400848388672,-0.0085719833150506,0.9999302625656128,0.9999942779541016,0.4502626061439514,0.6463779807090759,-0.1329810470342636,0.9253435730934144,0.9994766116142272,,,-0.0738237053155899,0.400713711977005,0.9993937015533448,0.448003888130188,0.5852172374725342,-0.0430303551256656,0.9257825613021852,0.9999825954437256,,,-0.2209073603153228,0.5511680245399475,0.999996542930603,0.5194061398506165,0.6879922151565552,-0.0554152019321918,0.9999159574508668,0.999975085258484,0.4937215149402618,0.6800186038017273,0.0553819462656974,0.9999361634254456,0.999991774559021,0.4725790917873382,0.7527910470962524,-0.1706336438655853,0.9912163615226746,0.9999748468399048,0.4432196021080017,0.7323744297027588,-0.0335696302354335,0.8322029113769531,0.999987006187439,0.4827956855297088,0.8602042198181152,-0.0998256430029869,0.9969579577445984,0.999930739402771,0.4654749035835266,0.8394774794578552,0.0379202738404274,0.9389742016792296,0.9999656677246094,False,False,False,False,False,False,False,False,False,False,False,False,False
